style_number,style_name,category,fabric,gsm,color,print,season,brand,supplier,cost,selling_price,image_url
WFX-2501,Essential Plum Shorts,Shorts,Cotton Twill,211,Plum,Solid,AW26,Cotton Culture,Phnom Penh Sewing Ltd,457.54,900.19,https://raw.githubusercontent.com/alexeygrigorev/clothing-dataset/master/images/1b9a7610-e6d9-4bb8-ace9-ed4870ae0d5b.jpg
WFX-2502,Cropped Grey Melange Shirt,Shirt,Chambray,131,Grey Melange,Printed,AW25,Loom & Co,Colombo Apparel Group,440.72,945.12,https://raw.githubusercontent.com/alexeygrigorev/clothing-dataset/master/images/2595e7da-f1a4-443b-b91b-79d3464575c1.jpg
WFX-2503,Slim Fit Grey Melange Jacket,Jacket,Denim 12oz,250,Grey Melange,Solid,AW25,Vastra Studio,Guangzhou Weave Co,1368.59,3751.38,https://raw.githubusercontent.com/alexeygrigorev/clothing-dataset/master/images/0d73e759-eeaa-43ab-98d4-196b6974c41e.jpg
WFX-2504,Cropped Blue Polo,Polo,Cotton/Spandex 95/5,226,Blue,Solid,SS25,Vastra Studio,Phnom Penh Sewing Ltd,426.88,1072.43,https://raw.githubusercontent.com/alexeygrigorev/clothing-dataset/master/images/c8070903-1e2b-4526-b7f3-a683ff7f93ee.jpg
WFX-2505,Cropped Charcoal Jeans,Jeans,Denim 14oz,385,Charcoal,Solid,SS25,UrbanThread,Tirupur Garments Co,681.36,1669.07,https://raw.githubusercontent.com/alexeygrigorev/clothing-dataset/master/images/c9b68fc2-019a-4a4e-9709-97f75099b1e6.jpg
WFX-2506,Boxy Charcoal Jacket,Jacket,Polyester Shell,345,Charcoal,Solid,AW26,Kaia Collective,Colombo Apparel Group,792.33,1279.39,https://raw.githubusercontent.com/alexeygrigorev/clothing-dataset/master/images/df6097a1-e252-4d2d-bf7a-2d208f932273.jpg
WFX-2507,Oversized Brown Dress,Dress,Rayon Challis,106,Brown,Solid,AW26,Kaia Collective,Dhaka Knitwear Ltd,488.86,1287.69,https://raw.githubusercontent.com/alexeygrigorev/clothing-dataset/master/images/230ee7f3-a206-4804-9c23-8b5bda052140.jpg
WFX-2508,Oversized Black Jacket,Jacket,Nylon Taslan,258,Black,Printed,AW25,Loom & Co,Colombo Apparel Group,834.28,1898.33,https://raw.githubusercontent.com/alexeygrigorev/clothing-dataset/master/images/3f3f3c92-5af3-4339-a142-4f9f3e099484.jpg
WFX-2509,Vintage Charcoal Polo,Polo,Polyester Pique,218,Charcoal,Solid,AW26,Kaia Collective,Jakarta Garmindo,487.22,911.5,https://raw.githubusercontent.com/alexeygrigorev/clothing-dataset/master/images/adeda6be-071b-4480-a0f2-022ec31692e1.jpg
WFX-2510,Signature Brown Polo,Polo,Polyester Pique,207,Brown,Solid,SS25,Vastra Studio,Phnom Penh Sewing Ltd,341.61,801.15,https://raw.githubusercontent.com/alexeygrigorev/clothing-dataset/master/images/7af2f4bf-faa9-44a2-a37b-af0638d8bd49.jpg
WFX-2511,Oversized Indigo Skirt,Skirt,Polyester Crepe,224,Indigo,Printed,AW25,UrbanThread,Jakarta Garmindo,328.42,620.0,https://raw.githubusercontent.com/alexeygrigorev/clothing-dataset/master/images/f8b84112-9110-4628-91e8-9d22a13767f3.jpg
WFX-2512,Cropped Grey Melange Hoodie,Hoodie,Cotton/Polyester Fleece 80/20,368,Grey Melange,Printed,SS26,Kaia Collective,Shenzhen Fashion Works,717.22,1398.23,https://raw.githubusercontent.com/alexeygrigorev/clothing-dataset/master/images/9fce2963-b204-4865-be6f-99b512b31d39.jpg
WFX-2513,Relaxed Navy Jacket,Jacket,Polyester Shell,287,Navy,Solid,AW26,Loom & Co,Noida Knits Pvt Ltd,1409.05,3311.37,https://raw.githubusercontent.com/alexeygrigorev/clothing-dataset/master/images/2b070f9a-72c6-4475-a2d6-5d473a896f90.jpg
WFX-2514,Slim Fit Black Skirt,Skirt,Viscose,256,Black,Solid,SS26,NorthPeak,ABC Textiles,392.97,695.83,https://raw.githubusercontent.com/alexeygrigorev/clothing-dataset/master/images/97297d04-884f-451b-b75a-717ce3d1442a.jpg
WFX-2515,Tailored Sky Blue T-Shirt,T-Shirt,100% Cotton,199,Sky Blue,Solid,AW26,Kaia Collective,Colombo Apparel Group,322.17,785.99,https://raw.githubusercontent.com/alexeygrigorev/clothing-dataset/master/images/fb3f29fb-ae30-41a5-84cd-c1e3ccad0307.jpg
WFX-2516,Cropped Grey Melange Shirt,Shirt,Chambray,112,Grey Melange,Printed,SS25,Loom & Co,Phnom Penh Sewing Ltd,655.77,1627.25,https://raw.githubusercontent.com/alexeygrigorev/clothing-dataset/master/images/69185160-8563-4705-a642-d3002714163b.jpg
WFX-2517,Heritage Black Shorts,Shorts,French Terry,267,Black,Solid,SS26,UrbanThread,ABC Textiles,508.16,1171.08,https://raw.githubusercontent.com/alexeygrigorev/clothing-dataset/master/images/3fa06126-a2e6-4d26-bd57-ab102ffeca70.jpg
WFX-2518,Athleisure Beige Skirt,Skirt,Denim 10oz,206,Beige,Solid,AW26,Kaia Collective,Tirupur Garments Co,528.03,1425.3,https://raw.githubusercontent.com/alexeygrigorev/clothing-dataset/master/images/125472d8-0f0a-4d45-b531-fb87a9d9d95e.jpg
WFX-2519,Slim Fit Charcoal Trousers,Trousers,Chino Twill,244,Charcoal,Printed,SS26,Everlane East,Dhaka Knitwear Ltd,583.76,1158.92,https://raw.githubusercontent.com/alexeygrigorev/clothing-dataset/master/images/d372b66f-d6b2-43c6-b33f-095a8fd78595.jpg
WFX-2520,Oversized Grey Melange Jeans,Jeans,Denim 14oz,442,Grey Melange,Solid,SS26,NorthPeak,Istanbul Denim House,988.14,2233.31,https://raw.githubusercontent.com/alexeygrigorev/clothing-dataset/master/images/26ee6859-a0f8-42ce-8604-a263882e6d96.jpg
WFX-2521,Heritage Beige Shorts,Shorts,Cotton Twill,258,Beige,Printed,AW26,Everlane East,ABC Textiles,371.25,823.25,https://raw.githubusercontent.com/alexeygrigorev/clothing-dataset/master/images/4e1b78ba-f25e-49f7-b9f9-03c8cefaea66.jpg
WFX-2522,Boxy Off White Shirt,Shirt,Oxford Cotton,143,Off White,Solid,SS25,Vastra Studio,Noida Knits Pvt Ltd,444.71,1115.21,https://raw.githubusercontent.com/alexeygrigorev/clothing-dataset/master/images/4bc3dd22-6229-4593-b978-747e59e372cf.jpg
WFX-2523,Classic Olive T-Shirt,T-Shirt,Cotton/Polyester 60/40,176,Olive,Solid,AW25,Meridian Apparel,Dhaka Knitwear Ltd,259.53,632.71,https://raw.githubusercontent.com/alexeygrigorev/clothing-dataset/master/images/6cb41939-b79a-4fad-b0e1-d760f1b4bc77.jpg
WFX-2524,Boxy Beige Hoodie,Hoodie,French Terry,281,Beige,Solid,SS25,Meridian Apparel,Dhaka Knitwear Ltd,698.51,1195.75,https://raw.githubusercontent.com/alexeygrigorev/clothing-dataset/master/images/9767d117-3c66-4cac-a778-5ee3038ebfc8.jpg
WFX-2525,Boxy Charcoal Skirt,Skirt,Polyester Crepe,205,Charcoal,Solid,AW25,Kaia Collective,Istanbul Denim House,546.89,1147.7,https://raw.githubusercontent.com/alexeygrigorev/clothing-dataset/master/images/53c395a3-94bf-4ad9-be75-3bb3924c2d76.jpg
WFX-2526,Signature Teal Trousers,Trousers,Poly/Viscose Suiting,218,Teal,Solid,AW25,Loom & Co,Jakarta Garmindo,572.61,1549.62,https://raw.githubusercontent.com/alexeygrigorev/clothing-dataset/master/images/bed78b94-b7d5-4e2a-befb-684dba950ec7.jpg
WFX-2527,Cropped Navy Skirt,Skirt,Denim 10oz,183,Navy,Solid,SS26,Kaia Collective,ABC Textiles,626.99,1385.2,https://raw.githubusercontent.com/alexeygrigorev/clothing-dataset/master/images/6b6416d0-7fae-4858-ba58-f0420302a1b2.jpg
WFX-2528,Vintage Grey Melange Trousers,Trousers,Chino Twill,268,Grey Melange,Solid,AW26,Cotton Culture,Jakarta Garmindo,617.95,1235.24,https://raw.githubusercontent.com/alexeygrigorev/clothing-dataset/master/images/f2d0654b-aae0-4b40-9e32-50e499c48182.jpg
WFX-2529,Classic Black T-Shirt,T-Shirt,Cotton/Polyester 60/40,213,Black,Solid,SS26,Kaia Collective,Karachi Textile Mills,245.74,645.61,https://raw.githubusercontent.com/alexeygrigorev/clothing-dataset/master/images/19088710-43ac-467e-85c9-e1094db4f499.jpg
WFX-2530,Boxy Charcoal Polo,Polo,Cotton/Spandex 95/5,222,Charcoal,Printed,SS25,Meridian Apparel,Tirupur Garments Co,487.72,1161.96,https://raw.githubusercontent.com/alexeygrigorev/clothing-dataset/master/images/45fb7ce0-9203-4f83-9554-49ddb0f15929.jpg
WFX-2531,Classic Charcoal Skirt,Skirt,Cotton Twill,251,Charcoal,Solid,AW25,Everlane East,Istanbul Denim House,595.76,1024.5,https://raw.githubusercontent.com/alexeygrigorev/clothing-dataset/master/images/84e4d60a-a684-4b88-b86e-dfac84cfac92.jpg
WFX-2532,Athleisure Black Trousers,Trousers,Cotton Twill,209,Black,Solid,AW26,Loom & Co,Hanoi Stitch Co,611.27,1688.97,https://raw.githubusercontent.com/alexeygrigorev/clothing-dataset/master/images/c362d096-021d-4948-81ef-c2a971dc0998.jpg
WFX-2533,Tailored Charcoal Jacket,Jacket,Cotton Canvas,301,Charcoal,Solid,SS25,Loom & Co,Istanbul Denim House,1264.12,3368.79,https://raw.githubusercontent.com/alexeygrigorev/clothing-dataset/master/images/c0ded3c7-3305-4f10-a2ce-f365e84fdce8.jpg
WFX-2534,Heritage Charcoal T-Shirt,T-Shirt,Organic Cotton,169,Charcoal,Solid,SS25,Kaia Collective,Dhaka Knitwear Ltd,336.69,714.04,https://raw.githubusercontent.com/alexeygrigorev/clothing-dataset/master/images/43306208-256a-4de5-b517-28f83b30778f.jpg
WFX-2535,Cropped Navy Sweatshirt,Sweatshirt,Cotton Fleece,298,Navy,Solid,SS26,Cotton Culture,ABC Textiles,761.37,1260.21,https://raw.githubusercontent.com/alexeygrigorev/clothing-dataset/master/images/fb18aa4f-0f3c-4e14-bf75-7593b010914f.jpg
WFX-2536,Slim Fit Black Hoodie,Hoodie,Cotton Fleece,311,Black,Solid,AW25,Loom & Co,Tirupur Garments Co,689.02,1570.35,https://raw.githubusercontent.com/alexeygrigorev/clothing-dataset/master/images/2d7142fc-f67a-443c-885a-62b5ebe034f1.jpg
WFX-2537,Relaxed Black Hoodie,Hoodie,French Terry,367,Black,Printed,AW26,NorthPeak,Tirupur Garments Co,558.37,1505.03,https://raw.githubusercontent.com/alexeygrigorev/clothing-dataset/master/images/5f03aa74-bd9c-4d02-a794-1a9b9c01ac9d.jpg
WFX-2538,Heritage Off White T-Shirt,T-Shirt,Organic Cotton,141,Off White,Solid,AW25,Loom & Co,Colombo Apparel Group,374.73,808.78,https://raw.githubusercontent.com/alexeygrigorev/clothing-dataset/master/images/911a104e-2ca1-4983-a732-7cff59fcbec1.jpg
WFX-2539,Cropped Olive Shirt,Shirt,Linen,147,Olive,Solid,AW26,NorthPeak,Guangzhou Weave Co,419.66,1155.93,https://raw.githubusercontent.com/alexeygrigorev/clothing-dataset/master/images/ce8e34bd-d8eb-4d1f-8835-187b2c36ddd1.jpg
WFX-2540,Essential Charcoal Hoodie,Hoodie,Cotton/Polyester Fleece 80/20,389,Charcoal,Printed,SS26,NorthPeak,Phnom Penh Sewing Ltd,667.44,1257.89,https://raw.githubusercontent.com/alexeygrigorev/clothing-dataset/master/images/4bc5985c-fb6e-4ebf-83ad-2bf16f79ece0.jpg
WFX-2541,Classic Charcoal Shirt,Shirt,Cotton/Linen 70/30,127,Charcoal,Printed,AW26,NorthPeak,Guangzhou Weave Co,303.24,799.97,https://raw.githubusercontent.com/alexeygrigorev/clothing-dataset/master/images/ff0535f7-c9f4-47f7-8aae-373aa3e09f04.jpg
WFX-2542,Athleisure Charcoal Trousers,Trousers,Cotton Twill,277,Charcoal,Solid,SS26,Meridian Apparel,Shenzhen Fashion Works,760.87,1417.35,https://raw.githubusercontent.com/alexeygrigorev/clothing-dataset/master/images/9a858530-6e0d-4bf0-8900-42055c64ddaf.jpg
WFX-2543,Essential Black Jeans,Jeans,Stretch Denim 98/2,350,Black,Solid,AW25,Loom & Co,Phnom Penh Sewing Ltd,685.36,1459.12,https://raw.githubusercontent.com/alexeygrigorev/clothing-dataset/master/images/5795a645-45b8-423a-887a-f8af020fa08d.jpg
WFX-2544,Essential Pink Dress,Dress,Cotton Voile,153,Pink,Solid,SS26,Meridian Apparel,Jakarta Garmindo,446.6,785.39,https://raw.githubusercontent.com/alexeygrigorev/clothing-dataset/master/images/968e1bb6-5441-4bb6-b56b-6b066dd2423e.jpg
WFX-2545,Boxy Teal Dress,Dress,Polyester Crepe,137,Teal,Printed,SS25,Meridian Apparel,Dhaka Knitwear Ltd,760.61,1526.13,https://raw.githubusercontent.com/alexeygrigorev/clothing-dataset/master/images/3c4bedd6-1073-4d9d-bb06-031f865f0846.jpg
WFX-2546,Essential Off White Hoodie,Hoodie,French Terry,372,Off White,Solid,SS25,Everlane East,Jakarta Garmindo,753.48,1564.9,https://raw.githubusercontent.com/alexeygrigorev/clothing-dataset/master/images/6edf8ea5-3b1d-4974-b65e-2b1ee2ccd9b1.jpg
WFX-2547,Heritage Off White Shirt,Shirt,Linen,144,Off White,Solid,SS26,Everlane East,Guangzhou Weave Co,349.44,713.66,https://raw.githubusercontent.com/alexeygrigorev/clothing-dataset/master/images/ecf9e2cb-7ad2-4fae-918e-b96a6b208dcf.jpg
WFX-2548,Tailored Black Trousers,Trousers,Chino Twill,213,Black,Solid,SS26,Vastra Studio,Phnom Penh Sewing Ltd,703.68,1524.01,https://raw.githubusercontent.com/alexeygrigorev/clothing-dataset/master/images/9f0338d5-37b9-4837-964d-d68fa08cec3b.jpg
WFX-2549,Classic Black T-Shirt,T-Shirt,Cotton Slub,178,Black,Solid,SS26,Kaia Collective,ABC Textiles,312.31,543.42,https://raw.githubusercontent.com/alexeygrigorev/clothing-dataset/master/images/28709ef4-cebf-40c5-8347-f59932bf9323.jpg
WFX-2550,Essential Navy T-Shirt,T-Shirt,100% Cotton,170,Navy,Printed,AW26,Meridian Apparel,Istanbul Denim House,371.81,655.43,https://raw.githubusercontent.com/alexeygrigorev/clothing-dataset/master/images/7ac0ac0e-6c82-4e13-890e-5186a62b7807.jpg
WFX-2551,Classic Black T-Shirt,T-Shirt,100% Cotton,202,Black,Solid,SS26,Vastra Studio,Colombo Apparel Group,303.91,828.72,https://raw.githubusercontent.com/alexeygrigorev/clothing-dataset/master/images/638f066a-218c-4850-9771-4883a908d6a3.jpg
WFX-2552,Essential Black Jacket,Jacket,Cotton Canvas,280,Black,Solid,SS26,UrbanThread,Noida Knits Pvt Ltd,1469.91,2527.11,https://raw.githubusercontent.com/alexeygrigorev/clothing-dataset/master/images/369fa09e-1fdd-4844-8814-fb1e18ace137.jpg
WFX-2553,Oversized Charcoal Polo,Polo,Cotton/Spandex 95/5,192,Charcoal,Solid,AW25,UrbanThread,Istanbul Denim House,540.46,1480.22,https://raw.githubusercontent.com/alexeygrigorev/clothing-dataset/master/images/7cd60bfb-f76a-4a28-b900-96da6b3c2633.jpg
WFX-2554,Oversized Black Skirt,Skirt,Polyester Crepe,171,Black,Solid,AW25,Vastra Studio,Shenzhen Fashion Works,646.09,1643.89,https://raw.githubusercontent.com/alexeygrigorev/clothing-dataset/master/images/32b99302-cec7-4dec-adfa-3d4029674209.jpg
WFX-2555,Slim Fit Navy Jacket,Jacket,Denim 12oz,257,Navy,Printed,AW25,NorthPeak,Colombo Apparel Group,1409.78,3263.89,https://raw.githubusercontent.com/alexeygrigorev/clothing-dataset/master/images/ed28db5a-db33-4f80-ace3-16f945f7911a.jpg
WFX-2556,Athleisure Red T-Shirt,T-Shirt,100% Cotton,143,Red,Solid,SS26,UrbanThread,Shenzhen Fashion Works,182.95,371.37,https://raw.githubusercontent.com/alexeygrigorev/clothing-dataset/master/images/844083b8-2610-413c-9c41-2bd1440b797e.jpg
WFX-2557,Signature Pink T-Shirt,T-Shirt,Organic Cotton,146,Pink,Solid,SS25,Kaia Collective,Dhaka Knitwear Ltd,181.69,382.49,https://raw.githubusercontent.com/alexeygrigorev/clothing-dataset/master/images/60831e34-cafa-418e-9531-3818ee3db1f7.jpg
WFX-2558,Athleisure Black Dress,Dress,Cotton Voile,165,Black,Solid,SS25,NorthPeak,Shenzhen Fashion Works,676.52,1449.38,https://raw.githubusercontent.com/alexeygrigorev/clothing-dataset/master/images/04f0b07f-4b9f-4c55-bc5d-b693658fb32c.jpg
WFX-2559,Heritage Black Jacket,Jacket,Nylon Taslan,235,Black,Solid,SS25,Kaia Collective,Karachi Textile Mills,1598.73,4183.49,https://raw.githubusercontent.com/alexeygrigorev/clothing-dataset/master/images/172a91db-cadc-4c64-85bb-4ac704ea686d.jpg
WFX-2560,Slim Fit Grey Melange Skirt,Skirt,Cotton Twill,255,Grey Melange,Solid,SS26,Cotton Culture,Dhaka Knitwear Ltd,328.28,764.88,https://raw.githubusercontent.com/alexeygrigorev/clothing-dataset/master/images/284149a9-e71e-4955-8228-7511fa592bc1.jpg
WFX-2561,Oversized Sky Blue Polo,Polo,Polyester Pique,213,Sky Blue,Solid,SS25,Vastra Studio,Karachi Textile Mills,338.47,746.89,https://raw.githubusercontent.com/alexeygrigorev/clothing-dataset/master/images/85287925-224a-4f67-b34d-507b3859f962.jpg
WFX-2562,Vintage Sky Blue Shorts,Shorts,Nylon Ripstop,273,Sky Blue,Solid,AW26,Loom & Co,Istanbul Denim House,318.55,639.24,https://raw.githubusercontent.com/alexeygrigorev/clothing-dataset/master/images/de9cb15f-6aa5-4674-8b59-32370338dcef.jpg
WFX-2563,Heritage Grey Melange Sweatshirt,Sweatshirt,Loopback Cotton,300,Grey Melange,Solid,AW26,Loom & Co,Tirupur Garments Co,666.04,1364.82,https://raw.githubusercontent.com/alexeygrigorev/clothing-dataset/master/images/ae1ade07-d523-480c-8d2b-09c5722f9edf.jpg
WFX-2564,Slim Fit Coral Dress,Dress,Viscose,111,Coral,Printed,SS25,Cotton Culture,Hanoi Stitch Co,587.53,1465.01,https://raw.githubusercontent.com/alexeygrigorev/clothing-dataset/master/images/b8fe46bc-4781-4ab7-9a99-92374566f61c.jpg
WFX-2565,Signature Charcoal Jacket,Jacket,Cotton Canvas,310,Charcoal,Solid,SS25,NorthPeak,Karachi Textile Mills,1486.25,4056.51,https://raw.githubusercontent.com/alexeygrigorev/clothing-dataset/master/images/a8f68926-3732-4af2-a44e-e90da223bdd6.jpg
WFX-2566,Boxy Brown Jacket,Jacket,Denim 12oz,246,Brown,Solid,AW25,Loom & Co,Noida Knits Pvt Ltd,1220.13,2263.69,https://raw.githubusercontent.com/alexeygrigorev/clothing-dataset/master/images/0dcd999b-417d-4c1c-bfd2-26cc425c9267.jpg
WFX-2567,Tailored Grey Melange Jacket,Jacket,Denim 12oz,249,Grey Melange,Solid,SS25,NorthPeak,Karachi Textile Mills,1386.35,3173.24,https://raw.githubusercontent.com/alexeygrigorev/clothing-dataset/master/images/097b9af0-483a-4b41-991c-3468877db077.jpg
WFX-2568,Essential Grey Melange Shirt,Shirt,Oxford Cotton,127,Grey Melange,Solid,SS25,Meridian Apparel,Hanoi Stitch Co,581.08,1145.18,https://raw.githubusercontent.com/alexeygrigorev/clothing-dataset/master/images/c98e8dd6-3fd0-415c-a124-fe6aa1955b74.jpg
WFX-2569,Classic Black Sweatshirt,Sweatshirt,Cotton Fleece,344,Black,Solid,SS25,Vastra Studio,Noida Knits Pvt Ltd,560.31,991.89,https://raw.githubusercontent.com/alexeygrigorev/clothing-dataset/master/images/4abdc9ad-fc79-4ea8-8d09-337a4f50c6e6.jpg
WFX-2570,Essential Charcoal Polo,Polo,Cotton/Spandex 95/5,209,Charcoal,Solid,SS25,UrbanThread,Guangzhou Weave Co,352.27,720.06,https://raw.githubusercontent.com/alexeygrigorev/clothing-dataset/master/images/ee172193-e1fe-445b-a264-176091b3e02a.jpg
WFX-2571,Boxy Sky Blue Shorts,Shorts,Cotton Twill,256,Sky Blue,Solid,AW26,Kaia Collective,Colombo Apparel Group,435.35,1048.65,https://raw.githubusercontent.com/alexeygrigorev/clothing-dataset/master/images/e64eb874-e12f-4802-9a14-4a10271b48fa.jpg
WFX-2572,Vintage Black Jacket,Jacket,Cotton Canvas,289,Black,Printed,SS25,NorthPeak,Hanoi Stitch Co,894.01,1980.07,https://raw.githubusercontent.com/alexeygrigorev/clothing-dataset/master/images/a801e237-8e93-429c-8699-4952420f5415.jpg
WFX-2573,Classic Sky Blue Shirt,Shirt,Chambray,152,Sky Blue,Solid,SS25,Vastra Studio,Phnom Penh Sewing Ltd,423.37,789.43,https://raw.githubusercontent.com/alexeygrigorev/clothing-dataset/master/images/1fd8e843-be30-4d20-a386-909b3f89c075.jpg
WFX-2574,Classic Black Jacket,Jacket,Polyester Shell,255,Black,Printed,AW26,Everlane East,Dhaka Knitwear Ltd,1387.74,2702.4,https://raw.githubusercontent.com/alexeygrigorev/clothing-dataset/master/images/1d419bc1-c0a7-40b3-b0c3-c36bc62a0f47.jpg
WFX-2575,Heritage Grey Melange Sweatshirt,Sweatshirt,French Terry,308,Grey Melange,Solid,SS26,Loom & Co,Jakarta Garmindo,613.03,1150.13,https://raw.githubusercontent.com/alexeygrigorev/clothing-dataset/master/images/a59d261c-fc59-40ed-9c56-9bcf5d99fc9c.jpg
WFX-2576,Essential Black Hoodie,Hoodie,French Terry,285,Black,Solid,AW26,Everlane East,Dhaka Knitwear Ltd,646.3,1390.65,https://raw.githubusercontent.com/alexeygrigorev/clothing-dataset/master/images/ef2b415a-b26c-434f-b014-cd23c5de0fee.jpg
WFX-2577,Slim Fit Grey Melange Trousers,Trousers,Chino Twill,237,Grey Melange,Solid,AW26,Cotton Culture,Hanoi Stitch Co,451.83,734.24,https://raw.githubusercontent.com/alexeygrigorev/clothing-dataset/master/images/bd9d7a70-eaa4-4bc8-ad2c-15da61aae61f.jpg
WFX-2578,Tailored Grey Melange Shorts,Shorts,Nylon Ripstop,268,Grey Melange,Solid,SS25,Everlane East,Karachi Textile Mills,281.76,598.12,https://raw.githubusercontent.com/alexeygrigorev/clothing-dataset/master/images/163d946e-7638-4069-92e0-1b02be330271.jpg
WFX-2579,Tailored Charcoal Trousers,Trousers,Poly/Viscose Suiting,243,Charcoal,Solid,SS25,Vastra Studio,Dhaka Knitwear Ltd,499.71,1266.74,https://raw.githubusercontent.com/alexeygrigorev/clothing-dataset/master/images/046d0a65-f5a6-47f6-afaf-e692bfcfcb00.jpg
WFX-2580,Relaxed Sky Blue Polo,Polo,Cotton/Spandex 95/5,226,Sky Blue,Solid,SS25,Meridian Apparel,Tirupur Garments Co,537.47,1276.24,https://raw.githubusercontent.com/alexeygrigorev/clothing-dataset/master/images/718f71d8-3ff4-462c-8348-e35c5439e9bb.jpg
WFX-2581,Oversized Off White T-Shirt,T-Shirt,Cotton/Polyester 60/40,162,Off White,Solid,AW25,Kaia Collective,Noida Knits Pvt Ltd,300.6,755.18,https://raw.githubusercontent.com/alexeygrigorev/clothing-dataset/master/images/18439dca-829b-4ea3-bb54-8ab017f369f4.jpg
WFX-2582,Heritage Red Hoodie,Hoodie,French Terry,377,Red,Solid,SS26,Cotton Culture,Phnom Penh Sewing Ltd,710.76,1718.16,https://raw.githubusercontent.com/alexeygrigorev/clothing-dataset/master/images/e4c3516f-4480-4e30-919d-dc735243f923.jpg
WFX-2583,Athleisure Maroon T-Shirt,T-Shirt,Cotton Slub,148,Maroon,Solid,SS25,Cotton Culture,Colombo Apparel Group,267.23,630.04,https://raw.githubusercontent.com/alexeygrigorev/clothing-dataset/master/images/972c6621-eb6e-4340-812c-7b89a04a389b.jpg
WFX-2584,Oversized Teal Polo,Polo,Cotton/Spandex 95/5,209,Teal,Solid,SS25,Everlane East,Colombo Apparel Group,385.57,643.23,https://raw.githubusercontent.com/alexeygrigorev/clothing-dataset/master/images/ac99b83d-44de-45ad-9c82-df072f86793d.jpg
WFX-2585,Boxy Indigo Dress,Dress,Linen,170,Indigo,Solid,AW25,Cotton Culture,ABC Textiles,874.83,2175.44,https://raw.githubusercontent.com/alexeygrigorev/clothing-dataset/master/images/41e13fef-86f5-40cb-807f-84adde1ba3d2.jpg
WFX-2586,Signature Navy Polo,Polo,Polyester Pique,189,Navy,Solid,SS25,Meridian Apparel,Hanoi Stitch Co,537.32,1150.2,https://raw.githubusercontent.com/alexeygrigorev/clothing-dataset/master/images/50672a01-02ba-4583-8ce1-dda8b1884820.jpg
WFX-2587,Athleisure Beige Shirt,Shirt,Oxford Cotton,155,Beige,Solid,AW25,Cotton Culture,Jakarta Garmindo,475.1,1010.68,https://raw.githubusercontent.com/alexeygrigorev/clothing-dataset/master/images/dafdefab-16ed-478c-8054-b479e48fe54b.jpg
WFX-2588,Classic Navy T-Shirt,T-Shirt,Organic Cotton,189,Navy,Solid,SS26,Loom & Co,Phnom Penh Sewing Ltd,252.19,505.9,https://raw.githubusercontent.com/alexeygrigorev/clothing-dataset/master/images/e79aa430-3b52-4300-a363-b122402a675b.jpg
WFX-2589,Heritage Mustard T-Shirt,T-Shirt,100% Cotton,211,Mustard,Solid,AW25,Cotton Culture,Guangzhou Weave Co,319.59,620.32,https://raw.githubusercontent.com/alexeygrigorev/clothing-dataset/master/images/224eaa85-6c96-4a3e-8f07-2612e569cb2a.jpg
WFX-2590,Signature Off White Shirt,Shirt,Chambray,152,Off White,Solid,AW26,Meridian Apparel,Noida Knits Pvt Ltd,356.57,720.19,https://raw.githubusercontent.com/alexeygrigorev/clothing-dataset/master/images/b5613279-a7fc-4d80-9d7d-df632d12c452.jpg
WFX-2591,Heritage Black Jacket,Jacket,Denim 12oz,363,Black,Solid,SS25,Everlane East,Tirupur Garments Co,1039.01,2649.47,https://raw.githubusercontent.com/alexeygrigorev/clothing-dataset/master/images/459ec559-7f45-4906-95d7-d449d5eadfdf.jpg
WFX-2592,Boxy Olive Skirt,Skirt,Cotton Twill,186,Olive,Printed,AW25,Vastra Studio,Hanoi Stitch Co,408.1,1118.77,https://raw.githubusercontent.com/alexeygrigorev/clothing-dataset/master/images/7ec3c84f-6c41-40bf-8248-f89846c6be6c.jpg
WFX-2593,Tailored Grey Melange Skirt,Skirt,Viscose,149,Grey Melange,Solid,SS25,Cotton Culture,Jakarta Garmindo,403.53,1027.28,https://raw.githubusercontent.com/alexeygrigorev/clothing-dataset/master/images/e3d30ea5-976b-45a8-a1e4-0fbcc7a045c2.jpg
WFX-2594,Athleisure Black Hoodie,Hoodie,French Terry,328,Black,Solid,AW25,Kaia Collective,Guangzhou Weave Co,519.41,943.78,https://raw.githubusercontent.com/alexeygrigorev/clothing-dataset/master/images/d7f760bd-07f5-419b-a807-ce4d34009206.jpg
WFX-2595,Athleisure Sky Blue Sweatshirt,Sweatshirt,Loopback Cotton,306,Sky Blue,Solid,SS26,Kaia Collective,Istanbul Denim House,670.55,1264.01,https://raw.githubusercontent.com/alexeygrigorev/clothing-dataset/master/images/0142c777-baf8-4500-add9-6641b95b90ec.jpg
WFX-2596,Essential Charcoal Jeans,Jeans,Denim 12oz,419,Charcoal,Solid,AW26,Kaia Collective,Shenzhen Fashion Works,1079.36,2742.92,https://raw.githubusercontent.com/alexeygrigorev/clothing-dataset/master/images/801458be-449f-45eb-9101-62e03a7a77c3.jpg
WFX-2597,Athleisure Off White Polo,Polo,Cotton/Spandex 95/5,212,Off White,Solid,AW25,NorthPeak,Shenzhen Fashion Works,408.24,1126.55,https://raw.githubusercontent.com/alexeygrigorev/clothing-dataset/master/images/db7b1bb1-f405-4c45-978a-958e02664a4d.jpg
WFX-2598,Oversized Charcoal Jeans,Jeans,Denim 14oz,435,Charcoal,Printed,SS26,Loom & Co,Jakarta Garmindo,832.72,1434.87,https://raw.githubusercontent.com/alexeygrigorev/clothing-dataset/master/images/c9a5b637-9b9d-4b0b-94f8-c799020b5a98.jpg
WFX-2599,Oversized Beige Polo,Polo,Cotton/Spandex 95/5,208,Beige,Solid,AW25,Kaia Collective,Karachi Textile Mills,521.59,926.77,https://raw.githubusercontent.com/alexeygrigorev/clothing-dataset/master/images/63a7c9dd-6f90-4e94-b94f-b487b93bb82c.jpg
WFX-2600,Vintage Lavender Polo,Polo,Cotton Pique,206,Lavender,Solid,SS25,Cotton Culture,Shenzhen Fashion Works,265.98,585.8,https://raw.githubusercontent.com/alexeygrigorev/clothing-dataset/master/images/0433a5db-ac05-46a9-8ef0-4424334a6fbf.jpg
WFX-2601,Essential Red T-Shirt,T-Shirt,100% Cotton,180,Red,Solid,AW25,Meridian Apparel,Noida Knits Pvt Ltd,382.71,997.73,https://raw.githubusercontent.com/alexeygrigorev/clothing-dataset/master/images/5ab59471-f2f5-4ff9-a106-3de7044fbfd2.jpg
WFX-2602,Signature Charcoal Hoodie,Hoodie,Cotton/Polyester Fleece 80/20,397,Charcoal,Solid,AW26,Kaia Collective,Tirupur Garments Co,823.39,2005.19,https://raw.githubusercontent.com/alexeygrigorev/clothing-dataset/master/images/29002194-4f1c-4ef8-aac0-3e92d79d5b37.jpg
WFX-2603,Signature Charcoal Hoodie,Hoodie,Cotton Fleece,282,Charcoal,Solid,AW26,Loom & Co,Jakarta Garmindo,565.17,1470.55,https://raw.githubusercontent.com/alexeygrigorev/clothing-dataset/master/images/dbca8733-2f5d-4e72-94c2-376fd6cc3afa.jpg
WFX-2604,Athleisure Grey Melange Jacket,Jacket,Polyester Shell,297,Grey Melange,Solid,AW26,Loom & Co,Noida Knits Pvt Ltd,809.66,1527.12,https://raw.githubusercontent.com/alexeygrigorev/clothing-dataset/master/images/fa9f16fa-8b47-4b83-9567-497888652a64.jpg
WFX-2605,Relaxed Blue Shirt,Shirt,Cotton/Linen 70/30,148,Blue,Solid,AW25,NorthPeak,Phnom Penh Sewing Ltd,514.42,1213.18,https://raw.githubusercontent.com/alexeygrigorev/clothing-dataset/master/images/725b050f-1d89-4411-84b6-bd6d14d1f3d3.jpg
WFX-2606,Heritage Black Sweatshirt,Sweatshirt,French Terry,338,Black,Solid,SS25,Cotton Culture,Tirupur Garments Co,541.13,1236.37,https://raw.githubusercontent.com/alexeygrigorev/clothing-dataset/master/images/14b030c6-7721-42c3-acdf-a4b2f9fad919.jpg
WFX-2607,Essential Teal T-Shirt,T-Shirt,100% Cotton,189,Teal,Solid,SS26,UrbanThread,Karachi Textile Mills,368.33,608.57,https://raw.githubusercontent.com/alexeygrigorev/clothing-dataset/master/images/618e1ed4-f01e-45b5-9a5b-ace8f9744f1e.jpg
WFX-2608,Athleisure Navy Jeans,Jeans,Denim 12oz,428,Navy,Solid,SS26,Meridian Apparel,Dhaka Knitwear Ltd,644.68,1539.83,https://raw.githubusercontent.com/alexeygrigorev/clothing-dataset/master/images/501e6c1c-4bbb-46b7-8d95-edbeb901826d.jpg
WFX-2609,Boxy Blue Dress,Dress,Cotton Voile,169,Blue,Solid,AW26,Meridian Apparel,Noida Knits Pvt Ltd,536.2,1271.52,https://raw.githubusercontent.com/alexeygrigorev/clothing-dataset/master/images/377c407c-b353-45c5-b592-e68bad2d68d2.jpg
WFX-2610,Relaxed Pink Shorts,Shorts,Cotton Twill,251,Pink,Solid,SS25,Vastra Studio,Colombo Apparel Group,482.86,1037.77,https://raw.githubusercontent.com/alexeygrigorev/clothing-dataset/master/images/8562c30c-623c-49b5-8a9b-b7fefae16eda.jpg
WFX-2611,Boxy Charcoal Skirt,Skirt,Polyester Crepe,259,Charcoal,Solid,SS26,UrbanThread,Jakarta Garmindo,408.53,848.87,https://raw.githubusercontent.com/alexeygrigorev/clothing-dataset/master/images/0da586b0-bbfb-44fd-a629-12aee2b1d430.jpg
WFX-2612,Essential Black T-Shirt,T-Shirt,Organic Cotton,185,Black,Solid,SS26,Loom & Co,Noida Knits Pvt Ltd,365.53,605.82,https://raw.githubusercontent.com/alexeygrigorev/clothing-dataset/master/images/45626f38-49a8-4222-8b33-82d0712a6f40.jpg
WFX-2613,Essential Black Trousers,Trousers,Chino Twill,251,Black,Solid,AW25,Kaia Collective,Karachi Textile Mills,734.49,1963.71,https://raw.githubusercontent.com/alexeygrigorev/clothing-dataset/master/images/12f7dcc1-a830-4a57-8d6e-088cb0ae4d08.jpg
WFX-2614,Signature Red Polo,Polo,Cotton/Spandex 95/5,239,Red,Solid,AW26,Loom & Co,Dhaka Knitwear Ltd,489.19,939.28,https://raw.githubusercontent.com/alexeygrigorev/clothing-dataset/master/images/50cf2865-ac06-4116-a30c-3f3b9d7856c1.jpg
WFX-2615,Essential Black Sweatshirt,Sweatshirt,Cotton Fleece,283,Black,Solid,SS26,NorthPeak,Dhaka Knitwear Ltd,618.19,1227.39,https://raw.githubusercontent.com/alexeygrigorev/clothing-dataset/master/images/52dcabd0-e02a-499e-9a2a-6f85dc3aa65c.jpg
WFX-2616,Signature Off White Jacket,Jacket,Cotton Canvas,262,Off White,Solid,SS26,Everlane East,ABC Textiles,1320.79,2670.45,https://raw.githubusercontent.com/alexeygrigorev/clothing-dataset/master/images/64e29a42-7110-4435-9278-e85a4327b1fd.jpg
WFX-2617,Signature Grey Melange Shirt,Shirt,Cotton Poplin,114,Grey Melange,Printed,AW25,UrbanThread,Jakarta Garmindo,568.47,1186.65,https://raw.githubusercontent.com/alexeygrigorev/clothing-dataset/master/images/eaf87a18-8d62-408f-81b9-f22ecf14e34f.jpg
WFX-2618,Relaxed Green Shirt,Shirt,Chambray,153,Green,Solid,SS26,Cotton Culture,Dhaka Knitwear Ltd,612.52,1005.61,https://raw.githubusercontent.com/alexeygrigorev/clothing-dataset/master/images/d8c20701-80af-4d6c-b8fb-9c4535860b4b.jpg
WFX-2619,Essential Grey Melange T-Shirt,T-Shirt,100% Cotton,217,Grey Melange,Solid,AW26,Loom & Co,Hanoi Stitch Co,188.36,403.07,https://raw.githubusercontent.com/alexeygrigorev/clothing-dataset/master/images/17225acd-6301-4ffd-b13c-d703db9db078.jpg
WFX-2620,Oversized Red Sweatshirt,Sweatshirt,Cotton Fleece,306,Red,Solid,SS25,Meridian Apparel,Shenzhen Fashion Works,559.21,1330.63,https://raw.githubusercontent.com/alexeygrigorev/clothing-dataset/master/images/2f891a3a-b53c-4619-92a0-51236080811c.jpg
WFX-2621,Boxy Pink T-Shirt,T-Shirt,Cotton Slub,211,Pink,Solid,AW25,NorthPeak,Guangzhou Weave Co,179.44,453.98,https://raw.githubusercontent.com/alexeygrigorev/clothing-dataset/master/images/5d925e47-bc47-4cce-9096-75af190a3428.jpg
WFX-2622,Signature Black Hoodie,Hoodie,Cotton Fleece,295,Black,Solid,AW26,Loom & Co,Tirupur Garments Co,511.08,863.14,https://raw.githubusercontent.com/alexeygrigorev/clothing-dataset/master/images/b1236b80-4b3d-45e3-8c39-4e5ff1e169e1.jpg
WFX-2623,Cropped Forest Green Sweatshirt,Sweatshirt,Cotton Fleece,304,Forest Green,Solid,AW25,Meridian Apparel,Colombo Apparel Group,683.82,1545.43,https://raw.githubusercontent.com/alexeygrigorev/clothing-dataset/master/images/6072c8c3-88ed-4f70-85df-3d1ffa6b2e83.jpg
WFX-2624,Relaxed Indigo Trousers,Trousers,Poly/Viscose Suiting,228,Indigo,Solid,AW26,UrbanThread,Tirupur Garments Co,454.61,837.02,https://raw.githubusercontent.com/alexeygrigorev/clothing-dataset/master/images/ad22bcd3-abd8-4b31-9605-2cc460b93e4a.jpg
WFX-2625,Slim Fit Grey Melange Sweatshirt,Sweatshirt,Cotton Fleece,333,Grey Melange,Solid,SS25,Loom & Co,Jakarta Garmindo,547.56,1404.16,https://raw.githubusercontent.com/alexeygrigorev/clothing-dataset/master/images/a9a1fcae-51fe-4d0b-a11d-65313f68c473.jpg
WFX-2626,Oversized Charcoal Dress,Dress,Polyester Crepe,161,Charcoal,Solid,AW25,Cotton Culture,Phnom Penh Sewing Ltd,639.13,1612.52,https://raw.githubusercontent.com/alexeygrigorev/clothing-dataset/master/images/e59186b6-abfa-4f6a-9e7b-2c7e2cf3fd22.jpg
WFX-2627,Heritage Black Jeans,Jeans,Denim 14oz,459,Black,Solid,AW25,Meridian Apparel,Jakarta Garmindo,908.07,1828.32,https://raw.githubusercontent.com/alexeygrigorev/clothing-dataset/master/images/cfc50433-e50a-442b-b7e0-273e17a4edad.jpg
WFX-2628,Tailored Off White Trousers,Trousers,Chino Twill,264,Off White,Solid,AW25,NorthPeak,Dhaka Knitwear Ltd,809.82,1349.56,https://raw.githubusercontent.com/alexeygrigorev/clothing-dataset/master/images/735b2cb6-8cd8-4103-8e8e-85888a6acb71.jpg
WFX-2629,Cropped Red Sweatshirt,Sweatshirt,French Terry,301,Red,Solid,SS25,NorthPeak,Jakarta Garmindo,773.9,1447.63,https://raw.githubusercontent.com/alexeygrigorev/clothing-dataset/master/images/91c4b8c1-fd2f-47ea-b496-8191d36a2e3b.jpg
WFX-2630,Tailored Orange T-Shirt,T-Shirt,Organic Cotton,156,Orange,Solid,AW25,Meridian Apparel,Dhaka Knitwear Ltd,306.26,715.83,https://raw.githubusercontent.com/alexeygrigorev/clothing-dataset/master/images/c67fe1be-51c6-44d6-afed-42d411f75427.jpg
WFX-2631,Oversized Grey Melange Jeans,Jeans,Stretch Denim 98/2,426,Grey Melange,Solid,SS25,NorthPeak,ABC Textiles,1005.52,2288.91,https://raw.githubusercontent.com/alexeygrigorev/clothing-dataset/master/images/cc0d271d-0cc4-4673-b3a2-6c5506f8a4dd.jpg
WFX-2632,Tailored Navy Hoodie,Hoodie,French Terry,333,Navy,Solid,SS26,NorthPeak,Noida Knits Pvt Ltd,728.15,1191.5,https://raw.githubusercontent.com/alexeygrigorev/clothing-dataset/master/images/8b2f6c39-2726-478e-a489-cb02a7bd1b7f.jpg
WFX-2633,Oversized Grey Melange Skirt,Skirt,Viscose,243,Grey Melange,Printed,SS25,Meridian Apparel,Istanbul Denim House,582.57,1216.0,https://raw.githubusercontent.com/alexeygrigorev/clothing-dataset/master/images/f1ff2780-2ab1-401f-8089-089b5dfa1cf2.jpg
WFX-2634,Signature Charcoal Jeans,Jeans,Denim 14oz,458,Charcoal,Solid,SS26,Cotton Culture,Hanoi Stitch Co,622.41,1448.97,https://raw.githubusercontent.com/alexeygrigorev/clothing-dataset/master/images/af130668-3a3c-4dbb-b7f3-8456ec286a68.jpg
WFX-2635,Relaxed Charcoal Hoodie,Hoodie,Cotton Fleece,377,Charcoal,Solid,AW26,Loom & Co,Hanoi Stitch Co,616.74,1402.46,https://raw.githubusercontent.com/alexeygrigorev/clothing-dataset/master/images/5e0c1b76-5405-4192-9dd0-3b3fd46060a9.jpg
WFX-2636,Athleisure Teal Polo,Polo,Cotton/Spandex 95/5,195,Teal,Solid,AW26,Vastra Studio,Karachi Textile Mills,292.26,485.36,https://raw.githubusercontent.com/alexeygrigorev/clothing-dataset/master/images/509dd80f-1a59-450d-acde-81e57780859e.jpg
WFX-2637,Boxy Charcoal Shirt,Shirt,Linen,146,Charcoal,Printed,AW26,Kaia Collective,Tirupur Garments Co,588.45,1075.57,https://raw.githubusercontent.com/alexeygrigorev/clothing-dataset/master/images/52242d70-6914-4819-94cd-844e380ffbcb.jpg
WFX-2638,Relaxed Grey Melange Sweatshirt,Sweatshirt,Loopback Cotton,262,Grey Melange,Solid,AW25,Cotton Culture,Istanbul Denim House,436.02,903.39,https://raw.githubusercontent.com/alexeygrigorev/clothing-dataset/master/images/bc96eb47-531d-410f-bcae-dab5ec60db66.jpg
WFX-2639,Heritage Beige Shirt,Shirt,Cotton Poplin,128,Beige,Solid,AW26,NorthPeak,Noida Knits Pvt Ltd,497.96,1323.98,https://raw.githubusercontent.com/alexeygrigorev/clothing-dataset/master/images/2519bdf8-67c2-46d2-9a6d-4d078e0a4de9.jpg
WFX-2640,Vintage Blush Pink Hoodie,Hoodie,Cotton Fleece,335,Blush Pink,Solid,SS26,UrbanThread,Hanoi Stitch Co,510.27,978.38,https://raw.githubusercontent.com/alexeygrigorev/clothing-dataset/master/images/82dee9a8-a859-45b4-8214-16e10b615b17.jpg
WFX-2641,Tailored Sky Blue Jeans,Jeans,Stretch Denim 98/2,389,Sky Blue,Solid,AW26,NorthPeak,Karachi Textile Mills,717.51,1396.51,https://raw.githubusercontent.com/alexeygrigorev/clothing-dataset/master/images/1faab1ac-d8d4-4711-adbb-7812d7513d41.jpg
WFX-2642,Tailored Beige Hoodie,Hoodie,Cotton Fleece,292,Beige,Solid,SS26,Meridian Apparel,Hanoi Stitch Co,627.26,1601.94,https://raw.githubusercontent.com/alexeygrigorev/clothing-dataset/master/images/8a21d557-1c9d-4769-af62-e8cf24dbdf0e.jpg
WFX-2643,Slim Fit Charcoal Dress,Dress,Linen,165,Charcoal,Solid,SS26,Kaia Collective,ABC Textiles,570.76,940.79,https://raw.githubusercontent.com/alexeygrigorev/clothing-dataset/master/images/4b8e5d41-3e12-4d2b-8634-e62e71d613ff.jpg
WFX-2644,Essential Forest Green Hoodie,Hoodie,Cotton Fleece,357,Forest Green,Printed,AW25,Everlane East,Phnom Penh Sewing Ltd,851.91,1505.95,https://raw.githubusercontent.com/alexeygrigorev/clothing-dataset/master/images/69e7ec12-a8b6-4571-8d9f-f46bd017495d.jpg
WFX-2645,Signature Brown Sweatshirt,Sweatshirt,Cotton Fleece,303,Brown,Solid,SS26,Kaia Collective,Istanbul Denim House,602.93,1333.47,https://raw.githubusercontent.com/alexeygrigorev/clothing-dataset/master/images/d5c7bcbc-a40b-4eb4-9c9d-e2e384a12f0d.jpg
WFX-2646,Cropped Plum Dress,Dress,Cotton Voile,142,Plum,Printed,SS25,Kaia Collective,Phnom Penh Sewing Ltd,720.59,2000.27,https://raw.githubusercontent.com/alexeygrigorev/clothing-dataset/master/images/d1369205-6113-4de7-bcad-c40a2b776037.jpg
WFX-2647,Signature Brown Polo,Polo,Polyester Pique,230,Brown,Solid,SS25,Kaia Collective,Shenzhen Fashion Works,541.62,1242.57,https://raw.githubusercontent.com/alexeygrigorev/clothing-dataset/master/images/54730d1c-2c4d-4f00-9424-944113ccddf7.jpg
WFX-2648,Signature Grey Melange Jacket,Jacket,Cotton Canvas,257,Grey Melange,Printed,SS25,Vastra Studio,Phnom Penh Sewing Ltd,1439.5,2721.57,https://raw.githubusercontent.com/alexeygrigorev/clothing-dataset/master/images/78ca5eae-827e-4966-9fee-420e85cf95e2.jpg
WFX-2649,Vintage Grey Melange Sweatshirt,Sweatshirt,Loopback Cotton,300,Grey Melange,Printed,AW26,UrbanThread,Shenzhen Fashion Works,567.51,1189.25,https://raw.githubusercontent.com/alexeygrigorev/clothing-dataset/master/images/c60db3f4-cb91-4d84-831a-561f53976135.jpg
WFX-2650,Tailored Plum Hoodie,Hoodie,French Terry,306,Plum,Solid,AW26,Cotton Culture,Istanbul Denim House,702.4,1965.14,https://raw.githubusercontent.com/alexeygrigorev/clothing-dataset/master/images/fd576f74-65ea-4c1f-95dc-1b541a9b7988.jpg
WFX-2651,Signature Grey Melange Skirt,Skirt,Denim 10oz,256,Grey Melange,Solid,SS26,Kaia Collective,Noida Knits Pvt Ltd,486.59,1097.52,https://raw.githubusercontent.com/alexeygrigorev/clothing-dataset/master/images/910268c2-a132-4d25-80b1-59812c52e65c.jpg
WFX-2652,Cropped Black Sweatshirt,Sweatshirt,French Terry,295,Black,Solid,AW25,Kaia Collective,Colombo Apparel Group,623.23,1165.34,https://raw.githubusercontent.com/alexeygrigorev/clothing-dataset/master/images/7253c29e-932d-4669-b834-e3070730f788.jpg
WFX-2653,Cropped Grey Melange Polo,Polo,Cotton/Spandex 95/5,202,Grey Melange,Solid,SS26,Loom & Co,Guangzhou Weave Co,418.15,1137.95,https://raw.githubusercontent.com/alexeygrigorev/clothing-dataset/master/images/3d49b769-7585-4033-b853-c16519ceabe4.jpg
WFX-2654,Classic Sky Blue T-Shirt,T-Shirt,Cotton Slub,184,Sky Blue,Solid,SS26,Loom & Co,Colombo Apparel Group,388.65,997.1,https://raw.githubusercontent.com/alexeygrigorev/clothing-dataset/master/images/7cc6005d-6efe-45d6-ace1-01af3470d456.jpg
WFX-2655,Tailored Black Hoodie,Hoodie,Cotton/Polyester Fleece 80/20,363,Black,Printed,SS26,NorthPeak,Shenzhen Fashion Works,565.4,1229.69,https://raw.githubusercontent.com/alexeygrigorev/clothing-dataset/master/images/709126d8-270b-4393-84d3-765a9df3b3b8.jpg
WFX-2656,Heritage Black Skirt,Skirt,Cotton Twill,218,Black,Solid,AW25,Vastra Studio,ABC Textiles,559.31,1055.5,https://raw.githubusercontent.com/alexeygrigorev/clothing-dataset/master/images/29a50158-569c-4597-ab58-184fa0256c51.jpg
WFX-2657,Slim Fit Black Skirt,Skirt,Cotton Twill,192,Black,Solid,SS25,Meridian Apparel,Noida Knits Pvt Ltd,415.6,900.56,https://raw.githubusercontent.com/alexeygrigorev/clothing-dataset/master/images/637a56e4-7fa6-4f75-8859-0f8902461554.jpg
WFX-2658,Essential Grey Melange Sweatshirt,Sweatshirt,Cotton Fleece,320,Grey Melange,Solid,SS26,UrbanThread,Colombo Apparel Group,590.98,1087.02,https://raw.githubusercontent.com/alexeygrigorev/clothing-dataset/master/images/8a3b06d4-6722-490e-85c9-de0eb834883d.jpg
WFX-2659,Slim Fit Brown Shirt,Shirt,Chambray,124,Brown,Solid,AW26,Meridian Apparel,ABC Textiles,514.06,1268.57,https://raw.githubusercontent.com/alexeygrigorev/clothing-dataset/master/images/0976f46d-d278-4f99-9929-418e60d42d3d.jpg
WFX-2660,Classic Grey Melange Sweatshirt,Sweatshirt,Loopback Cotton,360,Grey Melange,Printed,SS25,NorthPeak,Colombo Apparel Group,598.15,1629.32,https://raw.githubusercontent.com/alexeygrigorev/clothing-dataset/master/images/21b775d5-45f8-4258-8b77-1cc6757c2a82.jpg
WFX-2661,Boxy Grey Melange Shirt,Shirt,Linen,128,Grey Melange,Solid,AW25,Kaia Collective,Jakarta Garmindo,481.74,1141.52,https://raw.githubusercontent.com/alexeygrigorev/clothing-dataset/master/images/7248be0f-4c8d-4aa9-a276-419fe8043142.jpg
WFX-2662,Heritage Off White Hoodie,Hoodie,Cotton Fleece,383,Off White,Solid,SS26,Meridian Apparel,Istanbul Denim House,500.69,898.74,https://raw.githubusercontent.com/alexeygrigorev/clothing-dataset/master/images/58a89ae2-5ea0-4c00-96c7-2476e7d9b3f2.jpg
WFX-2663,Slim Fit Charcoal Polo,Polo,Polyester Pique,201,Charcoal,Printed,AW26,Everlane East,Shenzhen Fashion Works,487.23,1111.54,https://raw.githubusercontent.com/alexeygrigorev/clothing-dataset/master/images/f2368692-5695-415e-aa9c-e3d510fdd5aa.jpg
WFX-2664,Boxy Grey Melange T-Shirt,T-Shirt,100% Cotton,191,Grey Melange,Solid,SS26,Vastra Studio,Tirupur Garments Co,317.31,578.06,https://raw.githubusercontent.com/alexeygrigorev/clothing-dataset/master/images/b2e084c7-e3a0-4182-8671-b908544a7cf2.jpg
WFX-2665,Cropped Charcoal Jacket,Jacket,Denim 12oz,318,Charcoal,Solid,SS25,NorthPeak,Hanoi Stitch Co,911.97,2284.04,https://raw.githubusercontent.com/alexeygrigorev/clothing-dataset/master/images/0ad8629f-2e9f-4591-a661-7489d6d49737.jpg
WFX-2666,Vintage Brown Jacket,Jacket,Polyester Shell,235,Brown,Solid,SS26,Loom & Co,Tirupur Garments Co,1301.01,2808.2,https://raw.githubusercontent.com/alexeygrigorev/clothing-dataset/master/images/7f6e85a8-8bc0-4b9f-b3de-23b45c0833d8.jpg
WFX-2667,Slim Fit Grey Melange Shorts,Shorts,Nylon Ripstop,238,Grey Melange,Solid,AW26,Cotton Culture,Istanbul Denim House,316.25,869.32,https://raw.githubusercontent.com/alexeygrigorev/clothing-dataset/master/images/b6fed6f7-dcb2-4263-9c85-e45f85b06c76.jpg
WFX-2668,Relaxed Blush Pink Dress,Dress,Linen,160,Blush Pink,Solid,SS25,Kaia Collective,Shenzhen Fashion Works,766.54,1964.18,https://raw.githubusercontent.com/alexeygrigorev/clothing-dataset/master/images/72512c3a-98b8-46e9-bdd6-60ef4261f325.jpg
WFX-2669,Relaxed Sky Blue Shirt,Shirt,Cotton Poplin,146,Sky Blue,Solid,AW25,Meridian Apparel,Jakarta Garmindo,344.88,894.8,https://raw.githubusercontent.com/alexeygrigorev/clothing-dataset/master/images/567f4a4e-4e47-4b27-902c-46d0c59df3aa.jpg
WFX-2670,Boxy Charcoal Sweatshirt,Sweatshirt,Cotton Fleece,316,Charcoal,Solid,SS25,Kaia Collective,Phnom Penh Sewing Ltd,446.5,824.45,https://raw.githubusercontent.com/alexeygrigorev/clothing-dataset/master/images/d3798a33-8735-4284-b83e-bd7ce6a65319.jpg
WFX-2671,Tailored Beige Sweatshirt,Sweatshirt,Loopback Cotton,276,Beige,Solid,AW26,NorthPeak,ABC Textiles,605.3,1300.28,https://raw.githubusercontent.com/alexeygrigorev/clothing-dataset/master/images/09c08576-09d6-4878-a6f5-3087ccc57a9e.jpg
WFX-2672,Oversized Sky Blue Jacket,Jacket,Cotton Canvas,285,Sky Blue,Solid,SS25,Everlane East,Phnom Penh Sewing Ltd,1434.81,3579.8,https://raw.githubusercontent.com/alexeygrigorev/clothing-dataset/master/images/3395d7f5-fe79-448e-abec-fb6879feeddf.jpg
WFX-2673,Boxy Indigo Dress,Dress,Viscose,169,Indigo,Solid,SS25,NorthPeak,Dhaka Knitwear Ltd,896.77,2440.56,https://raw.githubusercontent.com/alexeygrigorev/clothing-dataset/master/images/46ad36ad-8234-4fa1-a88b-e76256413c17.jpg
WFX-2674,Vintage Charcoal Jacket,Jacket,Polyester Shell,254,Charcoal,Solid,SS26,Everlane East,Noida Knits Pvt Ltd,1389.24,3853.75,https://raw.githubusercontent.com/alexeygrigorev/clothing-dataset/master/images/2ea87992-6eb5-46a2-9ac6-e4ac727179aa.jpg
WFX-2675,Slim Fit Charcoal Shorts,Shorts,Nylon Ripstop,208,Charcoal,Printed,SS26,Loom & Co,Jakarta Garmindo,274.07,755.6,https://raw.githubusercontent.com/alexeygrigorev/clothing-dataset/master/images/d619091d-fc8d-4730-9f3c-2a042e876272.jpg
WFX-2676,Classic Grey Melange T-Shirt,T-Shirt,Cotton Slub,207,Grey Melange,Solid,SS26,Kaia Collective,ABC Textiles,181.84,504.51,https://raw.githubusercontent.com/alexeygrigorev/clothing-dataset/master/images/0f4428f4-7d85-4d6d-aaa2-65c220a26dd8.jpg
WFX-2677,Slim Fit Black Shorts,Shorts,French Terry,208,Black,Solid,SS26,Vastra Studio,Hanoi Stitch Co,497.01,942.84,https://raw.githubusercontent.com/alexeygrigorev/clothing-dataset/master/images/dfb9288a-faa2-435b-85a0-dbaf8031b705.jpg
WFX-2678,Athleisure Charcoal Trousers,Trousers,Poly/Viscose Suiting,297,Charcoal,Solid,SS25,Vastra Studio,Karachi Textile Mills,450.78,1159.12,https://raw.githubusercontent.com/alexeygrigorev/clothing-dataset/master/images/537e330a-d61b-486c-bb78-f0ca67bf0562.jpg
WFX-2679,Signature Black Dress,Dress,Viscose,112,Black,Solid,SS25,Vastra Studio,Noida Knits Pvt Ltd,676.67,1445.18,https://raw.githubusercontent.com/alexeygrigorev/clothing-dataset/master/images/cc66ab14-3372-4c9a-9171-9007d7154538.jpg
WFX-2680,Slim Fit Charcoal Polo,Polo,Cotton/Spandex 95/5,208,Charcoal,Solid,SS26,Vastra Studio,ABC Textiles,320.3,595.99,https://raw.githubusercontent.com/alexeygrigorev/clothing-dataset/master/images/876ff7c6-caa9-4444-ad5c-8445c7ddbf86.jpg
WFX-2681,Cropped Charcoal Dress,Dress,Linen,176,Charcoal,Solid,AW25,Vastra Studio,Shenzhen Fashion Works,774.9,2000.84,https://raw.githubusercontent.com/alexeygrigorev/clothing-dataset/master/images/e6a8b33f-279c-4072-8dba-229d94205e55.jpg
WFX-2682,Slim Fit Red Dress,Dress,Cotton Voile,135,Red,Solid,AW26,Kaia Collective,Guangzhou Weave Co,383.53,1050.19,https://raw.githubusercontent.com/alexeygrigorev/clothing-dataset/master/images/2adf987d-a985-4023-81d4-adf9368ca251.jpg
WFX-2683,Essential Grey Melange Shorts,Shorts,Nylon Ripstop,280,Grey Melange,Solid,AW26,Everlane East,Jakarta Garmindo,442.99,911.4,https://raw.githubusercontent.com/alexeygrigorev/clothing-dataset/master/images/6afd5c40-28fd-4673-b87e-dd03e9411979.jpg
WFX-2684,Relaxed Black Skirt,Skirt,Polyester Crepe,188,Black,Solid,SS26,Meridian Apparel,Shenzhen Fashion Works,364.36,818.18,https://raw.githubusercontent.com/alexeygrigorev/clothing-dataset/master/images/ec5f9167-6824-43cf-9f91-15c99a9318c4.jpg
WFX-2685,Slim Fit Maroon Shorts,Shorts,Cotton Twill,231,Maroon,Solid,AW26,Vastra Studio,Jakarta Garmindo,373.8,784.91,https://raw.githubusercontent.com/alexeygrigorev/clothing-dataset/master/images/13e8dc7f-8b80-42b0-b5be-89ee9787a97c.jpg
WFX-2686,Oversized Black Sweatshirt,Sweatshirt,French Terry,302,Black,Solid,AW25,UrbanThread,Hanoi Stitch Co,658.68,1782.83,https://raw.githubusercontent.com/alexeygrigorev/clothing-dataset/master/images/361ad3bb-6814-4924-8144-dbb0d65214c7.jpg
WFX-2687,Relaxed Charcoal Shorts,Shorts,Nylon Ripstop,246,Charcoal,Solid,AW25,Kaia Collective,Dhaka Knitwear Ltd,431.49,710.86,https://raw.githubusercontent.com/alexeygrigorev/clothing-dataset/master/images/40b704ca-eaa5-4cf9-a98d-0e3e2b0294ac.jpg
WFX-2688,Signature Charcoal T-Shirt,T-Shirt,Organic Cotton,178,Charcoal,Printed,SS25,Kaia Collective,Shenzhen Fashion Works,389.25,629.96,https://raw.githubusercontent.com/alexeygrigorev/clothing-dataset/master/images/25a66eb2-ce17-44b0-8dc0-811f40e90a5e.jpg
WFX-2689,Tailored Olive Polo,Polo,Polyester Pique,218,Olive,Solid,SS26,NorthPeak,Shenzhen Fashion Works,461.13,957.29,https://raw.githubusercontent.com/alexeygrigorev/clothing-dataset/master/images/bd78442b-6aa4-469f-91e3-f787c09cf814.jpg
WFX-2690,Tailored Navy Shirt,Shirt,Cotton/Linen 70/30,144,Navy,Solid,AW26,Kaia Collective,Hanoi Stitch Co,559.49,1102.26,https://raw.githubusercontent.com/alexeygrigorev/clothing-dataset/master/images/365db9df-dc5c-4c34-9c6e-0b5f4f094508.jpg
WFX-2691,Classic Grey Melange T-Shirt,T-Shirt,Cotton Slub,180,Grey Melange,Solid,AW25,Meridian Apparel,Karachi Textile Mills,378.58,774.14,https://raw.githubusercontent.com/alexeygrigorev/clothing-dataset/master/images/714fb06c-e878-47e0-aa84-e6543490980b.jpg
WFX-2692,Cropped Charcoal Shirt,Shirt,Linen,145,Charcoal,Solid,AW25,Vastra Studio,Karachi Textile Mills,673.9,1546.58,https://raw.githubusercontent.com/alexeygrigorev/clothing-dataset/master/images/2a774d80-c007-43a7-9c38-85e441274cfc.jpg
WFX-2693,Heritage Forest Green Dress,Dress,Rayon Challis,148,Forest Green,Solid,SS26,NorthPeak,Jakarta Garmindo,663.38,1257.02,https://raw.githubusercontent.com/alexeygrigorev/clothing-dataset/master/images/bac70656-a50a-4a13-8c3f-63e3a0a28338.jpg
WFX-2694,Slim Fit Maroon Skirt,Skirt,Denim 10oz,198,Maroon,Printed,AW26,Meridian Apparel,Tirupur Garments Co,358.88,916.57,https://raw.githubusercontent.com/alexeygrigorev/clothing-dataset/master/images/16d851e5-a32c-4322-b58b-d9b77f345cba.jpg
WFX-2695,Classic Charcoal Dress,Dress,Linen,104,Charcoal,Solid,SS25,Everlane East,Noida Knits Pvt Ltd,811.49,1370.77,https://raw.githubusercontent.com/alexeygrigorev/clothing-dataset/master/images/dc4fac77-41bc-46f0-a35e-5982f6226799.jpg
WFX-2696,Tailored Grey Melange Jeans,Jeans,Stretch Denim 98/2,399,Grey Melange,Solid,AW26,Cotton Culture,Shenzhen Fashion Works,540.78,963.26,https://raw.githubusercontent.com/alexeygrigorev/clothing-dataset/master/images/f30ba8bd-dbb8-4670-8d1b-fd13f0972296.jpg
WFX-2697,Vintage Black Skirt,Skirt,Denim 10oz,224,Black,Solid,SS25,UrbanThread,Jakarta Garmindo,470.75,756.94,https://raw.githubusercontent.com/alexeygrigorev/clothing-dataset/master/images/f3307762-77ad-4bb0-b50a-c3d661dfa8b1.jpg
WFX-2698,Vintage Black Shorts,Shorts,French Terry,196,Black,Solid,AW25,Loom & Co,Noida Knits Pvt Ltd,255.14,657.19,https://raw.githubusercontent.com/alexeygrigorev/clothing-dataset/master/images/badd4191-04b8-478f-bb92-83e4cdb67edb.jpg
WFX-2699,Essential Off White Hoodie,Hoodie,French Terry,299,Off White,Printed,SS26,Everlane East,Colombo Apparel Group,558.44,1308.84,https://raw.githubusercontent.com/alexeygrigorev/clothing-dataset/master/images/598090c2-f12f-4e60-9b23-d556a38117ad.jpg
WFX-2700,Relaxed Grey Melange Shorts,Shorts,Nylon Ripstop,211,Grey Melange,Solid,SS26,Loom & Co,Guangzhou Weave Co,387.7,733.47,https://raw.githubusercontent.com/alexeygrigorev/clothing-dataset/master/images/1417c271-ce40-40b7-bee1-32344bab6f16.jpg
WFX-2701,Heritage Navy Polo,Polo,Cotton Pique,205,Navy,Solid,SS25,Meridian Apparel,ABC Textiles,363.78,823.32,https://raw.githubusercontent.com/alexeygrigorev/clothing-dataset/master/images/45bb709b-54ae-4bae-a73a-745ca7bff53d.jpg
WFX-2702,Oversized Beige Hoodie,Hoodie,Cotton/Polyester Fleece 80/20,388,Beige,Printed,SS25,Vastra Studio,Phnom Penh Sewing Ltd,645.26,1639.77,https://raw.githubusercontent.com/alexeygrigorev/clothing-dataset/master/images/39d3866f-ed4e-44ae-854e-d65d34b2ce7f.jpg
WFX-2703,Heritage Off White Hoodie,Hoodie,French Terry,393,Off White,Solid,SS26,UrbanThread,Dhaka Knitwear Ltd,705.05,1357.44,https://raw.githubusercontent.com/alexeygrigorev/clothing-dataset/master/images/4321f0c4-51f9-44e8-9d9e-149515ac16dd.jpg
WFX-2704,Vintage White Polo,Polo,Cotton/Spandex 95/5,181,White,Solid,SS25,NorthPeak,Guangzhou Weave Co,538.44,1240.8,https://raw.githubusercontent.com/alexeygrigorev/clothing-dataset/master/images/5054fa1f-7153-47e1-a1cd-ecfa3c52cece.jpg
WFX-2705,Tailored Teal Sweatshirt,Sweatshirt,Cotton Fleece,290,Teal,Solid,SS26,Everlane East,Noida Knits Pvt Ltd,626.68,1641.48,https://raw.githubusercontent.com/alexeygrigorev/clothing-dataset/master/images/7110460a-44eb-4bea-a477-e533a80f0db2.jpg
WFX-2706,Classic Charcoal Trousers,Trousers,Cotton Twill,288,Charcoal,Solid,SS25,Everlane East,Hanoi Stitch Co,725.87,1597.6,https://raw.githubusercontent.com/alexeygrigorev/clothing-dataset/master/images/34b616af-5ac8-45ba-a4cc-d73de11df0de.jpg
WFX-2707,Vintage Sky Blue Shirt,Shirt,Cotton Poplin,131,Sky Blue,Printed,SS26,UrbanThread,Phnom Penh Sewing Ltd,542.07,1266.62,https://raw.githubusercontent.com/alexeygrigorev/clothing-dataset/master/images/994e3773-5bb8-4826-a3c2-a403593e4c5e.jpg
WFX-2708,Vintage Charcoal T-Shirt,T-Shirt,Cotton Slub,202,Charcoal,Solid,AW25,Everlane East,Karachi Textile Mills,207.03,468.64,https://raw.githubusercontent.com/alexeygrigorev/clothing-dataset/master/images/bf69747a-2d9b-48a3-87b9-de657ff9450d.jpg
WFX-2709,Cropped Pink Polo,Polo,Polyester Pique,198,Pink,Solid,AW25,Everlane East,Dhaka Knitwear Ltd,489.42,1201.88,https://raw.githubusercontent.com/alexeygrigorev/clothing-dataset/master/images/0cab4de0-5818-4680-a00a-35dbc6e95525.jpg
WFX-2710,Cropped Grey Melange Sweatshirt,Sweatshirt,Cotton Fleece,309,Grey Melange,Solid,AW26,Cotton Culture,ABC Textiles,526.67,910.01,https://raw.githubusercontent.com/alexeygrigorev/clothing-dataset/master/images/1238d068-c9e6-4b79-a8cc-7a2b30f9770d.jpg
WFX-2711,Tailored Brown Skirt,Skirt,Cotton Twill,156,Brown,Solid,AW26,Loom & Co,Jakarta Garmindo,330.55,699.83,https://raw.githubusercontent.com/alexeygrigorev/clothing-dataset/master/images/942987de-bfc1-41eb-be1e-e01d7f98f7a4.jpg
WFX-2712,Vintage Charcoal Shirt,Shirt,Cotton Poplin,132,Charcoal,Printed,SS25,NorthPeak,Hanoi Stitch Co,521.69,1208.4,https://raw.githubusercontent.com/alexeygrigorev/clothing-dataset/master/images/70f2694b-35b8-4ab9-a743-d04d934a7085.jpg
WFX-2713,Slim Fit Indigo Jeans,Jeans,Denim 12oz,402,Indigo,Printed,AW25,NorthPeak,Karachi Textile Mills,843.18,1520.67,https://raw.githubusercontent.com/alexeygrigorev/clothing-dataset/master/images/52889e96-b086-4375-92ba-9bd2ddb26fb9.jpg
WFX-2714,Vintage Red Dress,Dress,Cotton Voile,163,Red,Solid,SS26,Kaia Collective,Colombo Apparel Group,430.26,774.75,https://raw.githubusercontent.com/alexeygrigorev/clothing-dataset/master/images/95dd0618-9a05-4abe-853c-fa6c3fa9bcce.jpg
WFX-2715,Athleisure Navy Polo,Polo,Cotton/Spandex 95/5,196,Navy,Solid,AW25,Kaia Collective,Istanbul Denim House,533.27,1314.55,https://raw.githubusercontent.com/alexeygrigorev/clothing-dataset/master/images/a1bfb2ab-f92a-45a8-a57d-5406d119b180.jpg
WFX-2716,Vintage Black Jeans,Jeans,Denim 14oz,341,Black,Solid,SS26,Kaia Collective,Phnom Penh Sewing Ltd,1069.29,2137.15,https://raw.githubusercontent.com/alexeygrigorev/clothing-dataset/master/images/188eaa2d-1a69-49b1-a9fb-7b3789ac93b4.jpg
WFX-2717,Athleisure Pink Shirt,Shirt,Cotton/Linen 70/30,151,Pink,Printed,AW25,Kaia Collective,Hanoi Stitch Co,689.69,1216.16,https://raw.githubusercontent.com/alexeygrigorev/clothing-dataset/master/images/5d97eab8-e62b-49cf-b73e-7cec4951d9c2.jpg
WFX-2718,Heritage Charcoal Jacket,Jacket,Polyester Shell,321,Charcoal,Solid,AW26,Vastra Studio,Guangzhou Weave Co,1571.85,3064.7,https://raw.githubusercontent.com/alexeygrigorev/clothing-dataset/master/images/2edb1db6-cd17-41d2-88e0-ba34801b656d.jpg
WFX-2719,Athleisure Maroon Skirt,Skirt,Denim 10oz,175,Maroon,Solid,AW25,Meridian Apparel,Dhaka Knitwear Ltd,585.77,1213.44,https://raw.githubusercontent.com/alexeygrigorev/clothing-dataset/master/images/00fc9948-363d-41dd-98c2-e6be140f543f.jpg
WFX-2720,Signature Charcoal Skirt,Skirt,Denim 10oz,260,Charcoal,Solid,SS25,Everlane East,Colombo Apparel Group,547.93,1164.98,https://raw.githubusercontent.com/alexeygrigorev/clothing-dataset/master/images/cb3838a8-f6e4-4845-8140-51ff740a75cb.jpg
WFX-2721,Vintage Grey Melange Jeans,Jeans,Denim 12oz,417,Grey Melange,Printed,AW26,Loom & Co,Guangzhou Weave Co,645.21,1542.31,https://raw.githubusercontent.com/alexeygrigorev/clothing-dataset/master/images/bcc899d1-550b-4401-a87d-efd409a06286.jpg
WFX-2722,Vintage Charcoal Polo,Polo,Polyester Pique,210,Charcoal,Solid,SS25,Cotton Culture,Guangzhou Weave Co,424.67,951.79,https://raw.githubusercontent.com/alexeygrigorev/clothing-dataset/master/images/ae596614-9997-47d9-9203-b90214b5ae32.jpg
WFX-2723,Heritage Grey Melange Polo,Polo,Cotton Pique,229,Grey Melange,Solid,SS25,Everlane East,Tirupur Garments Co,324.47,777.96,https://raw.githubusercontent.com/alexeygrigorev/clothing-dataset/master/images/b98d9f36-f35b-4a75-8f22-8627ce2f0954.jpg
WFX-2724,Signature Navy Polo,Polo,Cotton/Spandex 95/5,186,Navy,Solid,AW25,Kaia Collective,Jakarta Garmindo,253.16,483.66,https://raw.githubusercontent.com/alexeygrigorev/clothing-dataset/master/images/b61b9f26-f5fd-4b47-9edc-f27bd6d1176a.jpg
WFX-2725,Slim Fit Charcoal Shorts,Shorts,Nylon Ripstop,219,Charcoal,Solid,SS26,UrbanThread,Jakarta Garmindo,481.7,1110.95,https://raw.githubusercontent.com/alexeygrigorev/clothing-dataset/master/images/c6689216-f1cf-4b72-9711-c9c81ee31618.jpg
WFX-2726,Signature Pink Dress,Dress,Viscose,137,Pink,Solid,AW25,Cotton Culture,Dhaka Knitwear Ltd,578.79,1594.03,https://raw.githubusercontent.com/alexeygrigorev/clothing-dataset/master/images/b2f77e73-5ae0-49ca-bb0e-aaad215bcd8f.jpg
WFX-2727,Boxy Grey Melange Dress,Dress,Cotton Voile,158,Grey Melange,Printed,SS25,Kaia Collective,Hanoi Stitch Co,781.35,1738.77,https://raw.githubusercontent.com/alexeygrigorev/clothing-dataset/master/images/d337b973-20fd-4455-9425-b819b0f68c24.jpg
WFX-2728,Classic Navy Shorts,Shorts,Nylon Ripstop,168,Navy,Solid,SS26,Loom & Co,Dhaka Knitwear Ltd,340.08,874.76,https://raw.githubusercontent.com/alexeygrigorev/clothing-dataset/master/images/96548af1-6efc-4300-a9a4-2d75ee10f6ae.jpg
WFX-2729,Tailored Charcoal Jeans,Jeans,Denim 12oz,402,Charcoal,Solid,AW26,Kaia Collective,Hanoi Stitch Co,809.6,1831.55,https://raw.githubusercontent.com/alexeygrigorev/clothing-dataset/master/images/56f8579b-7609-499c-b95e-6be249d855d3.jpg
WFX-2730,Vintage Grey Melange Shirt,Shirt,Cotton/Linen 70/30,150,Grey Melange,Solid,SS25,Vastra Studio,Karachi Textile Mills,373.78,885.33,https://raw.githubusercontent.com/alexeygrigorev/clothing-dataset/master/images/42762722-3b6d-40a7-b5f0-9d1582149716.jpg
WFX-2731,Cropped Charcoal Hoodie,Hoodie,French Terry,334,Charcoal,Solid,SS25,Loom & Co,Shenzhen Fashion Works,624.98,1528.5,https://raw.githubusercontent.com/alexeygrigorev/clothing-dataset/master/images/a59154c9-0a36-4592-8cd1-31149605c6c5.jpg
WFX-2732,Boxy Charcoal Jacket,Jacket,Denim 12oz,303,Charcoal,Solid,SS26,Everlane East,Noida Knits Pvt Ltd,877.37,1523.77,https://raw.githubusercontent.com/alexeygrigorev/clothing-dataset/master/images/1dcf0cd4-ca7e-46ac-90c7-ce465153a7f0.jpg
WFX-2733,Heritage Off White Skirt,Skirt,Cotton Twill,184,Off White,Printed,SS26,Loom & Co,Tirupur Garments Co,423.19,909.62,https://raw.githubusercontent.com/alexeygrigorev/clothing-dataset/master/images/7f160564-1b10-4cf0-bb61-5d9af037e898.jpg
WFX-2734,Signature Charcoal Shirt,Shirt,Linen,117,Charcoal,Solid,AW25,Everlane East,Hanoi Stitch Co,395.43,688.18,https://raw.githubusercontent.com/alexeygrigorev/clothing-dataset/master/images/cb5e105f-173a-443a-9f54-4b9cbf62919a.jpg
WFX-2735,Heritage Grey Melange Shirt,Shirt,Chambray,118,Grey Melange,Printed,AW25,Meridian Apparel,Istanbul Denim House,529.92,1116.88,https://raw.githubusercontent.com/alexeygrigorev/clothing-dataset/master/images/5e006644-bc80-4823-9675-426e210b660b.jpg
WFX-2736,Classic Black Polo,Polo,Cotton/Spandex 95/5,188,Black,Solid,SS26,UrbanThread,Phnom Penh Sewing Ltd,306.13,799.12,https://raw.githubusercontent.com/alexeygrigorev/clothing-dataset/master/images/13da9ac3-7cdb-438f-be63-eb3dc2959cca.jpg
WFX-2737,Heritage Black Shorts,Shorts,Cotton Twill,184,Black,Solid,AW26,Everlane East,Jakarta Garmindo,494.56,1363.3,https://raw.githubusercontent.com/alexeygrigorev/clothing-dataset/master/images/e97e3e26-c9de-4a66-95da-ce81c01fe1f0.jpg
WFX-2738,Athleisure Pink Polo,Polo,Cotton/Spandex 95/5,225,Pink,Solid,SS25,Vastra Studio,Dhaka Knitwear Ltd,501.97,1097.53,https://raw.githubusercontent.com/alexeygrigorev/clothing-dataset/master/images/7dd9bded-33f2-4928-b8f1-7efe0fd3bce3.jpg
WFX-2739,Athleisure Black Jacket,Jacket,Nylon Taslan,290,Black,Solid,AW26,Loom & Co,Istanbul Denim House,902.36,1756.36,https://raw.githubusercontent.com/alexeygrigorev/clothing-dataset/master/images/ad44c61f-e36f-4b7a-a15d-eff4f036d891.jpg
WFX-2740,Classic Black Skirt,Skirt,Polyester Crepe,239,Black,Solid,AW26,Vastra Studio,Jakarta Garmindo,490.09,1366.9,https://raw.githubusercontent.com/alexeygrigorev/clothing-dataset/master/images/978f5148-3c6b-4393-9d12-df98d51b8881.jpg
WFX-2741,Cropped Forest Green Jacket,Jacket,Nylon Taslan,283,Forest Green,Solid,SS26,Loom & Co,Istanbul Denim House,967.94,2709.43,https://raw.githubusercontent.com/alexeygrigorev/clothing-dataset/master/images/463bbfd1-880b-4537-abb8-8ef98c2894c5.jpg
WFX-2742,Athleisure Navy Sweatshirt,Sweatshirt,French Terry,359,Navy,Solid,SS26,Everlane East,Guangzhou Weave Co,724.76,1342.15,https://raw.githubusercontent.com/alexeygrigorev/clothing-dataset/master/images/2153199f-0a48-4334-bb12-51e07486b5c0.jpg
WFX-2743,Essential Beige T-Shirt,T-Shirt,Cotton/Polyester 60/40,166,Beige,Solid,SS26,Meridian Apparel,Phnom Penh Sewing Ltd,353.38,906.96,https://raw.githubusercontent.com/alexeygrigorev/clothing-dataset/master/images/6567c49d-5cd4-44b2-9824-5c8f4caed18f.jpg
WFX-2744,Heritage Navy Jacket,Jacket,Denim 12oz,294,Navy,Solid,SS25,Meridian Apparel,Jakarta Garmindo,1215.46,3333.86,https://raw.githubusercontent.com/alexeygrigorev/clothing-dataset/master/images/cc8316bf-7f34-469f-8998-e637f3146524.jpg
WFX-2745,Relaxed Charcoal T-Shirt,T-Shirt,100% Cotton,175,Charcoal,Solid,AW25,Cotton Culture,Tirupur Garments Co,366.76,642.66,https://raw.githubusercontent.com/alexeygrigorev/clothing-dataset/master/images/62c6229a-59c1-4c1b-aecf-44c3779129e5.jpg
WFX-2746,Heritage Maroon Polo,Polo,Polyester Pique,205,Maroon,Printed,AW26,Everlane East,Colombo Apparel Group,396.84,909.92,https://raw.githubusercontent.com/alexeygrigorev/clothing-dataset/master/images/7ee4c64a-2540-4d05-84c2-4c6de40aac26.jpg
WFX-2747,Essential Charcoal Dress,Dress,Viscose,111,Charcoal,Solid,AW26,Kaia Collective,Guangzhou Weave Co,571.57,1428.79,https://raw.githubusercontent.com/alexeygrigorev/clothing-dataset/master/images/2bc3b252-bec7-4dbc-beb3-f7977e71000f.jpg
WFX-2748,Signature Grey Melange Jacket,Jacket,Nylon Taslan,243,Grey Melange,Solid,SS26,Loom & Co,Noida Knits Pvt Ltd,1357.84,2919.54,https://raw.githubusercontent.com/alexeygrigorev/clothing-dataset/master/images/c2f138b8-9581-4ad4-b370-efee47b5752d.jpg
WFX-2749,Cropped Charcoal Jacket,Jacket,Polyester Shell,329,Charcoal,Solid,SS26,Meridian Apparel,Hanoi Stitch Co,1442.36,3164.04,https://raw.githubusercontent.com/alexeygrigorev/clothing-dataset/master/images/6228decd-43bc-4048-ad5c-507211352beb.jpg
WFX-2750,Oversized Charcoal Jeans,Jeans,Denim 14oz,427,Charcoal,Solid,AW26,UrbanThread,ABC Textiles,1036.49,2606.47,https://raw.githubusercontent.com/alexeygrigorev/clothing-dataset/master/images/65550f31-b44f-462e-aec4-6dda5e478930.jpg
WFX-2751,Relaxed Blue Shorts,Shorts,Cotton Twill,216,Blue,Solid,AW25,NorthPeak,Karachi Textile Mills,386.96,1079.7,https://raw.githubusercontent.com/alexeygrigorev/clothing-dataset/master/images/6aa97899-d731-4d8b-9a96-0db401c28500.jpg
WFX-2752,Heritage Grey Melange Shorts,Shorts,Nylon Ripstop,171,Grey Melange,Solid,AW25,UrbanThread,Hanoi Stitch Co,446.38,848.33,https://raw.githubusercontent.com/alexeygrigorev/clothing-dataset/master/images/9de18803-34d3-4737-b958-075a1ffadbc1.jpg
WFX-2753,Classic Brown Dress,Dress,Cotton Voile,129,Brown,Solid,AW25,Kaia Collective,Dhaka Knitwear Ltd,586.08,1001.87,https://raw.githubusercontent.com/alexeygrigorev/clothing-dataset/master/images/35f157d0-53e4-4496-b087-da4ad63edd47.jpg
WFX-2754,Classic Grey Melange Hoodie,Hoodie,Cotton Fleece,355,Grey Melange,Solid,SS26,Loom & Co,ABC Textiles,551.79,1333.11,https://raw.githubusercontent.com/alexeygrigorev/clothing-dataset/master/images/99e7f689-720b-43c6-bd96-609a6ceb5763.jpg
WFX-2755,Signature Black Polo,Polo,Polyester Pique,188,Black,Solid,SS25,Loom & Co,Dhaka Knitwear Ltd,393.31,737.35,https://raw.githubusercontent.com/alexeygrigorev/clothing-dataset/master/images/e1ab4913-55b9-47ec-8e5b-3e9b7f683d10.jpg
WFX-2756,Heritage Black Skirt,Skirt,Polyester Crepe,252,Black,Solid,AW25,Loom & Co,Tirupur Garments Co,404.74,833.47,https://raw.githubusercontent.com/alexeygrigorev/clothing-dataset/master/images/bb361f03-abc9-4a8e-a2a4-ff306a5b4612.jpg
WFX-2757,Heritage Grey Melange Polo,Polo,Polyester Pique,221,Grey Melange,Solid,AW25,Everlane East,Shenzhen Fashion Works,299.23,604.87,https://raw.githubusercontent.com/alexeygrigorev/clothing-dataset/master/images/a74fc5e8-a0b5-4e46-a6af-c09529cb79af.jpg
WFX-2758,Athleisure Grey Melange Polo,Polo,Cotton Pique,185,Grey Melange,Solid,AW26,Cotton Culture,Dhaka Knitwear Ltd,518.98,917.56,https://raw.githubusercontent.com/alexeygrigorev/clothing-dataset/master/images/f937d0b8-1c6f-432f-86a8-dac89c03b890.jpg
WFX-2759,Tailored Black Dress,Dress,Cotton Voile,117,Black,Printed,SS26,UrbanThread,Shenzhen Fashion Works,486.28,1154.21,https://raw.githubusercontent.com/alexeygrigorev/clothing-dataset/master/images/55694d05-4d0e-48cd-936a-3acd3761ceac.jpg
WFX-2760,Cropped Off White Polo,Polo,Cotton Pique,213,Off White,Printed,SS25,Vastra Studio,Karachi Textile Mills,432.08,789.14,https://raw.githubusercontent.com/alexeygrigorev/clothing-dataset/master/images/27502456-dec6-4793-b25b-57dce72c4e1b.jpg
WFX-2761,Tailored Brown Polo,Polo,Cotton/Spandex 95/5,187,Brown,Solid,SS25,Cotton Culture,Dhaka Knitwear Ltd,322.32,762.51,https://raw.githubusercontent.com/alexeygrigorev/clothing-dataset/master/images/74b35283-7e3e-47ef-b190-95dda57d148e.jpg
WFX-2762,Tailored Red Shorts,Shorts,Cotton Twill,209,Red,Printed,AW25,Kaia Collective,Hanoi Stitch Co,508.24,1159.83,https://raw.githubusercontent.com/alexeygrigorev/clothing-dataset/master/images/78534d30-3cc9-409f-a8be-903f5864af3f.jpg
WFX-2763,Classic Black Sweatshirt,Sweatshirt,French Terry,335,Black,Solid,AW26,NorthPeak,ABC Textiles,427.01,817.56,https://raw.githubusercontent.com/alexeygrigorev/clothing-dataset/master/images/25ab31fb-d1c4-4f48-a99e-743f2ef942fa.jpg
WFX-2764,Athleisure Charcoal Sweatshirt,Sweatshirt,Loopback Cotton,349,Charcoal,Printed,AW25,NorthPeak,Jakarta Garmindo,560.91,1328.6,https://raw.githubusercontent.com/alexeygrigorev/clothing-dataset/master/images/ac5bb666-2aa9-4f10-b94a-7df35c75ecd0.jpg
WFX-2765,Tailored Charcoal Hoodie,Hoodie,Cotton/Polyester Fleece 80/20,290,Charcoal,Solid,SS26,Everlane East,Tirupur Garments Co,680.09,1253.98,https://raw.githubusercontent.com/alexeygrigorev/clothing-dataset/master/images/21531a69-d7f0-4d77-a2d9-a4269652344e.jpg
WFX-2766,Classic Brown Sweatshirt,Sweatshirt,Loopback Cotton,349,Brown,Solid,AW25,Loom & Co,Shenzhen Fashion Works,574.99,1577.84,https://raw.githubusercontent.com/alexeygrigorev/clothing-dataset/master/images/3c4d6cf5-113b-4a26-8e60-e8ab594eaa0e.jpg
WFX-2767,Signature Grey Melange Shirt,Shirt,Cotton Poplin,139,Grey Melange,Solid,AW25,Loom & Co,Noida Knits Pvt Ltd,544.92,907.86,https://raw.githubusercontent.com/alexeygrigorev/clothing-dataset/master/images/934d166e-63f5-422b-b56a-7c59cbe18e8d.jpg
WFX-2768,Tailored Blush Pink Hoodie,Hoodie,French Terry,297,Blush Pink,Solid,SS26,Meridian Apparel,Hanoi Stitch Co,765.67,1375.6,https://raw.githubusercontent.com/alexeygrigorev/clothing-dataset/master/images/85dd32b5-b370-4547-9677-4e3c1e2ac477.jpg
WFX-2769,Classic Charcoal Sweatshirt,Sweatshirt,French Terry,355,Charcoal,Solid,SS26,Everlane East,Dhaka Knitwear Ltd,712.45,1369.7,https://raw.githubusercontent.com/alexeygrigorev/clothing-dataset/master/images/e43d8c8e-bad5-4497-abe3-88a6762bb9f0.jpg
WFX-2770,Oversized Black Sweatshirt,Sweatshirt,Cotton Fleece,268,Black,Solid,AW26,Kaia Collective,Noida Knits Pvt Ltd,505.18,1399.38,https://raw.githubusercontent.com/alexeygrigorev/clothing-dataset/master/images/675319cc-b2f9-4b92-a126-472d4bcefdee.jpg
WFX-2771,Cropped White Dress,Dress,Viscose,163,White,Printed,SS25,Loom & Co,Tirupur Garments Co,822.65,1480.98,https://raw.githubusercontent.com/alexeygrigorev/clothing-dataset/master/images/3bc76eb3-1fd9-4244-80f0-e9fcd982c64c.jpg
WFX-2772,Boxy Beige T-Shirt,T-Shirt,100% Cotton,145,Beige,Solid,SS26,Everlane East,ABC Textiles,364.67,588.85,https://raw.githubusercontent.com/alexeygrigorev/clothing-dataset/master/images/39d63307-80bb-46d0-b39d-bb6556d90507.jpg
WFX-2773,Signature Grey Melange Skirt,Skirt,Viscose,259,Grey Melange,Solid,AW26,Vastra Studio,Guangzhou Weave Co,636.12,1044.79,https://raw.githubusercontent.com/alexeygrigorev/clothing-dataset/master/images/6d210194-60de-49c5-a215-05201cfa1a64.jpg
WFX-2774,Athleisure Navy Jacket,Jacket,Polyester Shell,326,Navy,Solid,SS26,Loom & Co,Dhaka Knitwear Ltd,1524.27,3024.03,https://raw.githubusercontent.com/alexeygrigorev/clothing-dataset/master/images/01420fed-89b3-4801-9d91-af5507322fa3.jpg
WFX-2775,Oversized Charcoal Shorts,Shorts,Cotton Twill,188,Charcoal,Solid,AW26,NorthPeak,Karachi Textile Mills,491.3,1364.68,https://raw.githubusercontent.com/alexeygrigorev/clothing-dataset/master/images/36531270-9901-40b4-adb7-dda831ed614b.jpg
WFX-2776,Cropped Black Shorts,Shorts,Nylon Ripstop,171,Black,Printed,SS26,Vastra Studio,Shenzhen Fashion Works,415.93,669.47,https://raw.githubusercontent.com/alexeygrigorev/clothing-dataset/master/images/648914a5-dc69-4785-a688-5ccd30d0dcf0.jpg
WFX-2777,Signature Charcoal Polo,Polo,Cotton/Spandex 95/5,217,Charcoal,Solid,AW25,Meridian Apparel,Shenzhen Fashion Works,541.56,1514.93,https://raw.githubusercontent.com/alexeygrigorev/clothing-dataset/master/images/1c0db814-f31c-42e6-a00c-0b18a819bef6.jpg
WFX-2778,Classic Charcoal Shorts,Shorts,Nylon Ripstop,163,Charcoal,Solid,SS26,UrbanThread,Guangzhou Weave Co,319.9,644.83,https://raw.githubusercontent.com/alexeygrigorev/clothing-dataset/master/images/6ce43abd-eb73-474b-bc3d-f8da15d83593.jpg
WFX-2779,Boxy Black Jacket,Jacket,Denim 12oz,246,Black,Solid,SS25,Meridian Apparel,Karachi Textile Mills,884.67,2459.15,https://raw.githubusercontent.com/alexeygrigorev/clothing-dataset/master/images/3fe769c1-8e61-4fa7-bd51-692f8b1629c8.jpg
WFX-2780,Vintage Grey Melange Shirt,Shirt,Cotton Poplin,112,Grey Melange,Solid,SS26,Kaia Collective,Jakarta Garmindo,668.51,1789.43,https://raw.githubusercontent.com/alexeygrigorev/clothing-dataset/master/images/1c3deae2-1e34-4b42-b4e2-4932937481a9.jpg
WFX-2781,Vintage Beige Trousers,Trousers,Poly/Viscose Suiting,210,Beige,Solid,SS25,UrbanThread,Noida Knits Pvt Ltd,661.35,1459.28,https://raw.githubusercontent.com/alexeygrigorev/clothing-dataset/master/images/510f1ddc-4984-4c98-8485-a22193eda539.jpg
WFX-2782,Vintage Navy Sweatshirt,Sweatshirt,Cotton Fleece,276,Navy,Solid,SS26,Cotton Culture,Hanoi Stitch Co,494.71,946.47,https://raw.githubusercontent.com/alexeygrigorev/clothing-dataset/master/images/e2b0031c-9917-4043-8dde-63bee7e4495b.jpg
WFX-2783,Oversized Red T-Shirt,T-Shirt,Organic Cotton,169,Red,Solid,AW25,Loom & Co,Phnom Penh Sewing Ltd,168.67,310.9,https://raw.githubusercontent.com/alexeygrigorev/clothing-dataset/master/images/7d2cef93-2a52-4462-9b3c-4571c7cf3e0a.jpg
WFX-2784,Relaxed Black Shorts,Shorts,Nylon Ripstop,219,Black,Solid,AW26,NorthPeak,Hanoi Stitch Co,344.21,600.61,https://raw.githubusercontent.com/alexeygrigorev/clothing-dataset/master/images/14e754c0-a104-47be-b038-7b1e46068caa.jpg
WFX-2785,Signature Lavender Dress,Dress,Cotton Voile,115,Lavender,Solid,SS25,Vastra Studio,Colombo Apparel Group,399.73,1026.95,https://raw.githubusercontent.com/alexeygrigorev/clothing-dataset/master/images/f242fb73-77c7-4933-9291-1cf44b56ba2e.jpg
WFX-2786,Tailored Indigo Dress,Dress,Rayon Challis,111,Indigo,Printed,SS25,NorthPeak,Karachi Textile Mills,741.14,2047.09,https://raw.githubusercontent.com/alexeygrigorev/clothing-dataset/master/images/3eeaf330-2460-4d7f-844f-d7254d12e587.jpg
WFX-2787,Signature Grey Melange Sweatshirt,Sweatshirt,French Terry,263,Grey Melange,Solid,AW25,Loom & Co,Jakarta Garmindo,780.84,2050.11,https://raw.githubusercontent.com/alexeygrigorev/clothing-dataset/master/images/4997d170-1266-4b3b-9a16-37322c9fb2ba.jpg
WFX-2788,Slim Fit Off White Dress,Dress,Viscose,117,Off White,Solid,AW25,Everlane East,Shenzhen Fashion Works,416.8,697.72,https://raw.githubusercontent.com/alexeygrigorev/clothing-dataset/master/images/a5b5dd47-2e34-475e-99b0-6a977fb8786c.jpg
WFX-2789,Classic Charcoal Jacket,Jacket,Nylon Taslan,369,Charcoal,Solid,SS25,Vastra Studio,Dhaka Knitwear Ltd,1227.51,3315.4,https://raw.githubusercontent.com/alexeygrigorev/clothing-dataset/master/images/26f59ad4-2bac-4f38-a695-ff82498ab97a.jpg
WFX-2790,Oversized Black Hoodie,Hoodie,Cotton Fleece,291,Black,Solid,SS25,Kaia Collective,Hanoi Stitch Co,857.29,2224.86,https://raw.githubusercontent.com/alexeygrigorev/clothing-dataset/master/images/750e7e55-fe47-443a-a0b4-8ff764c451d4.jpg
WFX-2791,Classic Black Shirt,Shirt,Oxford Cotton,146,Black,Solid,AW26,Everlane East,Istanbul Denim House,473.26,1168.63,https://raw.githubusercontent.com/alexeygrigorev/clothing-dataset/master/images/0e99edde-0ed8-4c8c-a405-0517c1b801a4.jpg
WFX-2792,Slim Fit Off White Skirt,Skirt,Polyester Crepe,167,Off White,Printed,SS25,Vastra Studio,Istanbul Denim House,617.91,1192.55,https://raw.githubusercontent.com/alexeygrigorev/clothing-dataset/master/images/ccb57961-f839-44fc-be22-8b8a5944f8b3.jpg
WFX-2793,Cropped Red Jacket,Jacket,Cotton Canvas,325,Red,Solid,AW26,Meridian Apparel,Dhaka Knitwear Ltd,1494.5,3250.29,https://raw.githubusercontent.com/alexeygrigorev/clothing-dataset/master/images/311ee106-2f12-4b1d-83fb-b3e597607cca.jpg
WFX-2794,Tailored Grey Melange Polo,Polo,Cotton Pique,221,Grey Melange,Solid,SS25,Everlane East,Noida Knits Pvt Ltd,515.4,1149.85,https://raw.githubusercontent.com/alexeygrigorev/clothing-dataset/master/images/d461d917-9bec-4042-9f4b-5c8b1787d1a8.jpg
WFX-2795,Tailored Grey Melange Shorts,Shorts,Nylon Ripstop,229,Grey Melange,Solid,SS26,Everlane East,Phnom Penh Sewing Ltd,484.43,975.08,https://raw.githubusercontent.com/alexeygrigorev/clothing-dataset/master/images/efb95540-2516-4117-bef9-021a27eee668.jpg
WFX-2796,Classic Pink Hoodie,Hoodie,Cotton Fleece,283,Pink,Solid,AW26,Cotton Culture,Colombo Apparel Group,593.49,1105.57,https://raw.githubusercontent.com/alexeygrigorev/clothing-dataset/master/images/537d133a-b3d8-4851-bfa4-071c5179e7bf.jpg
WFX-2797,Tailored Charcoal Trousers,Trousers,Cotton Twill,220,Charcoal,Solid,SS25,Vastra Studio,Colombo Apparel Group,445.06,1062.91,https://raw.githubusercontent.com/alexeygrigorev/clothing-dataset/master/images/7fa97b45-380a-4c9c-8de4-522976cb4972.jpg
WFX-2798,Signature Grey Melange Shirt,Shirt,Linen,121,Grey Melange,Solid,SS26,UrbanThread,Guangzhou Weave Co,370.44,856.1,https://raw.githubusercontent.com/alexeygrigorev/clothing-dataset/master/images/86e2c8d7-556b-47f8-9ea9-646e5eed03de.jpg
WFX-2799,Tailored Beige Jacket,Jacket,Polyester Shell,364,Beige,Solid,SS26,Meridian Apparel,Istanbul Denim House,1553.53,4045.45,https://raw.githubusercontent.com/alexeygrigorev/clothing-dataset/master/images/c9b01527-4b8f-47e1-b80d-6d8bacea853f.jpg
WFX-2800,Classic Beige Trousers,Trousers,Chino Twill,204,Beige,Solid,AW26,UrbanThread,Shenzhen Fashion Works,440.62,827.99,https://raw.githubusercontent.com/alexeygrigorev/clothing-dataset/master/images/9f0c5ed6-08d2-49dc-a27e-da7d9bb2e23a.jpg
WFX-2801,Essential Black Shorts,Shorts,French Terry,185,Black,Solid,SS25,UrbanThread,Tirupur Garments Co,491.93,988.24,https://raw.githubusercontent.com/alexeygrigorev/clothing-dataset/master/images/17626959-19d7-485d-be64-7b544b355774.jpg
WFX-2802,Oversized Charcoal Dress,Dress,Linen,118,Charcoal,Printed,SS26,Everlane East,Hanoi Stitch Co,775.9,2029.58,https://raw.githubusercontent.com/alexeygrigorev/clothing-dataset/master/images/bcb839e0-9055-4760-b5a4-b7fd703b716f.jpg
WFX-2803,Vintage Beige Shirt,Shirt,Linen,129,Beige,Solid,AW26,Cotton Culture,Guangzhou Weave Co,429.04,1188.88,https://raw.githubusercontent.com/alexeygrigorev/clothing-dataset/master/images/9f63ba96-3ce1-440e-96e4-c8a02004186a.jpg
WFX-2804,Cropped Olive Skirt,Skirt,Polyester Crepe,168,Olive,Solid,SS26,Meridian Apparel,Karachi Textile Mills,532.94,1373.57,https://raw.githubusercontent.com/alexeygrigorev/clothing-dataset/master/images/69d4e9dd-3176-413f-8bff-fa9f8129e01c.jpg
WFX-2805,Classic Charcoal Jacket,Jacket,Nylon Taslan,366,Charcoal,Solid,AW25,Cotton Culture,Phnom Penh Sewing Ltd,1052.44,2939.61,https://raw.githubusercontent.com/alexeygrigorev/clothing-dataset/master/images/00149032-3dd6-426e-9bc0-d53032536a42.jpg
WFX-2806,Essential Charcoal Jacket,Jacket,Nylon Taslan,347,Charcoal,Solid,SS26,Meridian Apparel,Shenzhen Fashion Works,826.58,2061.83,https://raw.githubusercontent.com/alexeygrigorev/clothing-dataset/master/images/a8bb7cbf-3eb9-4d65-9620-7ebd1a78412c.jpg
WFX-2807,Classic Charcoal Shorts,Shorts,French Terry,245,Charcoal,Solid,SS26,Vastra Studio,Istanbul Denim House,441.73,1176.76,https://raw.githubusercontent.com/alexeygrigorev/clothing-dataset/master/images/e6940762-d73e-4508-83f0-7d1e7937e4d4.jpg
WFX-2808,Classic Grey Melange Shirt,Shirt,Cotton Poplin,132,Grey Melange,Printed,AW26,Kaia Collective,ABC Textiles,402.66,696.46,https://raw.githubusercontent.com/alexeygrigorev/clothing-dataset/master/images/85ff1bdd-7a17-45df-bfc0-0bf938d8af96.jpg
WFX-2809,Tailored Beige Hoodie,Hoodie,Cotton Fleece,393,Beige,Solid,AW26,Loom & Co,Hanoi Stitch Co,636.31,1691.39,https://raw.githubusercontent.com/alexeygrigorev/clothing-dataset/master/images/3902b16f-a0e4-49c4-adba-75a2ba07d224.jpg
WFX-2810,Oversized Beige Shirt,Shirt,Chambray,151,Beige,Solid,SS25,NorthPeak,Istanbul Denim House,603.3,1128.59,https://raw.githubusercontent.com/alexeygrigorev/clothing-dataset/master/images/8ce2f4eb-e638-42c7-8671-d0737da0c2fb.jpg
WFX-2811,Vintage White Dress,Dress,Cotton Voile,133,White,Printed,AW25,Loom & Co,Tirupur Garments Co,873.41,1475.22,https://raw.githubusercontent.com/alexeygrigorev/clothing-dataset/master/images/be545b93-c60d-4be6-ae3a-64efd37b7fee.jpg
WFX-2812,Classic Charcoal Dress,Dress,Cotton Voile,176,Charcoal,Solid,AW26,Meridian Apparel,Guangzhou Weave Co,891.9,2383.04,https://raw.githubusercontent.com/alexeygrigorev/clothing-dataset/master/images/08e1576e-1a7c-4a80-813d-f6914b010a8a.jpg
WFX-2813,Vintage Black Jacket,Jacket,Polyester Shell,233,Black,Solid,SS26,NorthPeak,Shenzhen Fashion Works,791.13,1460.95,https://raw.githubusercontent.com/alexeygrigorev/clothing-dataset/master/images/ae6cf708-9abd-4422-9c4e-6cf3b6200031.jpg
WFX-2814,Slim Fit Brown T-Shirt,T-Shirt,Cotton/Polyester 60/40,152,Brown,Printed,SS25,Cotton Culture,Istanbul Denim House,162.41,371.29,https://raw.githubusercontent.com/alexeygrigorev/clothing-dataset/master/images/c4210253-e9d8-47ae-95ef-c4d8bf178e4c.jpg
WFX-2815,Boxy Grey Melange Skirt,Skirt,Denim 10oz,151,Grey Melange,Solid,AW25,Loom & Co,Phnom Penh Sewing Ltd,403.09,965.17,https://raw.githubusercontent.com/alexeygrigorev/clothing-dataset/master/images/24963db3-649c-4f04-8da3-0375ede8e0a6.jpg
WFX-2816,Oversized Plum Skirt,Skirt,Viscose,161,Plum,Solid,SS26,Everlane East,Istanbul Denim House,523.37,1451.03,https://raw.githubusercontent.com/alexeygrigorev/clothing-dataset/master/images/48895e87-ae51-4c7e-98ae-2855991264d1.jpg
WFX-2817,Vintage Blush Pink Hoodie,Hoodie,Cotton/Polyester Fleece 80/20,394,Blush Pink,Solid,AW25,Cotton Culture,Jakarta Garmindo,747.47,1277.7,https://raw.githubusercontent.com/alexeygrigorev/clothing-dataset/master/images/d0a1b45e-f6d3-4402-aad1-e921b9ee3589.jpg
WFX-2818,Cropped Grey Melange Jacket,Jacket,Denim 12oz,267,Grey Melange,Solid,AW25,NorthPeak,Istanbul Denim House,1101.2,2109.85,https://raw.githubusercontent.com/alexeygrigorev/clothing-dataset/master/images/0028956e-9962-46f0-ad45-2c42f8a59d94.jpg
WFX-2819,Essential Teal Skirt,Skirt,Viscose,236,Teal,Solid,AW26,Vastra Studio,Noida Knits Pvt Ltd,543.76,933.12,https://raw.githubusercontent.com/alexeygrigorev/clothing-dataset/master/images/f4b934fc-e326-4f72-b535-53288b8b82d3.jpg
WFX-2820,Athleisure Grey Melange Dress,Dress,Polyester Crepe,166,Grey Melange,Solid,AW25,Kaia Collective,Istanbul Denim House,580.25,1301.28,https://raw.githubusercontent.com/alexeygrigorev/clothing-dataset/master/images/f8aade97-3b1f-43d1-becb-9f12483fcc28.jpg
WFX-2821,Athleisure Blue Dress,Dress,Viscose,150,Blue,Printed,AW25,Loom & Co,Jakarta Garmindo,846.53,2080.07,https://raw.githubusercontent.com/alexeygrigorev/clothing-dataset/master/images/123cedc9-f0ee-432b-a087-7c4981e60c75.jpg
WFX-2822,Relaxed Charcoal Trousers,Trousers,Chino Twill,222,Charcoal,Solid,AW25,UrbanThread,Shenzhen Fashion Works,827.08,1489.24,https://raw.githubusercontent.com/alexeygrigorev/clothing-dataset/master/images/54c33892-0e6c-4e82-b0e5-64a9e7c9d25c.jpg
WFX-2823,Slim Fit Pink Polo,Polo,Cotton Pique,223,Pink,Solid,SS26,Cotton Culture,Noida Knits Pvt Ltd,380.62,1064.49,https://raw.githubusercontent.com/alexeygrigorev/clothing-dataset/master/images/2125089e-61bc-4ec7-bba5-829e8e2fe268.jpg
WFX-2824,Tailored Off White Hoodie,Hoodie,Cotton Fleece,329,Off White,Solid,AW26,UrbanThread,Colombo Apparel Group,700.36,1584.54,https://raw.githubusercontent.com/alexeygrigorev/clothing-dataset/master/images/1aa4f7cc-1d16-48ec-994e-ae87fd1424f9.jpg
WFX-2825,Oversized Charcoal Hoodie,Hoodie,Cotton Fleece,333,Charcoal,Solid,SS25,Loom & Co,Phnom Penh Sewing Ltd,517.34,1179.49,https://raw.githubusercontent.com/alexeygrigorev/clothing-dataset/master/images/ac607963-d6e4-48c9-9610-32bfd1d00258.jpg
WFX-2826,Heritage Charcoal Shorts,Shorts,French Terry,272,Charcoal,Solid,AW26,Kaia Collective,Karachi Textile Mills,353.16,739.19,https://raw.githubusercontent.com/alexeygrigorev/clothing-dataset/master/images/97c4ebd3-715f-4809-881a-7363ce0da4cb.jpg
WFX-2827,Signature Charcoal Shorts,Shorts,Cotton Twill,195,Charcoal,Printed,AW26,UrbanThread,Noida Knits Pvt Ltd,370.89,868.58,https://raw.githubusercontent.com/alexeygrigorev/clothing-dataset/master/images/2744c41a-24e4-4023-ba01-d2123de33a63.jpg
WFX-2828,Essential Black Jeans,Jeans,Denim 14oz,400,Black,Printed,SS25,Cotton Culture,Colombo Apparel Group,529.57,1149.31,https://raw.githubusercontent.com/alexeygrigorev/clothing-dataset/master/images/b23375c8-fe67-4390-b770-444bf8eb83b4.jpg
WFX-2829,Oversized White Shirt,Shirt,Linen,127,White,Solid,AW25,Meridian Apparel,Noida Knits Pvt Ltd,637.14,1675.6,https://raw.githubusercontent.com/alexeygrigorev/clothing-dataset/master/images/678253aa-3a9e-42c1-a56b-e608f1ddc096.jpg
WFX-2830,Vintage Black Polo,Polo,Polyester Pique,208,Black,Solid,SS25,Vastra Studio,Guangzhou Weave Co,482.21,957.21,https://raw.githubusercontent.com/alexeygrigorev/clothing-dataset/master/images/1b2a7169-fb57-4b9e-9990-ae92a02305a1.jpg
WFX-2831,Tailored Navy Jeans,Jeans,Denim 14oz,464,Navy,Solid,AW25,Loom & Co,ABC Textiles,955.7,2523.65,https://raw.githubusercontent.com/alexeygrigorev/clothing-dataset/master/images/4e6276b7-564c-4a32-9218-13cfc9148263.jpg
WFX-2832,Athleisure Off White Trousers,Trousers,Chino Twill,290,Off White,Solid,SS25,Meridian Apparel,Jakarta Garmindo,628.06,1107.13,https://raw.githubusercontent.com/alexeygrigorev/clothing-dataset/master/images/cdf7d80b-9429-4f4f-ab62-98fe5a60c15d.jpg
WFX-2833,Signature Off White Shirt,Shirt,Oxford Cotton,113,Off White,Solid,AW25,NorthPeak,Hanoi Stitch Co,399.8,858.67,https://raw.githubusercontent.com/alexeygrigorev/clothing-dataset/master/images/b9e251b4-2d23-4e4a-9150-19c16c6f0565.jpg
WFX-2834,Classic Charcoal Polo,Polo,Cotton/Spandex 95/5,212,Charcoal,Solid,AW25,Cotton Culture,Noida Knits Pvt Ltd,369.08,999.35,https://raw.githubusercontent.com/alexeygrigorev/clothing-dataset/master/images/ae10eae8-6b13-4887-b226-d1fc1d7c6dd3.jpg
WFX-2835,Tailored Grey Melange Shirt,Shirt,Chambray,138,Grey Melange,Solid,SS26,Cotton Culture,Phnom Penh Sewing Ltd,371.03,981.22,https://raw.githubusercontent.com/alexeygrigorev/clothing-dataset/master/images/2a45d48d-811c-4c7d-bceb-b8bd88af2821.jpg
WFX-2836,Athleisure White Dress,Dress,Cotton Voile,111,White,Printed,AW25,Vastra Studio,Tirupur Garments Co,506.79,1045.95,https://raw.githubusercontent.com/alexeygrigorev/clothing-dataset/master/images/babf31fc-abbe-42d2-9e78-794e8052949e.jpg
WFX-2837,Heritage Charcoal Polo,Polo,Polyester Pique,193,Charcoal,Solid,SS25,Kaia Collective,ABC Textiles,330.73,691.69,https://raw.githubusercontent.com/alexeygrigorev/clothing-dataset/master/images/47981a59-bb9a-43ed-a72f-9a34ec083ca1.jpg
WFX-2838,Cropped Black Skirt,Skirt,Viscose,216,Black,Solid,SS26,Everlane East,Phnom Penh Sewing Ltd,580.3,1084.3,https://raw.githubusercontent.com/alexeygrigorev/clothing-dataset/master/images/86d25b2c-d388-49f6-9616-d2ad838c7148.jpg
WFX-2839,Tailored Olive Jacket,Jacket,Denim 12oz,337,Olive,Solid,AW26,Loom & Co,Noida Knits Pvt Ltd,926.8,2001.92,https://raw.githubusercontent.com/alexeygrigorev/clothing-dataset/master/images/66bccc96-dc5c-466c-91f1-871327f3b660.jpg
WFX-2840,Heritage Navy Jacket,Jacket,Denim 12oz,363,Navy,Solid,SS25,Kaia Collective,Colombo Apparel Group,1282.61,2989.58,https://raw.githubusercontent.com/alexeygrigorev/clothing-dataset/master/images/4e2691ca-7916-4f64-9ab3-03519280d93e.jpg
WFX-2841,Cropped White Trousers,Trousers,Cotton Twill,243,White,Solid,SS26,Vastra Studio,Colombo Apparel Group,844.76,2000.99,https://raw.githubusercontent.com/alexeygrigorev/clothing-dataset/master/images/b823a55c-cfef-4edb-9e49-be38cb2b10c9.jpg
WFX-2842,Vintage Black Skirt,Skirt,Viscose,255,Black,Solid,SS26,Meridian Apparel,Phnom Penh Sewing Ltd,319.87,840.87,https://raw.githubusercontent.com/alexeygrigorev/clothing-dataset/master/images/a1733d6b-2e24-43da-b5e2-8f52ee3fc70a.jpg
WFX-2843,Signature Off White Dress,Dress,Polyester Crepe,137,Off White,Solid,SS25,Vastra Studio,Karachi Textile Mills,492.68,1035.75,https://raw.githubusercontent.com/alexeygrigorev/clothing-dataset/master/images/521c2c74-7131-427a-af36-0c48aa438119.jpg
WFX-2844,Essential Black Jacket,Jacket,Polyester Shell,356,Black,Solid,SS26,Meridian Apparel,Noida Knits Pvt Ltd,1274.48,2766.75,https://raw.githubusercontent.com/alexeygrigorev/clothing-dataset/master/images/90d2529c-7bdb-4ca3-8292-696346706ad9.jpg
WFX-2845,Tailored Maroon T-Shirt,T-Shirt,Organic Cotton,152,Maroon,Printed,AW25,Cotton Culture,Guangzhou Weave Co,267.7,666.33,https://raw.githubusercontent.com/alexeygrigorev/clothing-dataset/master/images/23636f41-67c0-4065-b82a-6fd0d3704c07.jpg
WFX-2846,Essential Beige Sweatshirt,Sweatshirt,French Terry,305,Beige,Solid,SS26,NorthPeak,Karachi Textile Mills,489.33,1294.63,https://raw.githubusercontent.com/alexeygrigorev/clothing-dataset/master/images/dee62a9f-6145-4434-953d-07072e2490b5.jpg
WFX-2847,Athleisure Beige Hoodie,Hoodie,Cotton/Polyester Fleece 80/20,388,Beige,Printed,SS25,Kaia Collective,Noida Knits Pvt Ltd,503.0,837.2,https://raw.githubusercontent.com/alexeygrigorev/clothing-dataset/master/images/054071e9-7aba-424c-be6d-65ffe693a2e3.jpg
WFX-2848,Classic Grey Melange Skirt,Skirt,Cotton Twill,251,Grey Melange,Solid,AW25,Meridian Apparel,Karachi Textile Mills,538.24,1203.4,https://raw.githubusercontent.com/alexeygrigorev/clothing-dataset/master/images/672b0d76-2277-4edf-8903-51cd6646b139.jpg
WFX-2849,Slim Fit Black Trousers,Trousers,Chino Twill,252,Black,Solid,SS26,Meridian Apparel,Istanbul Denim House,844.24,2255.31,https://raw.githubusercontent.com/alexeygrigorev/clothing-dataset/master/images/4d089b11-b8d5-4b56-9cb4-7bc87ba64cd3.jpg
WFX-2850,Classic Charcoal Skirt,Skirt,Denim 10oz,182,Charcoal,Printed,SS25,Kaia Collective,Noida Knits Pvt Ltd,520.86,943.9,https://raw.githubusercontent.com/alexeygrigorev/clothing-dataset/master/images/12f6208b-331e-4257-bcfe-bb48f8c924aa.jpg
WFX-2851,Boxy Charcoal Sweatshirt,Sweatshirt,French Terry,357,Charcoal,Printed,SS25,Meridian Apparel,Tirupur Garments Co,709.42,1625.66,https://raw.githubusercontent.com/alexeygrigorev/clothing-dataset/master/images/34c466b5-ad3e-431e-9fb3-6326fd4b1940.jpg
WFX-2852,Classic Grey Melange Jacket,Jacket,Cotton Canvas,323,Grey Melange,Solid,AW25,Cotton Culture,ABC Textiles,1086.12,2360.01,https://raw.githubusercontent.com/alexeygrigorev/clothing-dataset/master/images/14f765fd-d3f6-4c9f-8f91-df9562102171.jpg
WFX-2853,Signature Charcoal Dress,Dress,Cotton Voile,167,Charcoal,Printed,AW25,Vastra Studio,Noida Knits Pvt Ltd,454.82,1097.07,https://raw.githubusercontent.com/alexeygrigorev/clothing-dataset/master/images/041c6bde-e737-46fd-9586-984c1503941f.jpg
WFX-2854,Slim Fit Grey Melange Polo,Polo,Cotton/Spandex 95/5,188,Grey Melange,Printed,SS25,UrbanThread,Colombo Apparel Group,280.81,618.91,https://raw.githubusercontent.com/alexeygrigorev/clothing-dataset/master/images/cc741d65-c8a9-41e5-bf14-a7bfbb29a5fd.jpg
WFX-2855,Vintage Black Sweatshirt,Sweatshirt,Loopback Cotton,318,Black,Printed,AW25,Cotton Culture,Hanoi Stitch Co,691.13,1600.41,https://raw.githubusercontent.com/alexeygrigorev/clothing-dataset/master/images/e5caf86d-ae4d-4cf0-8536-f98ef53e1a44.jpg
WFX-2856,Classic Grey Melange Shirt,Shirt,Linen,158,Grey Melange,Printed,AW25,Vastra Studio,Karachi Textile Mills,375.37,1027.65,https://raw.githubusercontent.com/alexeygrigorev/clothing-dataset/master/images/84e8ffd4-985c-4353-9c5c-732c3db5656f.jpg
WFX-2857,Essential Blush Pink Shorts,Shorts,Cotton Twill,253,Blush Pink,Solid,SS25,Everlane East,Dhaka Knitwear Ltd,256.57,565.88,https://raw.githubusercontent.com/alexeygrigorev/clothing-dataset/master/images/27f3c569-0b20-4791-a39e-54a3c6e16da1.jpg
WFX-2858,Classic Charcoal Skirt,Skirt,Cotton Twill,216,Charcoal,Printed,SS25,Loom & Co,Noida Knits Pvt Ltd,648.14,1551.88,https://raw.githubusercontent.com/alexeygrigorev/clothing-dataset/master/images/2ac96388-4353-44b6-a174-de2f2523afd1.jpg
WFX-2859,Slim Fit Black Jacket,Jacket,Cotton Canvas,317,Black,Solid,AW25,UrbanThread,Guangzhou Weave Co,811.24,1544.02,https://raw.githubusercontent.com/alexeygrigorev/clothing-dataset/master/images/b4af5b70-d260-48b3-8eea-993d762d2dda.jpg
WFX-2860,Athleisure Charcoal Polo,Polo,Cotton/Spandex 95/5,222,Charcoal,Solid,AW25,Everlane East,Phnom Penh Sewing Ltd,280.29,623.47,https://raw.githubusercontent.com/alexeygrigorev/clothing-dataset/master/images/14f97636-9b50-456c-8755-f5faff807114.jpg
WFX-2861,Boxy Charcoal Shorts,Shorts,French Terry,252,Charcoal,Solid,AW25,Vastra Studio,Dhaka Knitwear Ltd,435.31,844.17,https://raw.githubusercontent.com/alexeygrigorev/clothing-dataset/master/images/691adbe1-f608-471e-bbdf-cc2779e92b4e.jpg
WFX-2862,Classic White Polo,Polo,Polyester Pique,192,White,Solid,AW26,Vastra Studio,Tirupur Garments Co,357.38,747.53,https://raw.githubusercontent.com/alexeygrigorev/clothing-dataset/master/images/72015405-2374-4d13-a0c6-b4756b44ac22.jpg
WFX-2863,Athleisure Grey Melange Shirt,Shirt,Linen,125,Grey Melange,Solid,AW26,Meridian Apparel,Dhaka Knitwear Ltd,301.1,724.43,https://raw.githubusercontent.com/alexeygrigorev/clothing-dataset/master/images/3434a264-2825-4e92-b731-3f02aa976617.jpg
WFX-2864,Heritage Grey Melange Sweatshirt,Sweatshirt,Cotton Fleece,269,Grey Melange,Solid,AW25,Kaia Collective,Colombo Apparel Group,689.43,1186.89,https://raw.githubusercontent.com/alexeygrigorev/clothing-dataset/master/images/9ae15e81-d0ca-4219-8adf-1a4231f6b98b.jpg
WFX-2865,Cropped Black Shorts,Shorts,Nylon Ripstop,219,Black,Printed,SS26,Cotton Culture,ABC Textiles,265.02,682.64,https://raw.githubusercontent.com/alexeygrigorev/clothing-dataset/master/images/37e1d0d6-5abc-4a46-b8ef-b9860537d297.jpg
WFX-2866,Classic Black Shorts,Shorts,French Terry,174,Black,Solid,AW25,Meridian Apparel,ABC Textiles,278.5,698.99,https://raw.githubusercontent.com/alexeygrigorev/clothing-dataset/master/images/5dc34a85-d7f8-45bc-b922-2eae1a704f4b.jpg
WFX-2867,Oversized Black Dress,Dress,Cotton Voile,156,Black,Solid,SS26,Cotton Culture,Guangzhou Weave Co,875.3,1682.3,https://raw.githubusercontent.com/alexeygrigorev/clothing-dataset/master/images/82878359-5004-44b9-8a93-6234169793a4.jpg
WFX-2868,Signature Black Polo,Polo,Cotton Pique,205,Black,Printed,AW26,Everlane East,Karachi Textile Mills,370.08,794.88,https://raw.githubusercontent.com/alexeygrigorev/clothing-dataset/master/images/1a313444-17de-43ff-8a75-d02a81edbef4.jpg
WFX-2869,Oversized Charcoal Shirt,Shirt,Cotton Poplin,118,Charcoal,Solid,AW26,Kaia Collective,Tirupur Garments Co,578.47,966.26,https://raw.githubusercontent.com/alexeygrigorev/clothing-dataset/master/images/6104b71c-017f-4631-95c9-6ff414091a7d.jpg
WFX-2870,Heritage Grey Melange Sweatshirt,Sweatshirt,French Terry,338,Grey Melange,Solid,AW25,Kaia Collective,ABC Textiles,551.9,1120.53,https://raw.githubusercontent.com/alexeygrigorev/clothing-dataset/master/images/2be7652b-3fed-47c7-a0e6-d9fb9fd7d23b.jpg
WFX-2871,Heritage Charcoal Skirt,Skirt,Cotton Twill,253,Charcoal,Solid,SS26,UrbanThread,Colombo Apparel Group,443.95,734.81,https://raw.githubusercontent.com/alexeygrigorev/clothing-dataset/master/images/6da4653c-905d-4257-aa82-824afda0c0a5.jpg
WFX-2872,Athleisure Charcoal Hoodie,Hoodie,French Terry,391,Charcoal,Solid,SS25,Everlane East,Guangzhou Weave Co,602.24,1341.62,https://raw.githubusercontent.com/alexeygrigorev/clothing-dataset/master/images/7b61cc39-72e3-4e09-9288-edfffb0785e2.jpg
WFX-2873,Tailored Grey Melange Shorts,Shorts,Nylon Ripstop,204,Grey Melange,Solid,SS25,UrbanThread,Tirupur Garments Co,449.11,1064.25,https://raw.githubusercontent.com/alexeygrigorev/clothing-dataset/master/images/b203c1bf-6427-437b-b24f-2e2542c0ff14.jpg
WFX-2874,Essential Black Skirt,Skirt,Denim 10oz,249,Black,Solid,AW25,Cotton Culture,Istanbul Denim House,473.54,851.65,https://raw.githubusercontent.com/alexeygrigorev/clothing-dataset/master/images/ea6195ca-94fd-4ffa-b133-81f56df1d446.jpg
WFX-2875,Relaxed Grey Melange Dress,Dress,Viscose,164,Grey Melange,Printed,SS25,Kaia Collective,Karachi Textile Mills,472.49,1120.74,https://raw.githubusercontent.com/alexeygrigorev/clothing-dataset/master/images/4c1acd5c-80bc-4f85-adb4-404f553ca881.jpg
WFX-2876,Oversized Grey Melange Shirt,Shirt,Chambray,138,Grey Melange,Solid,AW26,UrbanThread,Hanoi Stitch Co,335.21,736.84,https://raw.githubusercontent.com/alexeygrigorev/clothing-dataset/master/images/8ced139b-54b8-4d7a-b40b-b4cc303bdb62.jpg
WFX-2877,Athleisure Brown Jacket,Jacket,Cotton Canvas,325,Brown,Solid,SS26,Vastra Studio,Dhaka Knitwear Ltd,732.25,1654.09,https://raw.githubusercontent.com/alexeygrigorev/clothing-dataset/master/images/37f416aa-b0b7-47e6-a4aa-ef0aad2f39ec.jpg
WFX-2878,Essential Grey Melange Skirt,Skirt,Polyester Crepe,186,Grey Melange,Solid,AW26,Cotton Culture,Istanbul Denim House,588.86,1519.2,https://raw.githubusercontent.com/alexeygrigorev/clothing-dataset/master/images/9b96c318-a9bf-446f-873e-6388906cce86.jpg
WFX-2879,Essential Black Shorts,Shorts,Cotton Twill,172,Black,Printed,SS26,Cotton Culture,Hanoi Stitch Co,477.8,891.62,https://raw.githubusercontent.com/alexeygrigorev/clothing-dataset/master/images/1b27b2d0-f0ab-4f61-b39e-7c21682fdcea.jpg
WFX-2880,Signature Grey Melange T-Shirt,T-Shirt,100% Cotton,161,Grey Melange,Solid,AW26,Loom & Co,Guangzhou Weave Co,273.11,706.32,https://raw.githubusercontent.com/alexeygrigorev/clothing-dataset/master/images/1b064898-eaa9-4e55-ab86-ebf374e223b1.jpg
WFX-2881,Relaxed Sky Blue Shirt,Shirt,Chambray,122,Sky Blue,Solid,AW26,Vastra Studio,Karachi Textile Mills,375.02,1018.65,https://raw.githubusercontent.com/alexeygrigorev/clothing-dataset/master/images/8de3baf1-0422-4f6c-beca-6ace1f0b8730.jpg
WFX-2882,Athleisure Grey Melange Shorts,Shorts,Cotton Twill,256,Grey Melange,Solid,SS25,Kaia Collective,Noida Knits Pvt Ltd,374.34,1015.19,https://raw.githubusercontent.com/alexeygrigorev/clothing-dataset/master/images/1a78d762-6f4b-49ef-81c1-05f934a95637.jpg
WFX-2883,Signature Blush Pink Dress,Dress,Linen,164,Blush Pink,Solid,SS25,Everlane East,Jakarta Garmindo,424.05,932.31,https://raw.githubusercontent.com/alexeygrigorev/clothing-dataset/master/images/69c6cb91-303a-4d42-be28-0a4e6666b39e.jpg
WFX-2884,Slim Fit Brown Shorts,Shorts,French Terry,259,Brown,Solid,AW25,Loom & Co,Phnom Penh Sewing Ltd,526.35,954.08,https://raw.githubusercontent.com/alexeygrigorev/clothing-dataset/master/images/6f50f3a9-d730-4c73-828f-d155291d4d5b.jpg
WFX-2885,Vintage Grey Melange Sweatshirt,Sweatshirt,Cotton Fleece,336,Grey Melange,Solid,AW25,NorthPeak,Karachi Textile Mills,642.46,1276.06,https://raw.githubusercontent.com/alexeygrigorev/clothing-dataset/master/images/b8c71b29-9989-4d27-8274-cdb9a813a6d5.jpg
WFX-2886,Athleisure Blush Pink Skirt,Skirt,Polyester Crepe,177,Blush Pink,Solid,SS26,Cotton Culture,Karachi Textile Mills,458.5,806.98,https://raw.githubusercontent.com/alexeygrigorev/clothing-dataset/master/images/bc34145a-3844-4c08-a7a2-c45321541f57.jpg
WFX-2887,Relaxed Pink Trousers,Trousers,Poly/Viscose Suiting,294,Pink,Solid,SS26,Cotton Culture,Shenzhen Fashion Works,820.98,1936.77,https://raw.githubusercontent.com/alexeygrigorev/clothing-dataset/master/images/f63adeea-b217-4747-bb2c-8a1b4ce4cef8.jpg
WFX-2888,Oversized Brown Shirt,Shirt,Oxford Cotton,142,Brown,Solid,SS26,Kaia Collective,Guangzhou Weave Co,517.0,1222.32,https://raw.githubusercontent.com/alexeygrigorev/clothing-dataset/master/images/8b465419-b9a1-4cc1-b718-19a2df32e562.jpg
WFX-2889,Cropped Charcoal Jeans,Jeans,Stretch Denim 98/2,446,Charcoal,Solid,AW26,UrbanThread,Jakarta Garmindo,904.55,2417.54,https://raw.githubusercontent.com/alexeygrigorev/clothing-dataset/master/images/93ca234f-1229-4ee3-a05d-127959b2c0ba.jpg
WFX-2890,Cropped Charcoal Shirt,Shirt,Cotton Poplin,134,Charcoal,Solid,AW25,NorthPeak,Shenzhen Fashion Works,358.13,861.05,https://raw.githubusercontent.com/alexeygrigorev/clothing-dataset/master/images/36ad54ae-3450-4264-9655-4de51e6a1a32.jpg
WFX-2891,Classic Blue T-Shirt,T-Shirt,Cotton/Polyester 60/40,147,Blue,Solid,SS26,Kaia Collective,Jakarta Garmindo,322.65,630.51,https://raw.githubusercontent.com/alexeygrigorev/clothing-dataset/master/images/9d981826-b53b-449b-bf38-ead10ca80682.jpg
WFX-2892,Cropped Red Jacket,Jacket,Polyester Shell,363,Red,Printed,SS25,Everlane East,Guangzhou Weave Co,1050.0,2323.76,https://raw.githubusercontent.com/alexeygrigorev/clothing-dataset/master/images/b6661384-0c79-4979-ba83-dc74282e4dad.jpg
WFX-2893,Classic Charcoal Hoodie,Hoodie,Cotton/Polyester Fleece 80/20,380,Charcoal,Solid,SS25,NorthPeak,Jakarta Garmindo,889.12,1756.18,https://raw.githubusercontent.com/alexeygrigorev/clothing-dataset/master/images/a6817831-08d8-49db-b43b-21fdcbac1344.jpg
WFX-2894,Heritage Black Skirt,Skirt,Denim 10oz,246,Black,Solid,SS26,Vastra Studio,Guangzhou Weave Co,378.94,894.51,https://raw.githubusercontent.com/alexeygrigorev/clothing-dataset/master/images/5144499e-7848-4441-8873-7daab5386eec.jpg
WFX-2895,Slim Fit Blush Pink Jacket,Jacket,Denim 12oz,334,Blush Pink,Solid,SS25,Everlane East,Tirupur Garments Co,859.68,2079.73,https://raw.githubusercontent.com/alexeygrigorev/clothing-dataset/master/images/6d57d841-f0f9-4aa2-971f-0149ce938319.jpg
WFX-2896,Cropped Green Shirt,Shirt,Cotton/Linen 70/30,127,Green,Solid,SS25,Cotton Culture,Phnom Penh Sewing Ltd,522.64,917.8,https://raw.githubusercontent.com/alexeygrigorev/clothing-dataset/master/images/420a80c4-dfc9-4cc3-8de6-42765b92bb4b.jpg
WFX-2897,Heritage Blue T-Shirt,T-Shirt,Cotton/Polyester 60/40,145,Blue,Solid,SS26,Kaia Collective,ABC Textiles,188.43,374.44,https://raw.githubusercontent.com/alexeygrigorev/clothing-dataset/master/images/310a4272-ce60-43b9-a83b-bfd4e566574e.jpg
WFX-2898,Tailored Charcoal Shirt,Shirt,Cotton Poplin,160,Charcoal,Solid,SS25,Meridian Apparel,Tirupur Garments Co,583.07,1300.52,https://raw.githubusercontent.com/alexeygrigorev/clothing-dataset/master/images/4de87d5d-6ca4-4a62-9545-c1e281c0bbbe.jpg
WFX-2899,Heritage Yellow Shorts,Shorts,French Terry,228,Yellow,Printed,SS26,Cotton Culture,Shenzhen Fashion Works,371.03,749.21,https://raw.githubusercontent.com/alexeygrigorev/clothing-dataset/master/images/f5c1e802-6920-4a78-966a-2a256bce968a.jpg
WFX-2900,Tailored Maroon Sweatshirt,Sweatshirt,Loopback Cotton,287,Maroon,Solid,SS25,Loom & Co,Istanbul Denim House,780.12,1826.99,https://raw.githubusercontent.com/alexeygrigorev/clothing-dataset/master/images/a344ffde-5aaf-4901-8340-7a5a5f860991.jpg
WFX-2901,Relaxed Sky Blue Hoodie,Hoodie,Cotton/Polyester Fleece 80/20,310,Sky Blue,Solid,SS25,Cotton Culture,Phnom Penh Sewing Ltd,857.02,2002.38,https://raw.githubusercontent.com/alexeygrigorev/clothing-dataset/master/images/3e9d7e85-075c-4720-bd0e-7735d30859a1.jpg
WFX-2902,Tailored Navy Hoodie,Hoodie,Cotton Fleece,329,Navy,Solid,SS26,Kaia Collective,ABC Textiles,565.47,1396.02,https://raw.githubusercontent.com/alexeygrigorev/clothing-dataset/master/images/e2d5c118-6989-4682-b822-3171074af425.jpg
WFX-2903,Oversized Grey Melange T-Shirt,T-Shirt,100% Cotton,177,Grey Melange,Solid,SS25,Meridian Apparel,Jakarta Garmindo,374.57,685.84,https://raw.githubusercontent.com/alexeygrigorev/clothing-dataset/master/images/ecbf9bb1-1360-4b88-a8fd-9fb57df163fd.jpg
WFX-2904,Heritage Sky Blue Polo,Polo,Polyester Pique,184,Sky Blue,Solid,AW26,Loom & Co,Shenzhen Fashion Works,313.23,737.79,https://raw.githubusercontent.com/alexeygrigorev/clothing-dataset/master/images/c6cdf184-6bc0-4a74-b979-cd8764781ab5.jpg
WFX-2905,Heritage Black Jeans,Jeans,Stretch Denim 98/2,451,Black,Solid,AW25,UrbanThread,Guangzhou Weave Co,887.94,2422.04,https://raw.githubusercontent.com/alexeygrigorev/clothing-dataset/master/images/bbfb64cc-f0f9-470e-8b5a-eece4d4438fe.jpg
WFX-2906,Tailored Grey Melange Jacket,Jacket,Denim 12oz,229,Grey Melange,Solid,SS25,Vastra Studio,Colombo Apparel Group,778.77,1296.75,https://raw.githubusercontent.com/alexeygrigorev/clothing-dataset/master/images/f5cc4125-f9b2-4d1c-b384-65f2263ef140.jpg
WFX-2907,Classic Beige T-Shirt,T-Shirt,Cotton Slub,189,Beige,Printed,AW26,Loom & Co,Hanoi Stitch Co,262.78,547.99,https://raw.githubusercontent.com/alexeygrigorev/clothing-dataset/master/images/2a829e2e-44e8-4ec0-bd62-3664baea1fa0.jpg
WFX-2908,Athleisure Lavender Trousers,Trousers,Poly/Viscose Suiting,200,Lavender,Printed,SS25,Loom & Co,Guangzhou Weave Co,688.64,1612.81,https://raw.githubusercontent.com/alexeygrigorev/clothing-dataset/master/images/7b0722e4-ecae-4332-9971-eb3ee433d748.jpg
WFX-2909,Cropped Charcoal T-Shirt,T-Shirt,100% Cotton,177,Charcoal,Printed,AW26,Everlane East,Dhaka Knitwear Ltd,346.72,680.13,https://raw.githubusercontent.com/alexeygrigorev/clothing-dataset/master/images/f59d03e3-1dc0-4015-9e53-7a8925c372c5.jpg
WFX-2910,Vintage Off White Skirt,Skirt,Cotton Twill,200,Off White,Solid,SS26,Meridian Apparel,Guangzhou Weave Co,354.71,661.12,https://raw.githubusercontent.com/alexeygrigorev/clothing-dataset/master/images/628d1234-90c7-41fd-b761-2697b5b528c9.jpg
WFX-2911,Classic Lavender T-Shirt,T-Shirt,Organic Cotton,141,Lavender,Solid,SS25,Everlane East,Dhaka Knitwear Ltd,288.38,653.49,https://raw.githubusercontent.com/alexeygrigorev/clothing-dataset/master/images/6f6325fd-7c5b-48b7-9daf-d64666bcd93b.jpg
WFX-2912,Relaxed Red Hoodie,Hoodie,Cotton/Polyester Fleece 80/20,306,Red,Solid,AW26,Meridian Apparel,Hanoi Stitch Co,786.73,2111.78,https://raw.githubusercontent.com/alexeygrigorev/clothing-dataset/master/images/17f8f985-89d8-47be-891c-952953cfb20d.jpg
WFX-2913,Slim Fit Black Sweatshirt,Sweatshirt,French Terry,288,Black,Solid,SS25,Kaia Collective,Dhaka Knitwear Ltd,646.75,1230.95,https://raw.githubusercontent.com/alexeygrigorev/clothing-dataset/master/images/b515791b-ed22-4eae-9092-234b59f03034.jpg
WFX-2914,Signature Sky Blue Jeans,Jeans,Denim 12oz,414,Sky Blue,Solid,AW26,Cotton Culture,Shenzhen Fashion Works,903.01,1716.46,https://raw.githubusercontent.com/alexeygrigorev/clothing-dataset/master/images/97074b7f-706a-4c17-b875-bd9baa5bed0e.jpg
WFX-2915,Essential Grey Melange Dress,Dress,Rayon Challis,130,Grey Melange,Solid,AW26,Kaia Collective,Shenzhen Fashion Works,405.02,949.13,https://raw.githubusercontent.com/alexeygrigorev/clothing-dataset/master/images/dc8c8cb1-efcd-4a20-afca-79a1869a7352.jpg
WFX-2916,Essential Red Skirt,Skirt,Polyester Crepe,228,Red,Solid,AW26,Meridian Apparel,Hanoi Stitch Co,504.46,1149.49,https://raw.githubusercontent.com/alexeygrigorev/clothing-dataset/master/images/740e3cc1-3b71-454d-9fc9-6cff9a46f3b2.jpg
WFX-2917,Essential Navy Jeans,Jeans,Denim 12oz,396,Navy,Solid,AW25,Cotton Culture,Colombo Apparel Group,927.32,2196.83,https://raw.githubusercontent.com/alexeygrigorev/clothing-dataset/master/images/8571627a-1599-4c45-a7c8-aac55576e4b8.jpg
WFX-2918,Oversized Grey Melange Shirt,Shirt,Cotton/Linen 70/30,138,Grey Melange,Solid,AW25,Loom & Co,Jakarta Garmindo,443.5,872.17,https://raw.githubusercontent.com/alexeygrigorev/clothing-dataset/master/images/c983e9c2-f20e-4416-8907-d238c0a46708.jpg
WFX-2919,Oversized Plum Hoodie,Hoodie,Cotton Fleece,394,Plum,Solid,SS25,UrbanThread,Noida Knits Pvt Ltd,692.38,1326.52,https://raw.githubusercontent.com/alexeygrigorev/clothing-dataset/master/images/5a4e23a8-81a0-4009-9fa0-9e010b652498.jpg
WFX-2920,Tailored Plum Dress,Dress,Linen,174,Plum,Solid,SS26,Kaia Collective,ABC Textiles,572.82,1322.09,https://raw.githubusercontent.com/alexeygrigorev/clothing-dataset/master/images/92f5cc49-20c0-4b60-a206-9f26e4b736a7.jpg
WFX-2921,Cropped Indigo Shorts,Shorts,Nylon Ripstop,210,Indigo,Solid,AW25,Kaia Collective,Guangzhou Weave Co,316.99,800.9,https://raw.githubusercontent.com/alexeygrigorev/clothing-dataset/master/images/9ebafad8-4684-4283-8c17-5a9a0114a707.jpg
WFX-2922,Heritage Sky Blue Skirt,Skirt,Denim 10oz,186,Sky Blue,Solid,AW25,Meridian Apparel,Phnom Penh Sewing Ltd,475.76,1139.55,https://raw.githubusercontent.com/alexeygrigorev/clothing-dataset/master/images/0f8c39ba-e2b1-4c94-be5e-6ac2d924f7ed.jpg
WFX-2923,Signature Charcoal T-Shirt,T-Shirt,Cotton/Polyester 60/40,162,Charcoal,Solid,AW26,Cotton Culture,Tirupur Garments Co,291.59,664.53,https://raw.githubusercontent.com/alexeygrigorev/clothing-dataset/master/images/d47462f2-e678-4e76-a403-a2c90bf4e3c3.jpg
WFX-2924,Relaxed Blush Pink Hoodie,Hoodie,Cotton Fleece,377,Blush Pink,Solid,SS25,Vastra Studio,Hanoi Stitch Co,669.44,1121.6,https://raw.githubusercontent.com/alexeygrigorev/clothing-dataset/master/images/56877c94-71fc-4a43-a447-2c223e3fe4b4.jpg
WFX-2925,Heritage Black Sweatshirt,Sweatshirt,Loopback Cotton,320,Black,Solid,SS26,Loom & Co,ABC Textiles,767.16,2039.01,https://raw.githubusercontent.com/alexeygrigorev/clothing-dataset/master/images/5ea28e5a-f527-4954-b17c-a129b64e3f77.jpg
WFX-2926,Vintage Mustard T-Shirt,T-Shirt,Organic Cotton,214,Mustard,Printed,SS26,Loom & Co,Noida Knits Pvt Ltd,286.09,517.43,https://raw.githubusercontent.com/alexeygrigorev/clothing-dataset/master/images/01ace8a7-7621-478e-af83-cd4fac4cb157.jpg
WFX-2927,Boxy Charcoal T-Shirt,T-Shirt,Cotton Slub,168,Charcoal,Printed,AW26,UrbanThread,Hanoi Stitch Co,279.09,564.73,https://raw.githubusercontent.com/alexeygrigorev/clothing-dataset/master/images/395badf0-fa1e-47ad-82a5-fb24815941fe.jpg
WFX-2928,Relaxed Off White Polo,Polo,Cotton/Spandex 95/5,190,Off White,Solid,AW25,Meridian Apparel,Colombo Apparel Group,319.0,707.37,https://raw.githubusercontent.com/alexeygrigorev/clothing-dataset/master/images/af1bcb5b-f255-455d-aede-442bcfc5ac2f.jpg
WFX-2929,Vintage Black Jacket,Jacket,Denim 12oz,374,Black,Solid,SS26,Loom & Co,Shenzhen Fashion Works,1345.57,2343.98,https://raw.githubusercontent.com/alexeygrigorev/clothing-dataset/master/images/31590ed6-be10-4904-9c7d-087116cc29b6.jpg
WFX-2930,Vintage Blush Pink Sweatshirt,Sweatshirt,Cotton Fleece,321,Blush Pink,Solid,SS25,Vastra Studio,Noida Knits Pvt Ltd,591.61,1366.0,https://raw.githubusercontent.com/alexeygrigorev/clothing-dataset/master/images/ca0a9dca-4e9f-4cf9-92b1-0112b85cef59.jpg
WFX-2931,Classic White Jacket,Jacket,Polyester Shell,366,White,Printed,AW25,UrbanThread,Jakarta Garmindo,1233.11,2172.33,https://raw.githubusercontent.com/alexeygrigorev/clothing-dataset/master/images/60923f19-292b-4523-a5ac-48339d155a0d.jpg
WFX-2932,Heritage Beige T-Shirt,T-Shirt,Organic Cotton,163,Beige,Solid,SS25,NorthPeak,Phnom Penh Sewing Ltd,279.16,582.48,https://raw.githubusercontent.com/alexeygrigorev/clothing-dataset/master/images/8ab22fdd-845b-423b-a043-1618899c9797.jpg
WFX-2933,Slim Fit Brown T-Shirt,T-Shirt,Cotton/Polyester 60/40,197,Brown,Solid,AW25,Everlane East,Istanbul Denim House,301.63,653.24,https://raw.githubusercontent.com/alexeygrigorev/clothing-dataset/master/images/54e2c8ea-58ef-4871-ae3f-75eabd9a2c6c.jpg
WFX-2934,Signature Black Dress,Dress,Linen,123,Black,Solid,SS26,Kaia Collective,Tirupur Garments Co,692.77,1533.08,https://raw.githubusercontent.com/alexeygrigorev/clothing-dataset/master/images/cbe9f7f8-b3b5-4d45-aab6-30c2f904bb18.jpg
WFX-2935,Tailored Grey Melange Sweatshirt,Sweatshirt,French Terry,308,Grey Melange,Solid,AW26,Meridian Apparel,Shenzhen Fashion Works,554.18,958.89,https://raw.githubusercontent.com/alexeygrigorev/clothing-dataset/master/images/e520d072-a907-4f7b-9ed1-3bb3bc085454.jpg
WFX-2936,Tailored Off White Hoodie,Hoodie,Cotton Fleece,340,Off White,Solid,SS25,Loom & Co,Jakarta Garmindo,855.72,1985.08,https://raw.githubusercontent.com/alexeygrigorev/clothing-dataset/master/images/3975a9b1-ef23-4688-95f8-3500c1850c1b.jpg
WFX-2937,Heritage Black Jeans,Jeans,Denim 12oz,478,Black,Solid,AW26,Everlane East,Noida Knits Pvt Ltd,996.51,2667.02,https://raw.githubusercontent.com/alexeygrigorev/clothing-dataset/master/images/3c8b71f9-ed39-4916-8fa1-ecc82a3d5986.jpg
WFX-2938,Vintage Grey Melange Dress,Dress,Viscose,167,Grey Melange,Printed,SS26,Loom & Co,Istanbul Denim House,585.93,1597.31,https://raw.githubusercontent.com/alexeygrigorev/clothing-dataset/master/images/fa633eb5-0ca4-4e22-943e-1cdeaf9e60b5.jpg
WFX-2939,Cropped Black Jacket,Jacket,Polyester Shell,285,Black,Solid,AW26,NorthPeak,Dhaka Knitwear Ltd,1129.43,2122.22,https://raw.githubusercontent.com/alexeygrigorev/clothing-dataset/master/images/4b319ef4-36eb-431f-8627-dba90b8b3bed.jpg
WFX-2940,Oversized Grey Melange Skirt,Skirt,Cotton Twill,230,Grey Melange,Solid,SS25,Everlane East,Jakarta Garmindo,560.28,901.23,https://raw.githubusercontent.com/alexeygrigorev/clothing-dataset/master/images/0ab26941-211e-44d7-a62a-20207fa7a3e0.jpg
WFX-2941,Athleisure Black Skirt,Skirt,Polyester Crepe,192,Black,Solid,SS26,NorthPeak,Noida Knits Pvt Ltd,426.79,762.13,https://raw.githubusercontent.com/alexeygrigorev/clothing-dataset/master/images/55808c24-c583-4bb5-91a1-6dca3056faf2.jpg
WFX-2942,Relaxed Black Dress,Dress,Linen,146,Black,Printed,AW26,Kaia Collective,Karachi Textile Mills,686.53,1915.53,https://raw.githubusercontent.com/alexeygrigorev/clothing-dataset/master/images/4c60802b-fe0c-4cc8-a36e-0c6bde058bea.jpg
WFX-2943,Athleisure Blue Hoodie,Hoodie,Cotton/Polyester Fleece 80/20,351,Blue,Solid,SS26,Everlane East,Colombo Apparel Group,699.71,1332.62,https://raw.githubusercontent.com/alexeygrigorev/clothing-dataset/master/images/3aa1b6a5-a2bf-42d9-a5e8-d53aa3bbd9b4.jpg
WFX-2944,Slim Fit Grey Melange Hoodie,Hoodie,French Terry,295,Grey Melange,Solid,SS25,Vastra Studio,Guangzhou Weave Co,786.52,1679.94,https://raw.githubusercontent.com/alexeygrigorev/clothing-dataset/master/images/d2741f29-7a64-41f4-ae62-921aed6b0702.jpg
WFX-2945,Classic Black Shorts,Shorts,Nylon Ripstop,262,Black,Printed,AW25,Everlane East,Guangzhou Weave Co,415.17,1011.55,https://raw.githubusercontent.com/alexeygrigorev/clothing-dataset/master/images/4332be6c-e992-4dab-8be4-823c183f8249.jpg
WFX-2946,Vintage Grey Melange Trousers,Trousers,Cotton Twill,211,Grey Melange,Solid,SS25,Loom & Co,Phnom Penh Sewing Ltd,770.46,1668.82,https://raw.githubusercontent.com/alexeygrigorev/clothing-dataset/master/images/cd3e5c86-c3e3-46aa-b7fc-9c825f7fbfd8.jpg
WFX-2947,Vintage Yellow Shorts,Shorts,Cotton Twill,207,Yellow,Solid,SS26,UrbanThread,Karachi Textile Mills,274.01,450.83,https://raw.githubusercontent.com/alexeygrigorev/clothing-dataset/master/images/d09d4a13-040d-4a49-94da-7c1dcfa381b9.jpg
WFX-2948,Tailored Grey Melange Shorts,Shorts,French Terry,223,Grey Melange,Solid,SS26,Vastra Studio,Noida Knits Pvt Ltd,381.69,703.09,https://raw.githubusercontent.com/alexeygrigorev/clothing-dataset/master/images/bf9ebb31-3120-457f-82e0-41be27999bac.jpg
WFX-2949,Heritage Sky Blue T-Shirt,T-Shirt,Cotton/Polyester 60/40,218,Sky Blue,Solid,SS25,Meridian Apparel,Shenzhen Fashion Works,192.37,316.12,https://raw.githubusercontent.com/alexeygrigorev/clothing-dataset/master/images/fd3361c0-a56f-46db-9012-6ee55840447b.jpg
WFX-2950,Athleisure Black Sweatshirt,Sweatshirt,Loopback Cotton,359,Black,Solid,AW25,UrbanThread,Karachi Textile Mills,559.77,1345.46,https://raw.githubusercontent.com/alexeygrigorev/clothing-dataset/master/images/9db35e36-d392-4ffd-9ef5-508b6b2cb18f.jpg
WFX-2951,Essential Charcoal Skirt,Skirt,Cotton Twill,210,Charcoal,Printed,SS26,NorthPeak,Phnom Penh Sewing Ltd,399.57,1037.17,https://raw.githubusercontent.com/alexeygrigorev/clothing-dataset/master/images/b524ee06-ab17-4e0f-8e79-40d12c275d92.jpg
WFX-2952,Slim Fit Red T-Shirt,T-Shirt,Cotton/Polyester 60/40,198,Red,Solid,AW26,Loom & Co,Colombo Apparel Group,382.43,875.72,https://raw.githubusercontent.com/alexeygrigorev/clothing-dataset/master/images/aa6bb957-1ab8-4590-80d8-e9d825ffd6ff.jpg
WFX-2953,Cropped Charcoal Dress,Dress,Linen,137,Charcoal,Printed,SS26,Kaia Collective,Jakarta Garmindo,536.98,934.57,https://raw.githubusercontent.com/alexeygrigorev/clothing-dataset/master/images/b9e6ff63-efb5-483c-8243-d0853e1b9688.jpg
WFX-2954,Heritage Navy Dress,Dress,Linen,161,Navy,Solid,AW26,UrbanThread,Istanbul Denim House,773.48,1940.64,https://raw.githubusercontent.com/alexeygrigorev/clothing-dataset/master/images/05d361f6-9518-4bf7-a644-6dba9402adf4.jpg
WFX-2955,Heritage Plum T-Shirt,T-Shirt,100% Cotton,173,Plum,Solid,AW25,Cotton Culture,Shenzhen Fashion Works,166.89,393.93,https://raw.githubusercontent.com/alexeygrigorev/clothing-dataset/master/images/d6e3ef75-dc58-453a-9fc5-af67aa90454d.jpg
WFX-2956,Relaxed Lavender Jacket,Jacket,Denim 12oz,352,Lavender,Solid,SS26,Loom & Co,Colombo Apparel Group,1182.09,2885.46,https://raw.githubusercontent.com/alexeygrigorev/clothing-dataset/master/images/81ea6d3a-911f-4900-b504-89d7fa5e2ee4.jpg
WFX-2957,Essential Red T-Shirt,T-Shirt,Organic Cotton,149,Red,Solid,AW25,NorthPeak,Hanoi Stitch Co,288.64,523.65,https://raw.githubusercontent.com/alexeygrigorev/clothing-dataset/master/images/a1ce79d6-ad15-4bc6-96bb-ed6b380d0104.jpg
WFX-2958,Cropped Teal Skirt,Skirt,Viscose,203,Teal,Solid,AW25,Vastra Studio,Shenzhen Fashion Works,557.99,1050.04,https://raw.githubusercontent.com/alexeygrigorev/clothing-dataset/master/images/32a3a470-09a9-4b9b-8fa4-968ab10e50e9.jpg
WFX-2959,Oversized Grey Melange Dress,Dress,Rayon Challis,179,Grey Melange,Solid,AW26,UrbanThread,Dhaka Knitwear Ltd,545.82,1383.5,https://raw.githubusercontent.com/alexeygrigorev/clothing-dataset/master/images/c6047440-2a5c-48d0-9c51-162735f5e368.jpg
WFX-2960,Boxy Grey Melange Trousers,Trousers,Poly/Viscose Suiting,205,Grey Melange,Printed,SS26,Kaia Collective,Hanoi Stitch Co,781.6,1598.71,https://raw.githubusercontent.com/alexeygrigorev/clothing-dataset/master/images/879432f4-b4b1-416f-a03d-2477556027da.jpg
WFX-2961,Tailored Red Jacket,Jacket,Denim 12oz,321,Red,Solid,AW26,Kaia Collective,ABC Textiles,899.88,2062.52,https://raw.githubusercontent.com/alexeygrigorev/clothing-dataset/master/images/2a30b135-f0ce-45d3-ab59-6bfa92e0abd3.jpg
WFX-2962,Oversized Charcoal Skirt,Skirt,Polyester Crepe,190,Charcoal,Solid,AW26,Cotton Culture,Istanbul Denim House,601.14,1521.54,https://raw.githubusercontent.com/alexeygrigorev/clothing-dataset/master/images/36d30ee9-1a06-49a5-94ca-1e58f13e7dc2.jpg
WFX-2963,Athleisure Red Dress,Dress,Viscose,126,Red,Solid,SS26,Meridian Apparel,Hanoi Stitch Co,558.69,961.45,https://raw.githubusercontent.com/alexeygrigorev/clothing-dataset/master/images/32c91193-3fe7-48a1-8867-01c55e4f3985.jpg
WFX-2964,Slim Fit Off White Hoodie,Hoodie,Cotton Fleece,314,Off White,Solid,AW26,Everlane East,Hanoi Stitch Co,662.11,1546.49,https://raw.githubusercontent.com/alexeygrigorev/clothing-dataset/master/images/de484f70-c1ef-4f66-9435-8ac433940881.jpg
WFX-2965,Cropped Beige Skirt,Skirt,Denim 10oz,229,Beige,Solid,AW26,Meridian Apparel,Karachi Textile Mills,563.27,1148.0,https://raw.githubusercontent.com/alexeygrigorev/clothing-dataset/master/images/26921ddb-5f3e-4878-a156-3318f4d831b0.jpg
WFX-2966,Tailored Grey Melange Dress,Dress,Linen,129,Grey Melange,Printed,AW26,Everlane East,Shenzhen Fashion Works,797.8,1966.56,https://raw.githubusercontent.com/alexeygrigorev/clothing-dataset/master/images/78ba342e-239f-4b19-81ed-e0266331f71c.jpg
WFX-2967,Boxy Black Jeans,Jeans,Stretch Denim 98/2,378,Black,Solid,AW25,Cotton Culture,Karachi Textile Mills,783.79,1263.23,https://raw.githubusercontent.com/alexeygrigorev/clothing-dataset/master/images/d4a187ad-8edd-4b3b-aee1-d4d3904c9952.jpg
WFX-2968,Oversized Black Shorts,Shorts,Nylon Ripstop,192,Black,Solid,AW25,UrbanThread,Karachi Textile Mills,418.64,955.09,https://raw.githubusercontent.com/alexeygrigorev/clothing-dataset/master/images/eaebcbd6-c54d-435e-a679-13ca18e96e4c.jpg
WFX-2969,Essential Black Skirt,Skirt,Polyester Crepe,200,Black,Printed,SS26,Cotton Culture,Guangzhou Weave Co,593.64,1018.43,https://raw.githubusercontent.com/alexeygrigorev/clothing-dataset/master/images/6fb5a560-4000-43f6-b656-f61cf0a8649e.jpg
WFX-2970,Classic Beige Trousers,Trousers,Chino Twill,271,Beige,Solid,AW26,Loom & Co,Hanoi Stitch Co,650.87,1674.05,https://raw.githubusercontent.com/alexeygrigorev/clothing-dataset/master/images/79e3574b-361d-4c3a-b311-85c4ee1e784b.jpg
WFX-2971,Cropped Charcoal Jacket,Jacket,Polyester Shell,367,Charcoal,Solid,SS26,Cotton Culture,Tirupur Garments Co,1218.31,2898.31,https://raw.githubusercontent.com/alexeygrigorev/clothing-dataset/master/images/35cc16d1-d4e6-4970-b0dd-0938053dd82a.jpg
WFX-2972,Boxy Plum Hoodie,Hoodie,French Terry,337,Plum,Solid,AW25,Meridian Apparel,Colombo Apparel Group,850.33,1749.37,https://raw.githubusercontent.com/alexeygrigorev/clothing-dataset/master/images/4f92ab1e-87fb-4d81-b3fe-469d1630f3df.jpg
WFX-2973,Oversized Black Sweatshirt,Sweatshirt,Loopback Cotton,340,Black,Printed,AW25,Cotton Culture,Dhaka Knitwear Ltd,644.92,1345.13,https://raw.githubusercontent.com/alexeygrigorev/clothing-dataset/master/images/fd24aa3a-2cce-49a4-b905-a8cd33f35d91.jpg
WFX-2974,Heritage Beige Shorts,Shorts,Nylon Ripstop,200,Beige,Solid,AW26,NorthPeak,Phnom Penh Sewing Ltd,445.9,1093.58,https://raw.githubusercontent.com/alexeygrigorev/clothing-dataset/master/images/d2bbcd06-5d22-4bbf-8780-df9c7818b45a.jpg
WFX-2975,Slim Fit Off White Shirt,Shirt,Linen,157,Off White,Solid,AW25,UrbanThread,Karachi Textile Mills,534.77,1475.23,https://raw.githubusercontent.com/alexeygrigorev/clothing-dataset/master/images/54f0bc77-e51b-48a8-872b-b552b89c5d73.jpg
WFX-2976,Signature Red Shorts,Shorts,French Terry,190,Red,Printed,SS25,Vastra Studio,Guangzhou Weave Co,448.61,1224.04,https://raw.githubusercontent.com/alexeygrigorev/clothing-dataset/master/images/7882749a-5565-4c6b-ab4c-52d871babcc5.jpg
WFX-2977,Tailored Sky Blue Jacket,Jacket,Cotton Canvas,246,Sky Blue,Printed,SS25,UrbanThread,Istanbul Denim House,786.0,2141.18,https://raw.githubusercontent.com/alexeygrigorev/clothing-dataset/master/images/8e0180ca-68ec-4c04-8283-ad6a0ce6292c.jpg
WFX-2978,Vintage Pink T-Shirt,T-Shirt,100% Cotton,153,Pink,Solid,SS26,Vastra Studio,Noida Knits Pvt Ltd,215.61,385.15,https://raw.githubusercontent.com/alexeygrigorev/clothing-dataset/master/images/6c635b96-ef2c-409b-8978-7c63e0733e1d.jpg
WFX-2979,Classic Navy Jacket,Jacket,Denim 12oz,333,Navy,Solid,SS25,Cotton Culture,Tirupur Garments Co,1263.83,2221.22,https://raw.githubusercontent.com/alexeygrigorev/clothing-dataset/master/images/8f8c07c7-b289-41eb-ac43-9bfb8863e0cb.jpg
WFX-2980,Tailored Charcoal Shirt,Shirt,Cotton/Linen 70/30,139,Charcoal,Solid,AW26,Meridian Apparel,Colombo Apparel Group,689.99,1551.58,https://raw.githubusercontent.com/alexeygrigorev/clothing-dataset/master/images/309ead9a-2672-40b7-8a09-ab5fc6abccc0.jpg
WFX-2981,Cropped Brown Jacket,Jacket,Cotton Canvas,364,Brown,Solid,SS26,Kaia Collective,Jakarta Garmindo,1091.48,2584.35,https://raw.githubusercontent.com/alexeygrigorev/clothing-dataset/master/images/ff231d91-0ff6-4485-98e7-a05c26f09fec.jpg
WFX-2982,Cropped Charcoal Dress,Dress,Viscose,156,Charcoal,Printed,SS25,UrbanThread,Tirupur Garments Co,519.33,1087.81,https://raw.githubusercontent.com/alexeygrigorev/clothing-dataset/master/images/415566a9-f64f-412f-9509-b72d8b8d6c65.jpg
WFX-2983,Boxy Charcoal Dress,Dress,Cotton Voile,136,Charcoal,Solid,SS26,UrbanThread,Istanbul Denim House,608.06,978.96,https://raw.githubusercontent.com/alexeygrigorev/clothing-dataset/master/images/4334620b-316c-4762-a116-9add429220d0.jpg
WFX-2984,Relaxed Charcoal Trousers,Trousers,Chino Twill,276,Charcoal,Solid,AW26,Everlane East,Hanoi Stitch Co,504.05,810.85,https://raw.githubusercontent.com/alexeygrigorev/clothing-dataset/master/images/471f46a6-09d5-48c1-a9ea-83617c1fc294.jpg
WFX-2985,Relaxed Grey Melange Shorts,Shorts,Cotton Twill,180,Grey Melange,Solid,SS26,Loom & Co,Karachi Textile Mills,464.48,1103.23,https://raw.githubusercontent.com/alexeygrigorev/clothing-dataset/master/images/47ea331b-d59b-4043-9b35-6ede8ba7c194.jpg
WFX-2986,Heritage Black Jeans,Jeans,Denim 12oz,472,Black,Solid,SS26,NorthPeak,Guangzhou Weave Co,958.72,2580.82,https://raw.githubusercontent.com/alexeygrigorev/clothing-dataset/master/images/6c86fcb8-3bb1-4b70-bf96-b756b992a9f9.jpg
WFX-2987,Oversized Red Sweatshirt,Sweatshirt,Loopback Cotton,284,Red,Solid,AW26,Kaia Collective,Colombo Apparel Group,741.39,1348.51,https://raw.githubusercontent.com/alexeygrigorev/clothing-dataset/master/images/1b499ee5-b290-43d5-ae17-05d5b38c4f9c.jpg
WFX-2988,Tailored Black Dress,Dress,Linen,162,Black,Solid,SS25,Meridian Apparel,ABC Textiles,453.28,735.8,https://raw.githubusercontent.com/alexeygrigorev/clothing-dataset/master/images/ac4e79c1-4bfd-4181-bdff-cd860af2c8d3.jpg
WFX-2989,Relaxed Black Trousers,Trousers,Chino Twill,234,Black,Solid,SS25,Meridian Apparel,ABC Textiles,456.27,970.08,https://raw.githubusercontent.com/alexeygrigorev/clothing-dataset/master/images/984b613e-a489-4acb-bb29-de2c25a5b4a1.jpg
WFX-2990,Essential Brown Trousers,Trousers,Cotton Twill,263,Brown,Printed,AW26,UrbanThread,Istanbul Denim House,497.73,1047.37,https://raw.githubusercontent.com/alexeygrigorev/clothing-dataset/master/images/f9b5db75-cc6e-4883-ba11-2ef61dd58371.jpg
WFX-2991,Tailored Black Dress,Dress,Viscose,118,Black,Solid,AW26,Meridian Apparel,Dhaka Knitwear Ltd,380.82,963.77,https://raw.githubusercontent.com/alexeygrigorev/clothing-dataset/master/images/ddfd02ed-5717-4dfa-a7d6-277dbaec7f7d.jpg
WFX-2992,Relaxed White T-Shirt,T-Shirt,Organic Cotton,188,White,Solid,AW26,Kaia Collective,Guangzhou Weave Co,357.06,623.55,https://raw.githubusercontent.com/alexeygrigorev/clothing-dataset/master/images/0aa095c3-9d4d-4416-8788-82655af859a8.jpg
WFX-2993,Heritage Black T-Shirt,T-Shirt,100% Cotton,165,Black,Solid,AW25,Kaia Collective,Jakarta Garmindo,265.21,669.71,https://raw.githubusercontent.com/alexeygrigorev/clothing-dataset/master/images/6eb2176e-dd45-4e27-b5aa-a87e08870ac2.jpg
WFX-2994,Classic Off White Polo,Polo,Polyester Pique,199,Off White,Printed,SS25,NorthPeak,Guangzhou Weave Co,530.86,950.42,https://raw.githubusercontent.com/alexeygrigorev/clothing-dataset/master/images/85fd78ab-a6b3-4c0b-82ea-606c67a18c82.jpg
WFX-2995,Relaxed Black Skirt,Skirt,Polyester Crepe,165,Black,Solid,SS25,Vastra Studio,Noida Knits Pvt Ltd,426.15,708.48,https://raw.githubusercontent.com/alexeygrigorev/clothing-dataset/master/images/c1df0487-20c3-4acc-a0d8-cfbf14942e2a.jpg
WFX-2996,Vintage Charcoal Jacket,Jacket,Denim 12oz,223,Charcoal,Solid,AW25,UrbanThread,Dhaka Knitwear Ltd,850.62,1642.82,https://raw.githubusercontent.com/alexeygrigorev/clothing-dataset/master/images/f70a8081-439e-4c5d-a944-7516afafd1a7.jpg
WFX-2997,Relaxed White Dress,Dress,Linen,160,White,Solid,AW25,Kaia Collective,Dhaka Knitwear Ltd,728.62,1301.31,https://raw.githubusercontent.com/alexeygrigorev/clothing-dataset/master/images/9fdf4d40-5e5c-445a-ada6-bd87925609ca.jpg
WFX-2998,Classic Off White Sweatshirt,Sweatshirt,Cotton Fleece,339,Off White,Solid,SS25,Cotton Culture,Noida Knits Pvt Ltd,535.37,1479.54,https://raw.githubusercontent.com/alexeygrigorev/clothing-dataset/master/images/980bcf05-03b4-4628-806e-fd141f92fe82.jpg
WFX-2999,Essential Charcoal Shorts,Shorts,French Terry,228,Charcoal,Solid,SS26,Kaia Collective,Shenzhen Fashion Works,487.44,853.5,https://raw.githubusercontent.com/alexeygrigorev/clothing-dataset/master/images/eae092a5-8a1c-49d6-88f6-1ee8c71c0e07.jpg
WFX-3000,Classic Brown Skirt,Skirt,Cotton Twill,228,Brown,Solid,AW26,Kaia Collective,Colombo Apparel Group,432.22,1067.27,https://raw.githubusercontent.com/alexeygrigorev/clothing-dataset/master/images/2001dec1-1e0a-4c11-9d15-120b019b3dea.jpg
WFX-3001,Signature Maroon Skirt,Skirt,Denim 10oz,164,Maroon,Solid,AW26,NorthPeak,Hanoi Stitch Co,498.35,1122.46,https://raw.githubusercontent.com/alexeygrigorev/clothing-dataset/master/images/411a2823-10f9-47d8-bed1-7c3f715b5de4.jpg
WFX-3002,Tailored Black Hoodie,Hoodie,Cotton Fleece,347,Black,Printed,SS26,Kaia Collective,Colombo Apparel Group,519.76,1016.03,https://raw.githubusercontent.com/alexeygrigorev/clothing-dataset/master/images/937586f2-6f66-466a-befd-c2b30bb329d6.jpg
WFX-3003,Essential Grey Melange Shirt,Shirt,Chambray,134,Grey Melange,Printed,AW25,Cotton Culture,Phnom Penh Sewing Ltd,593.46,1578.32,https://raw.githubusercontent.com/alexeygrigorev/clothing-dataset/master/images/7e200cc9-e2fe-40ae-9e69-0d3ef877241b.jpg
WFX-3004,Boxy Charcoal Hoodie,Hoodie,French Terry,348,Charcoal,Solid,AW25,NorthPeak,Noida Knits Pvt Ltd,818.57,1496.22,https://raw.githubusercontent.com/alexeygrigorev/clothing-dataset/master/images/9526eb58-e1d2-4f3d-aba9-441da1c31f94.jpg
WFX-3005,Classic Maroon Dress,Dress,Polyester Crepe,141,Maroon,Solid,AW25,Meridian Apparel,Dhaka Knitwear Ltd,410.76,915.11,https://raw.githubusercontent.com/alexeygrigorev/clothing-dataset/master/images/7405eabb-acec-426a-bfa3-a0533b1778e0.jpg
WFX-3006,Heritage Pink Shirt,Shirt,Oxford Cotton,116,Pink,Solid,AW26,Kaia Collective,Phnom Penh Sewing Ltd,494.15,849.2,https://raw.githubusercontent.com/alexeygrigorev/clothing-dataset/master/images/00e745c9-97d9-429d-8c3f-d3db7a2d2991.jpg
WFX-3007,Relaxed Brown Skirt,Skirt,Cotton Twill,186,Brown,Solid,AW26,Loom & Co,ABC Textiles,377.25,928.57,https://raw.githubusercontent.com/alexeygrigorev/clothing-dataset/master/images/81dad8de-c735-4a92-9047-94896cd7b110.jpg
WFX-3008,Essential Brown Skirt,Skirt,Cotton Twill,186,Brown,Solid,SS25,NorthPeak,Karachi Textile Mills,495.31,1350.16,https://raw.githubusercontent.com/alexeygrigorev/clothing-dataset/master/images/39dc8452-9d13-4941-a1e2-fc05df87ee4c.jpg
WFX-3009,Tailored Blush Pink Hoodie,Hoodie,French Terry,289,Blush Pink,Solid,SS25,Loom & Co,Shenzhen Fashion Works,825.51,1398.02,https://raw.githubusercontent.com/alexeygrigorev/clothing-dataset/master/images/db1908f6-a882-43e2-b199-d1541957d377.jpg
WFX-3010,Athleisure Black Shorts,Shorts,French Terry,209,Black,Solid,AW25,Everlane East,Shenzhen Fashion Works,306.84,684.69,https://raw.githubusercontent.com/alexeygrigorev/clothing-dataset/master/images/9e29f08f-0e9a-42ff-86f3-7330babc2c6f.jpg
WFX-3011,Vintage Charcoal Sweatshirt,Sweatshirt,Cotton Fleece,333,Charcoal,Solid,SS25,Meridian Apparel,Noida Knits Pvt Ltd,543.19,1168.11,https://raw.githubusercontent.com/alexeygrigorev/clothing-dataset/master/images/2e4a6e78-3040-4796-8e6b-7ecbb5118150.jpg
WFX-3012,Athleisure Black Hoodie,Hoodie,French Terry,331,Black,Solid,AW26,Cotton Culture,Jakarta Garmindo,677.11,1617.64,https://raw.githubusercontent.com/alexeygrigorev/clothing-dataset/master/images/0b0457d9-32f9-4b34-915d-017e5525d9f6.jpg
WFX-3013,Essential Grey Melange Jacket,Jacket,Denim 12oz,315,Grey Melange,Solid,AW25,Vastra Studio,Guangzhou Weave Co,1071.11,2527.7,https://raw.githubusercontent.com/alexeygrigorev/clothing-dataset/master/images/3d7a04ef-f6c9-4461-9db2-b2c87b3aa481.jpg
WFX-3014,Boxy Charcoal Shorts,Shorts,French Terry,278,Charcoal,Solid,AW26,UrbanThread,Istanbul Denim House,473.37,961.89,https://raw.githubusercontent.com/alexeygrigorev/clothing-dataset/master/images/0eebc4eb-24d7-4c53-bdf9-59c2e894ce59.jpg
WFX-3015,Classic Off White T-Shirt,T-Shirt,Organic Cotton,216,Off White,Solid,SS26,Vastra Studio,Colombo Apparel Group,154.08,271.5,https://raw.githubusercontent.com/alexeygrigorev/clothing-dataset/master/images/796012c8-ca16-4b87-ab83-e00e0a6a78f0.jpg
WFX-3016,Tailored Off White Polo,Polo,Cotton/Spandex 95/5,181,Off White,Solid,AW25,Loom & Co,Colombo Apparel Group,481.46,1315.36,https://raw.githubusercontent.com/alexeygrigorev/clothing-dataset/master/images/cbdd5624-4257-43b8-a1c7-5f0c5841b9ba.jpg
WFX-3017,Relaxed Black Shorts,Shorts,Nylon Ripstop,205,Black,Printed,AW25,NorthPeak,Phnom Penh Sewing Ltd,296.83,569.32,https://raw.githubusercontent.com/alexeygrigorev/clothing-dataset/master/images/73074cee-871e-4b79-8b25-197bb404e7d3.jpg
WFX-3018,Oversized Red Jacket,Jacket,Nylon Taslan,366,Red,Solid,SS26,Kaia Collective,Guangzhou Weave Co,1059.82,2863.06,https://raw.githubusercontent.com/alexeygrigorev/clothing-dataset/master/images/1ca6b60f-add8-4cb6-a51f-168fffd27992.jpg
WFX-3019,Oversized Red Trousers,Trousers,Cotton Twill,262,Red,Solid,SS26,UrbanThread,Phnom Penh Sewing Ltd,771.57,1873.0,https://raw.githubusercontent.com/alexeygrigorev/clothing-dataset/master/images/03383314-4e34-4604-8ba0-f5d75371204f.jpg
WFX-3020,Vintage Grey Melange Sweatshirt,Sweatshirt,French Terry,359,Grey Melange,Printed,AW26,Loom & Co,Hanoi Stitch Co,422.37,1066.52,https://raw.githubusercontent.com/alexeygrigorev/clothing-dataset/master/images/7523e98d-3dd3-4206-8073-4610b3bc9901.jpg
WFX-3021,Heritage Plum Sweatshirt,Sweatshirt,Cotton Fleece,343,Plum,Solid,AW26,UrbanThread,Noida Knits Pvt Ltd,739.79,2008.07,https://raw.githubusercontent.com/alexeygrigorev/clothing-dataset/master/images/efae0012-7b21-4406-bd98-6d685626fab4.jpg
WFX-3022,Tailored Black Shirt,Shirt,Chambray,112,Black,Solid,AW25,Meridian Apparel,Hanoi Stitch Co,427.73,974.32,https://raw.githubusercontent.com/alexeygrigorev/clothing-dataset/master/images/556761df-ffc1-4af4-aaf9-80425f50fb8b.jpg
WFX-3023,Athleisure Red Shorts,Shorts,French Terry,253,Red,Solid,SS25,Vastra Studio,Phnom Penh Sewing Ltd,549.21,1518.7,https://raw.githubusercontent.com/alexeygrigorev/clothing-dataset/master/images/0a1955a3-c4c5-4141-8a72-afbcf92d0dfa.jpg
WFX-3024,Athleisure Black Dress,Dress,Cotton Voile,150,Black,Solid,SS25,Everlane East,Istanbul Denim House,431.41,864.29,https://raw.githubusercontent.com/alexeygrigorev/clothing-dataset/master/images/8c6b26f9-e3d4-483b-99bd-db4f6beff442.jpg
WFX-3025,Slim Fit Sky Blue Hoodie,Hoodie,Cotton Fleece,331,Sky Blue,Solid,AW26,Vastra Studio,Tirupur Garments Co,675.82,1708.87,https://raw.githubusercontent.com/alexeygrigorev/clothing-dataset/master/images/d025ff75-f62a-4a3c-9498-73b6362078c3.jpg
WFX-3026,Tailored White Polo,Polo,Cotton/Spandex 95/5,221,White,Solid,AW25,Vastra Studio,Guangzhou Weave Co,421.4,958.01,https://raw.githubusercontent.com/alexeygrigorev/clothing-dataset/master/images/61f8ed48-1cf5-4b7d-9d81-08769eecb467.jpg
WFX-3027,Oversized Blue Dress,Dress,Cotton Voile,155,Blue,Solid,AW26,Everlane East,Dhaka Knitwear Ltd,527.88,1430.01,https://raw.githubusercontent.com/alexeygrigorev/clothing-dataset/master/images/6e143162-9472-43c3-8db1-04eeea838ae8.jpg
WFX-3028,Cropped Charcoal Dress,Dress,Cotton Voile,124,Charcoal,Solid,AW25,Cotton Culture,ABC Textiles,526.41,1217.4,https://raw.githubusercontent.com/alexeygrigorev/clothing-dataset/master/images/2a711e77-ef04-47ca-8b5c-f1729d0ce04e.jpg
WFX-3029,Relaxed Grey Melange Dress,Dress,Linen,118,Grey Melange,Printed,SS26,Meridian Apparel,Shenzhen Fashion Works,592.25,1604.44,https://raw.githubusercontent.com/alexeygrigorev/clothing-dataset/master/images/f83cdf3f-f53a-4395-b70f-da23eb29e676.jpg
WFX-3030,Cropped Red T-Shirt,T-Shirt,100% Cotton,146,Red,Printed,SS25,Cotton Culture,Tirupur Garments Co,210.76,494.27,https://raw.githubusercontent.com/alexeygrigorev/clothing-dataset/master/images/b602653d-ecac-482d-abac-710a440ba811.jpg
WFX-3031,Tailored Red Skirt,Skirt,Polyester Crepe,197,Red,Solid,AW25,Vastra Studio,Guangzhou Weave Co,464.92,929.03,https://raw.githubusercontent.com/alexeygrigorev/clothing-dataset/master/images/011ecf12-aab1-4c72-8f77-2649386cd23b.jpg
WFX-3032,Signature Black Sweatshirt,Sweatshirt,Cotton Fleece,321,Black,Solid,SS25,Everlane East,Guangzhou Weave Co,649.22,1811.82,https://raw.githubusercontent.com/alexeygrigorev/clothing-dataset/master/images/28fc3fad-5363-4c70-9c5d-ee739d2e21a8.jpg
WFX-3033,Athleisure Forest Green Polo,Polo,Cotton/Spandex 95/5,190,Forest Green,Solid,SS26,UrbanThread,Guangzhou Weave Co,268.03,493.4,https://raw.githubusercontent.com/alexeygrigorev/clothing-dataset/master/images/a59f077d-a9f6-4da0-af7c-ff619cdbf8d7.jpg
WFX-3034,Essential Grey Melange Shirt,Shirt,Cotton Poplin,114,Grey Melange,Solid,SS25,UrbanThread,Noida Knits Pvt Ltd,455.46,877.02,https://raw.githubusercontent.com/alexeygrigorev/clothing-dataset/master/images/b628acdf-7e0d-49db-b012-d46188960fca.jpg
WFX-3035,Oversized Charcoal Jeans,Jeans,Stretch Denim 98/2,438,Charcoal,Solid,SS26,Kaia Collective,Guangzhou Weave Co,638.7,1313.7,https://raw.githubusercontent.com/alexeygrigorev/clothing-dataset/master/images/c3580e17-9937-4131-8f15-a9c3cfaf2d33.jpg
WFX-3036,Classic Charcoal Sweatshirt,Sweatshirt,French Terry,285,Charcoal,Printed,SS25,Vastra Studio,Guangzhou Weave Co,600.26,1290.31,https://raw.githubusercontent.com/alexeygrigorev/clothing-dataset/master/images/1fae808a-2c24-4790-8514-fd39e1a67219.jpg
WFX-3037,Heritage Grey Melange Shorts,Shorts,Nylon Ripstop,222,Grey Melange,Solid,SS26,Cotton Culture,Hanoi Stitch Co,368.02,658.17,https://raw.githubusercontent.com/alexeygrigorev/clothing-dataset/master/images/f5f753f4-97ab-4696-a2ab-4b05dc228678.jpg
WFX-3038,Vintage Black Dress,Dress,Rayon Challis,164,Black,Printed,SS25,NorthPeak,Colombo Apparel Group,501.73,840.1,https://raw.githubusercontent.com/alexeygrigorev/clothing-dataset/master/images/3e31fc3e-3d82-4a1d-a6e3-08257f5124e2.jpg
WFX-3039,Signature Off White Polo,Polo,Cotton Pique,201,Off White,Solid,AW26,Vastra Studio,Dhaka Knitwear Ltd,519.15,1239.9,https://raw.githubusercontent.com/alexeygrigorev/clothing-dataset/master/images/4c34a38e-1727-4971-b37c-c2421e884938.jpg
WFX-3040,Essential Charcoal Jeans,Jeans,Stretch Denim 98/2,379,Charcoal,Solid,AW26,Meridian Apparel,Phnom Penh Sewing Ltd,755.88,1492.76,https://raw.githubusercontent.com/alexeygrigorev/clothing-dataset/master/images/a964b0de-0237-4f35-a8b6-4650a26c3a91.jpg
WFX-3041,Cropped Mustard Jacket,Jacket,Polyester Shell,368,Mustard,Solid,AW25,Everlane East,Tirupur Garments Co,1187.22,3039.43,https://raw.githubusercontent.com/alexeygrigorev/clothing-dataset/master/images/c258578a-6d97-4514-91b5-7d146893756f.jpg
WFX-3042,Tailored Black Sweatshirt,Sweatshirt,Cotton Fleece,332,Black,Solid,SS25,Meridian Apparel,Jakarta Garmindo,766.84,1519.11,https://raw.githubusercontent.com/alexeygrigorev/clothing-dataset/master/images/da9a24f3-3bfd-420e-9f5f-12e67662d5af.jpg
WFX-3043,Vintage Grey Melange Skirt,Skirt,Viscose,233,Grey Melange,Printed,SS26,Kaia Collective,Karachi Textile Mills,310.32,615.19,https://raw.githubusercontent.com/alexeygrigorev/clothing-dataset/master/images/f9c7e0bc-dfde-4720-b6bd-64bfeb2c55fa.jpg
WFX-3044,Athleisure Grey Melange T-Shirt,T-Shirt,Cotton/Polyester 60/40,164,Grey Melange,Solid,SS26,Vastra Studio,Phnom Penh Sewing Ltd,176.69,321.88,https://raw.githubusercontent.com/alexeygrigorev/clothing-dataset/master/images/09ffb7d6-3045-4d5a-8f4b-f0e4738fa960.jpg
WFX-3045,Slim Fit Off White Hoodie,Hoodie,Cotton Fleece,367,Off White,Printed,AW26,Cotton Culture,Istanbul Denim House,461.74,782.82,https://raw.githubusercontent.com/alexeygrigorev/clothing-dataset/master/images/3083e116-7dbb-41fb-b4ff-7b5b455ad70f.jpg
WFX-3046,Classic Forest Green Shirt,Shirt,Cotton/Linen 70/30,141,Forest Green,Solid,AW26,UrbanThread,Shenzhen Fashion Works,489.54,879.48,https://raw.githubusercontent.com/alexeygrigorev/clothing-dataset/master/images/12162c30-f6c8-4054-9f35-937629373cca.jpg
WFX-3047,Oversized Black Sweatshirt,Sweatshirt,Loopback Cotton,288,Black,Printed,AW25,Kaia Collective,Shenzhen Fashion Works,696.95,1941.63,https://raw.githubusercontent.com/alexeygrigorev/clothing-dataset/master/images/7a20924e-30a3-49e9-8d9f-417c163ea444.jpg
WFX-3048,Vintage Black Hoodie,Hoodie,French Terry,321,Black,Printed,SS25,Everlane East,Karachi Textile Mills,840.05,2238.82,https://raw.githubusercontent.com/alexeygrigorev/clothing-dataset/master/images/06bb461c-a133-46be-9663-a56a14cf6712.jpg
WFX-3049,Tailored Grey Melange Shirt,Shirt,Cotton/Linen 70/30,149,Grey Melange,Solid,SS25,Loom & Co,Jakarta Garmindo,675.66,1544.78,https://raw.githubusercontent.com/alexeygrigorev/clothing-dataset/master/images/a934396b-3a7e-468d-bbc8-38290dd06507.jpg
WFX-3050,Vintage Grey Melange Dress,Dress,Polyester Crepe,105,Grey Melange,Printed,SS25,Everlane East,Jakarta Garmindo,832.78,1578.01,https://raw.githubusercontent.com/alexeygrigorev/clothing-dataset/master/images/35bea435-5e0c-4fe4-9890-2a58f37f4029.jpg
WFX-3051,Boxy Charcoal Sweatshirt,Sweatshirt,French Terry,297,Charcoal,Solid,AW25,Everlane East,Colombo Apparel Group,575.82,1532.42,https://raw.githubusercontent.com/alexeygrigorev/clothing-dataset/master/images/64b0151b-6138-470c-b699-8fb6db3898f2.jpg
WFX-3052,Heritage Off White Sweatshirt,Sweatshirt,Cotton Fleece,266,Off White,Solid,AW26,Loom & Co,Istanbul Denim House,675.98,1814.61,https://raw.githubusercontent.com/alexeygrigorev/clothing-dataset/master/images/428ce15c-34b7-4b44-a7fe-fbf1d10343f6.jpg
WFX-3053,Slim Fit Grey Melange Shirt,Shirt,Oxford Cotton,159,Grey Melange,Printed,AW26,Everlane East,Jakarta Garmindo,534.18,1427.97,https://raw.githubusercontent.com/alexeygrigorev/clothing-dataset/master/images/1952d99b-8e70-480f-8423-1df24515096f.jpg
WFX-3054,Relaxed Beige Trousers,Trousers,Chino Twill,257,Beige,Solid,AW26,Loom & Co,Guangzhou Weave Co,411.21,881.81,https://raw.githubusercontent.com/alexeygrigorev/clothing-dataset/master/images/1042a9df-2411-4f6c-b156-1d0d94e2f6ed.jpg
WFX-3055,Signature Grey Melange Shorts,Shorts,Nylon Ripstop,248,Grey Melange,Solid,SS25,Loom & Co,Tirupur Garments Co,444.57,1090.87,https://raw.githubusercontent.com/alexeygrigorev/clothing-dataset/master/images/25a32575-d8ba-4f54-8c92-013f13a3d7df.jpg
WFX-3056,Tailored Brown T-Shirt,T-Shirt,Cotton Slub,186,Brown,Solid,AW25,Everlane East,Guangzhou Weave Co,171.33,419.54,https://raw.githubusercontent.com/alexeygrigorev/clothing-dataset/master/images/24eb25f2-de76-4ea2-8279-cf46fc941dd9.jpg
WFX-3057,Slim Fit Grey Melange Dress,Dress,Viscose,121,Grey Melange,Solid,AW25,Meridian Apparel,Noida Knits Pvt Ltd,851.74,1940.77,https://raw.githubusercontent.com/alexeygrigorev/clothing-dataset/master/images/e3c8e575-c5b8-4c4c-9f49-62b37b611b6b.jpg
WFX-3058,Cropped Pink T-Shirt,T-Shirt,100% Cotton,193,Pink,Solid,AW25,Loom & Co,Istanbul Denim House,227.02,562.15,https://raw.githubusercontent.com/alexeygrigorev/clothing-dataset/master/images/9bccf7a3-d461-44d6-ad9c-c59e86853258.jpg
WFX-3059,Boxy Blue Sweatshirt,Sweatshirt,French Terry,260,Blue,Solid,AW26,UrbanThread,Istanbul Denim House,649.02,1235.56,https://raw.githubusercontent.com/alexeygrigorev/clothing-dataset/master/images/2a7c343b-733a-4870-8c2e-a76109dbec68.jpg
WFX-3060,Boxy Grey Melange Jacket,Jacket,Polyester Shell,275,Grey Melange,Solid,SS25,UrbanThread,Karachi Textile Mills,1229.98,2670.11,https://raw.githubusercontent.com/alexeygrigorev/clothing-dataset/master/images/9cca1f30-e4ed-4910-81ba-fd125607a4b7.jpg
WFX-3061,Classic Red T-Shirt,T-Shirt,Organic Cotton,219,Red,Solid,AW25,Meridian Apparel,Shenzhen Fashion Works,307.16,793.75,https://raw.githubusercontent.com/alexeygrigorev/clothing-dataset/master/images/fa53d8bd-0c11-4849-bd90-0eb6737f63a2.jpg
WFX-3062,Athleisure Black Jeans,Jeans,Denim 14oz,349,Black,Solid,SS26,Cotton Culture,Phnom Penh Sewing Ltd,587.22,962.41,https://raw.githubusercontent.com/alexeygrigorev/clothing-dataset/master/images/3306907c-309c-4227-b151-59c734cde663.jpg
WFX-3063,Cropped Black Hoodie,Hoodie,Cotton Fleece,293,Black,Printed,AW25,Kaia Collective,Noida Knits Pvt Ltd,637.63,1156.6,https://raw.githubusercontent.com/alexeygrigorev/clothing-dataset/master/images/373f429d-e84b-4a10-9874-6c7e4b5abafe.jpg
WFX-3064,Oversized Black Sweatshirt,Sweatshirt,French Terry,271,Black,Solid,AW26,Loom & Co,Karachi Textile Mills,707.4,1405.88,https://raw.githubusercontent.com/alexeygrigorev/clothing-dataset/master/images/6636b9ca-c163-48a6-9def-4f66c70685e2.jpg
WFX-3065,Tailored Sky Blue Shirt,Shirt,Cotton/Linen 70/30,118,Sky Blue,Solid,AW26,Vastra Studio,Hanoi Stitch Co,348.81,917.82,https://raw.githubusercontent.com/alexeygrigorev/clothing-dataset/master/images/4ecf5b79-2a31-4006-aa36-76f62b6fa24c.jpg
WFX-3066,Tailored Indigo Polo,Polo,Polyester Pique,183,Indigo,Printed,SS25,Kaia Collective,Noida Knits Pvt Ltd,282.79,700.1,https://raw.githubusercontent.com/alexeygrigorev/clothing-dataset/master/images/a0861f9e-fb45-4337-b80c-7f0b2ef8582f.jpg
WFX-3067,Athleisure Black Shorts,Shorts,Nylon Ripstop,237,Black,Solid,SS26,Meridian Apparel,Phnom Penh Sewing Ltd,504.34,964.09,https://raw.githubusercontent.com/alexeygrigorev/clothing-dataset/master/images/cbae96c4-ee32-4c10-a69e-d723e0a54480.jpg
WFX-3068,Signature Maroon Jacket,Jacket,Cotton Canvas,346,Maroon,Solid,SS26,Vastra Studio,Shenzhen Fashion Works,1427.18,3796.86,https://raw.githubusercontent.com/alexeygrigorev/clothing-dataset/master/images/b3aaf6c8-759c-4b9d-b410-990377cb7f55.jpg
WFX-3069,Relaxed Black Hoodie,Hoodie,Cotton Fleece,283,Black,Solid,AW26,Everlane East,Guangzhou Weave Co,659.2,1684.97,https://raw.githubusercontent.com/alexeygrigorev/clothing-dataset/master/images/89d00f6f-40c7-4ff5-a84a-11569f86cc72.jpg
WFX-3070,Heritage White Sweatshirt,Sweatshirt,Loopback Cotton,304,White,Solid,AW25,NorthPeak,ABC Textiles,624.17,1476.16,https://raw.githubusercontent.com/alexeygrigorev/clothing-dataset/master/images/4099acf4-21f3-434d-a10b-1bccad17039b.jpg
WFX-3071,Oversized Off White Hoodie,Hoodie,Cotton Fleece,319,Off White,Solid,SS26,Cotton Culture,ABC Textiles,585.13,1322.39,https://raw.githubusercontent.com/alexeygrigorev/clothing-dataset/master/images/93b4efc3-7c1b-4b4d-898f-a10106e39a67.jpg
WFX-3072,Relaxed Mustard Trousers,Trousers,Chino Twill,292,Mustard,Solid,SS26,Cotton Culture,Tirupur Garments Co,656.01,1805.43,https://raw.githubusercontent.com/alexeygrigorev/clothing-dataset/master/images/300963e8-f469-471c-a7dd-9eed99ddad4f.jpg
WFX-3073,Heritage Charcoal Shorts,Shorts,Nylon Ripstop,262,Charcoal,Solid,AW26,Cotton Culture,Tirupur Garments Co,260.67,459.54,https://raw.githubusercontent.com/alexeygrigorev/clothing-dataset/master/images/51a5e2a1-3e60-48fd-a8e5-1c7051e2f082.jpg
WFX-3074,Athleisure Teal Skirt,Skirt,Denim 10oz,258,Teal,Solid,SS26,UrbanThread,Colombo Apparel Group,559.9,1456.93,https://raw.githubusercontent.com/alexeygrigorev/clothing-dataset/master/images/4d4f6900-da14-4e6c-9236-e3a98261fdc2.jpg
WFX-3075,Essential Pink Jacket,Jacket,Denim 12oz,310,Pink,Solid,AW26,Meridian Apparel,ABC Textiles,759.59,1351.44,https://raw.githubusercontent.com/alexeygrigorev/clothing-dataset/master/images/1c8e4388-c6db-42d7-9f9d-3311b1f9204d.jpg
WFX-3076,Signature Black T-Shirt,T-Shirt,Cotton/Polyester 60/40,216,Black,Solid,SS26,UrbanThread,Colombo Apparel Group,179.21,454.98,https://raw.githubusercontent.com/alexeygrigorev/clothing-dataset/master/images/bfcfaab9-549e-46f8-bbb7-7355d9fc58b4.jpg
WFX-3077,Cropped Beige Shorts,Shorts,Nylon Ripstop,171,Beige,Printed,AW25,NorthPeak,Istanbul Denim House,399.12,752.41,https://raw.githubusercontent.com/alexeygrigorev/clothing-dataset/master/images/35e0d6b8-da0c-4ce8-b2d6-6117d02e9549.jpg
WFX-3078,Boxy Grey Melange T-Shirt,T-Shirt,100% Cotton,187,Grey Melange,Solid,SS25,Kaia Collective,Dhaka Knitwear Ltd,346.24,877.15,https://raw.githubusercontent.com/alexeygrigorev/clothing-dataset/master/images/b2d4500e-92cb-4474-9e76-8a8cb6e36012.jpg
WFX-3079,Cropped Plum Jacket,Jacket,Polyester Shell,307,Plum,Solid,SS26,Meridian Apparel,Jakarta Garmindo,1531.27,3795.91,https://raw.githubusercontent.com/alexeygrigorev/clothing-dataset/master/images/ff795dc2-36b1-4122-bf4a-6e2916a90182.jpg
WFX-3080,Tailored Red Jacket,Jacket,Polyester Shell,272,Red,Solid,SS25,UrbanThread,Guangzhou Weave Co,1352.11,2908.72,https://raw.githubusercontent.com/alexeygrigorev/clothing-dataset/master/images/2c1c3c2a-5b22-4133-9509-1877d6a106a0.jpg
WFX-3081,Boxy Charcoal Sweatshirt,Sweatshirt,French Terry,347,Charcoal,Solid,SS25,Loom & Co,Hanoi Stitch Co,739.25,1956.24,https://raw.githubusercontent.com/alexeygrigorev/clothing-dataset/master/images/cbabc6f4-e6a8-4d02-9027-b746fa2749e4.jpg
WFX-3082,Essential Grey Melange Skirt,Skirt,Cotton Twill,213,Grey Melange,Printed,AW25,Vastra Studio,Shenzhen Fashion Works,565.47,1338.25,https://raw.githubusercontent.com/alexeygrigorev/clothing-dataset/master/images/78b7da73-ca6c-4e99-b88d-a9f358e7f0f2.jpg
WFX-3083,Cropped Pink Jacket,Jacket,Denim 12oz,356,Pink,Printed,AW25,Meridian Apparel,Dhaka Knitwear Ltd,987.23,2102.15,https://raw.githubusercontent.com/alexeygrigorev/clothing-dataset/master/images/62c7effa-be77-4a26-bb0d-3cf9373ce3ae.jpg
WFX-3084,Relaxed Grey Melange Hoodie,Hoodie,Cotton Fleece,281,Grey Melange,Solid,SS26,Cotton Culture,Dhaka Knitwear Ltd,881.23,2001.76,https://raw.githubusercontent.com/alexeygrigorev/clothing-dataset/master/images/d5964c78-8b77-4622-80f3-66e0c6c5e90e.jpg
WFX-3085,Slim Fit Black Shorts,Shorts,Cotton Twill,280,Black,Solid,SS25,NorthPeak,Shenzhen Fashion Works,461.31,894.91,https://raw.githubusercontent.com/alexeygrigorev/clothing-dataset/master/images/273d37f5-1f5f-4ab2-bfbf-1e5a4648500c.jpg
WFX-3086,Classic Grey Melange Shirt,Shirt,Chambray,138,Grey Melange,Solid,SS25,Everlane East,Noida Knits Pvt Ltd,320.29,523.61,https://raw.githubusercontent.com/alexeygrigorev/clothing-dataset/master/images/60881532-686f-4d41-8fce-bdd19a1faadb.jpg
WFX-3087,Heritage Charcoal Jacket,Jacket,Nylon Taslan,329,Charcoal,Solid,AW26,Cotton Culture,Phnom Penh Sewing Ltd,1052.73,2574.57,https://raw.githubusercontent.com/alexeygrigorev/clothing-dataset/master/images/26d61cdc-a947-45f1-a16c-bf3eb23a67ed.jpg
WFX-3088,Oversized Olive Sweatshirt,Sweatshirt,Loopback Cotton,285,Olive,Solid,AW26,Meridian Apparel,Jakarta Garmindo,685.16,1647.84,https://raw.githubusercontent.com/alexeygrigorev/clothing-dataset/master/images/4f729809-9370-4a5e-90f1-139b60908389.jpg
WFX-3089,Signature Black Jeans,Jeans,Stretch Denim 98/2,459,Black,Solid,AW26,Kaia Collective,Noida Knits Pvt Ltd,558.36,1101.35,https://raw.githubusercontent.com/alexeygrigorev/clothing-dataset/master/images/1d407629-87e5-4702-b9fc-e3b19de93570.jpg
WFX-3090,Vintage Grey Melange Dress,Dress,Rayon Challis,118,Grey Melange,Solid,AW25,Cotton Culture,Hanoi Stitch Co,823.6,1927.5,https://raw.githubusercontent.com/alexeygrigorev/clothing-dataset/master/images/0a69db60-c052-4b9a-a90d-e53120d091d5.jpg
WFX-3091,Boxy Black Sweatshirt,Sweatshirt,Loopback Cotton,322,Black,Printed,AW26,Meridian Apparel,Hanoi Stitch Co,412.11,894.44,https://raw.githubusercontent.com/alexeygrigorev/clothing-dataset/master/images/4014f464-8bd5-4425-b934-735630cce566.jpg
WFX-3092,Signature Grey Melange Shorts,Shorts,Nylon Ripstop,237,Grey Melange,Solid,SS25,Cotton Culture,Karachi Textile Mills,422.4,933.31,https://raw.githubusercontent.com/alexeygrigorev/clothing-dataset/master/images/af33ba3c-f251-4a1f-952e-391ea8349029.jpg
WFX-3093,Athleisure Black Sweatshirt,Sweatshirt,Loopback Cotton,328,Black,Solid,AW25,Meridian Apparel,Shenzhen Fashion Works,584.39,1349.15,https://raw.githubusercontent.com/alexeygrigorev/clothing-dataset/master/images/c7fed2fc-5dd4-4e43-a210-fce6c7e5c5eb.jpg
WFX-3094,Vintage Grey Melange Shirt,Shirt,Cotton/Linen 70/30,114,Grey Melange,Solid,AW26,Cotton Culture,Phnom Penh Sewing Ltd,436.29,1124.19,https://raw.githubusercontent.com/alexeygrigorev/clothing-dataset/master/images/adab8f60-032a-4c67-94fc-4d2902a27501.jpg
WFX-3095,Athleisure Charcoal Sweatshirt,Sweatshirt,French Terry,344,Charcoal,Solid,AW26,Loom & Co,Guangzhou Weave Co,667.84,1661.08,https://raw.githubusercontent.com/alexeygrigorev/clothing-dataset/master/images/f4814937-780a-467e-9acb-1e96754a928f.jpg
WFX-3096,Cropped Black Jeans,Jeans,Denim 14oz,423,Black,Solid,AW26,Loom & Co,Tirupur Garments Co,833.05,2154.62,https://raw.githubusercontent.com/alexeygrigorev/clothing-dataset/master/images/90a39c88-b6b4-4565-8e35-41959de94a9b.jpg
WFX-3097,Oversized Grey Melange Jeans,Jeans,Stretch Denim 98/2,437,Grey Melange,Solid,AW25,Meridian Apparel,ABC Textiles,696.44,1653.34,https://raw.githubusercontent.com/alexeygrigorev/clothing-dataset/master/images/122f0c94-4f37-4010-8c43-06d79bdf4433.jpg
WFX-3098,Athleisure Red Dress,Dress,Rayon Challis,119,Red,Printed,AW26,Vastra Studio,Phnom Penh Sewing Ltd,599.14,1168.21,https://raw.githubusercontent.com/alexeygrigorev/clothing-dataset/master/images/a0b2aa38-51d0-4219-a135-fa3d769f7d37.jpg
WFX-3099,Cropped Navy Sweatshirt,Sweatshirt,Cotton Fleece,300,Navy,Solid,AW26,Cotton Culture,Noida Knits Pvt Ltd,519.89,1327.39,https://raw.githubusercontent.com/alexeygrigorev/clothing-dataset/master/images/82fb6d56-3878-40db-a274-2b4ed916a115.jpg
WFX-3100,Cropped Charcoal Skirt,Skirt,Cotton Twill,218,Charcoal,Printed,SS25,Cotton Culture,Tirupur Garments Co,645.25,1345.37,https://raw.githubusercontent.com/alexeygrigorev/clothing-dataset/master/images/2fdb6ac9-dfe4-4824-baab-6bf4e1d2f802.jpg
WFX-3101,Cropped Grey Melange Hoodie,Hoodie,Cotton Fleece,370,Grey Melange,Solid,SS25,Vastra Studio,Dhaka Knitwear Ltd,702.01,1947.68,https://raw.githubusercontent.com/alexeygrigorev/clothing-dataset/master/images/10529e10-2487-405d-93e9-696e1cc81f96.jpg
WFX-3102,Vintage Grey Melange T-Shirt,T-Shirt,Cotton Slub,220,Grey Melange,Solid,AW25,Meridian Apparel,Karachi Textile Mills,229.53,472.68,https://raw.githubusercontent.com/alexeygrigorev/clothing-dataset/master/images/d7163666-0cc4-4bf8-b13a-04dee9a2a4f5.jpg
WFX-3103,Vintage Coral Hoodie,Hoodie,Cotton Fleece,304,Coral,Solid,AW25,NorthPeak,Hanoi Stitch Co,699.94,1828.24,https://raw.githubusercontent.com/alexeygrigorev/clothing-dataset/master/images/16356499-195f-453c-907a-595872f78f06.jpg
WFX-3104,Boxy Grey Melange T-Shirt,T-Shirt,Cotton/Polyester 60/40,141,Grey Melange,Printed,AW26,Meridian Apparel,Guangzhou Weave Co,167.94,271.87,https://raw.githubusercontent.com/alexeygrigorev/clothing-dataset/master/images/bdec999d-41df-420c-923a-8fed2a9d040b.jpg
WFX-3105,Athleisure Grey Melange T-Shirt,T-Shirt,Cotton/Polyester 60/40,193,Grey Melange,Solid,AW26,Meridian Apparel,Guangzhou Weave Co,365.04,975.5,https://raw.githubusercontent.com/alexeygrigorev/clothing-dataset/master/images/dc982c2d-49e9-4c08-8b49-4bcc0671c355.jpg
WFX-3106,Slim Fit Off White T-Shirt,T-Shirt,Cotton Slub,210,Off White,Solid,AW26,UrbanThread,Shenzhen Fashion Works,355.02,731.93,https://raw.githubusercontent.com/alexeygrigorev/clothing-dataset/master/images/16e59add-f4dc-42ed-9d0b-117b82ade746.jpg
WFX-3107,Athleisure Charcoal Shirt,Shirt,Oxford Cotton,155,Charcoal,Solid,SS26,UrbanThread,Jakarta Garmindo,500.69,1047.95,https://raw.githubusercontent.com/alexeygrigorev/clothing-dataset/master/images/c1be15b5-e23e-46cf-ada3-b221321f7101.jpg
WFX-3108,Signature Beige Polo,Polo,Polyester Pique,210,Beige,Solid,SS25,Meridian Apparel,Istanbul Denim House,461.46,801.0,https://raw.githubusercontent.com/alexeygrigorev/clothing-dataset/master/images/8739dc35-d1f1-45f7-899a-7a087c41abdf.jpg
WFX-3109,Relaxed Navy Shirt,Shirt,Cotton/Linen 70/30,143,Navy,Printed,AW26,Loom & Co,Dhaka Knitwear Ltd,331.29,883.85,https://raw.githubusercontent.com/alexeygrigorev/clothing-dataset/master/images/e713ee55-04ea-459e-ac7a-fef088e07a3c.jpg
WFX-3110,Boxy Pink Sweatshirt,Sweatshirt,Cotton Fleece,266,Pink,Solid,AW26,Kaia Collective,ABC Textiles,761.43,1707.16,https://raw.githubusercontent.com/alexeygrigorev/clothing-dataset/master/images/19c31480-4d55-472e-ae52-a2df4e33c7ea.jpg
WFX-3111,Slim Fit Plum Sweatshirt,Sweatshirt,Loopback Cotton,305,Plum,Solid,SS25,NorthPeak,Colombo Apparel Group,784.23,2005.96,https://raw.githubusercontent.com/alexeygrigorev/clothing-dataset/master/images/79b4fd6e-ad0e-4b68-b956-bc5c7748dbcc.jpg
WFX-3112,Heritage Black T-Shirt,T-Shirt,100% Cotton,220,Black,Printed,SS26,UrbanThread,ABC Textiles,268.29,483.7,https://raw.githubusercontent.com/alexeygrigorev/clothing-dataset/master/images/3381cf35-563a-4be1-aa16-ef944a3d30b0.jpg
WFX-3113,Cropped Red Skirt,Skirt,Denim 10oz,150,Red,Solid,AW25,NorthPeak,Colombo Apparel Group,344.39,582.79,https://raw.githubusercontent.com/alexeygrigorev/clothing-dataset/master/images/49e9555c-f96e-4887-90e5-036b4d908c64.jpg
WFX-3114,Signature Blue Polo,Polo,Cotton/Spandex 95/5,180,Blue,Solid,AW25,Kaia Collective,Phnom Penh Sewing Ltd,472.43,1098.2,https://raw.githubusercontent.com/alexeygrigorev/clothing-dataset/master/images/97d79060-78c0-4111-af1b-57d1475aa0f2.jpg
WFX-3115,Tailored Off White Shirt,Shirt,Oxford Cotton,126,Off White,Solid,SS25,Cotton Culture,Tirupur Garments Co,613.01,1154.56,https://raw.githubusercontent.com/alexeygrigorev/clothing-dataset/master/images/d3445515-3989-4420-8ad0-21e7ccf118eb.jpg
WFX-3116,Vintage Plum Trousers,Trousers,Cotton Twill,218,Plum,Solid,AW26,Vastra Studio,Istanbul Denim House,667.99,1727.47,https://raw.githubusercontent.com/alexeygrigorev/clothing-dataset/master/images/2c54ae46-0d68-4bca-a225-bbef7b34b640.jpg
WFX-3117,Classic Charcoal Shorts,Shorts,French Terry,241,Charcoal,Solid,SS26,Loom & Co,Hanoi Stitch Co,300.18,688.41,https://raw.githubusercontent.com/alexeygrigorev/clothing-dataset/master/images/763f1369-1d31-434d-b2c0-f3dc60576a63.jpg
WFX-3118,Tailored Black Jacket,Jacket,Polyester Shell,338,Black,Solid,AW25,Everlane East,Guangzhou Weave Co,1058.87,2077.12,https://raw.githubusercontent.com/alexeygrigorev/clothing-dataset/master/images/bf0a5434-a9ee-4f3e-83ea-139fb18d733c.jpg
WFX-3119,Cropped Maroon Dress,Dress,Polyester Crepe,133,Maroon,Solid,AW26,Everlane East,ABC Textiles,429.83,1136.61,https://raw.githubusercontent.com/alexeygrigorev/clothing-dataset/master/images/ae6f7084-8025-4ac5-9326-1f5db4e61305.jpg
WFX-3120,Athleisure Black Jacket,Jacket,Nylon Taslan,244,Black,Solid,SS26,Cotton Culture,Karachi Textile Mills,1525.94,3608.71,https://raw.githubusercontent.com/alexeygrigorev/clothing-dataset/master/images/80ea2b05-080f-45f8-afe7-5a09b5071144.jpg
WFX-3121,Boxy Rust Hoodie,Hoodie,Cotton/Polyester Fleece 80/20,382,Rust,Solid,AW25,Vastra Studio,Karachi Textile Mills,494.22,1178.82,https://raw.githubusercontent.com/alexeygrigorev/clothing-dataset/master/images/2c74a33c-4267-4bd0-946c-0dd214183f5b.jpg
WFX-3122,Heritage Pink Hoodie,Hoodie,French Terry,368,Pink,Solid,SS25,Loom & Co,ABC Textiles,896.95,1772.3,https://raw.githubusercontent.com/alexeygrigorev/clothing-dataset/master/images/1c9f7329-6013-460f-8cc1-3c38eb4d9903.jpg
WFX-3123,Signature Charcoal Jeans,Jeans,Denim 12oz,474,Charcoal,Solid,SS26,NorthPeak,Shenzhen Fashion Works,562.34,1200.67,https://raw.githubusercontent.com/alexeygrigorev/clothing-dataset/master/images/facb2d9e-2e26-48dc-aefc-da385357ad99.jpg
WFX-3124,Heritage Navy Shirt,Shirt,Cotton Poplin,111,Navy,Solid,AW25,Loom & Co,Phnom Penh Sewing Ltd,547.76,913.81,https://raw.githubusercontent.com/alexeygrigorev/clothing-dataset/master/images/8519abcb-e9e7-44ba-812f-81ece738126f.jpg
WFX-3125,Athleisure Charcoal Polo,Polo,Cotton Pique,234,Charcoal,Solid,AW25,Loom & Co,Noida Knits Pvt Ltd,431.41,884.89,https://raw.githubusercontent.com/alexeygrigorev/clothing-dataset/master/images/2fabbb28-f7b2-4da2-89cf-7937da3c6f67.jpg
WFX-3126,Boxy Pink Hoodie,Hoodie,Cotton/Polyester Fleece 80/20,317,Pink,Solid,SS26,Everlane East,Noida Knits Pvt Ltd,660.13,1797.81,https://raw.githubusercontent.com/alexeygrigorev/clothing-dataset/master/images/000d31f6-44b5-4758-8d86-c4fcfb234392.jpg
WFX-3127,Vintage Grey Melange Jacket,Jacket,Denim 12oz,261,Grey Melange,Solid,AW26,Cotton Culture,ABC Textiles,1402.66,2710.98,https://raw.githubusercontent.com/alexeygrigorev/clothing-dataset/master/images/44bf7760-a7c2-41c2-9eb4-1d12bd5c235c.jpg
WFX-3128,Athleisure Black Sweatshirt,Sweatshirt,Loopback Cotton,293,Black,Printed,AW26,Meridian Apparel,Shenzhen Fashion Works,471.17,793.11,https://raw.githubusercontent.com/alexeygrigorev/clothing-dataset/master/images/c3c72b7c-d55e-4e4d-9aad-3b18d86ce4e3.jpg
WFX-3129,Heritage Indigo Dress,Dress,Viscose,118,Indigo,Solid,SS25,Kaia Collective,Phnom Penh Sewing Ltd,647.35,1370.77,https://raw.githubusercontent.com/alexeygrigorev/clothing-dataset/master/images/ce27bde3-b523-449c-87b0-35c4317d32d1.jpg
WFX-3130,Boxy Yellow Polo,Polo,Cotton Pique,182,Yellow,Solid,SS25,Kaia Collective,Colombo Apparel Group,271.88,621.41,https://raw.githubusercontent.com/alexeygrigorev/clothing-dataset/master/images/ce5e1ff5-b923-462b-b897-c26d7c571ece.jpg
WFX-3131,Essential Grey Melange Shirt,Shirt,Cotton Poplin,112,Grey Melange,Printed,AW26,UrbanThread,Guangzhou Weave Co,565.84,1086.26,https://raw.githubusercontent.com/alexeygrigorev/clothing-dataset/master/images/15f9e043-b73c-4443-9ea2-56c142756f11.jpg
WFX-3132,Tailored Red Sweatshirt,Sweatshirt,Loopback Cotton,315,Red,Printed,AW25,UrbanThread,Dhaka Knitwear Ltd,561.57,1388.94,https://raw.githubusercontent.com/alexeygrigorev/clothing-dataset/master/images/0a671f9d-d105-4ec9-8642-f4f228f8a90f.jpg
WFX-3133,Essential Red Dress,Dress,Polyester Crepe,115,Red,Solid,SS26,Everlane East,Hanoi Stitch Co,661.98,1801.94,https://raw.githubusercontent.com/alexeygrigorev/clothing-dataset/master/images/1bb8d90d-2b00-4623-9bfe-2ffac4f7d17f.jpg
WFX-3134,Oversized Beige Shorts,Shorts,French Terry,242,Beige,Solid,AW26,NorthPeak,Hanoi Stitch Co,277.2,621.36,https://raw.githubusercontent.com/alexeygrigorev/clothing-dataset/master/images/9935412e-9bfe-49be-b291-574c235e32fb.jpg
WFX-3135,Cropped Sky Blue Shorts,Shorts,Cotton Twill,230,Sky Blue,Solid,AW26,Loom & Co,Shenzhen Fashion Works,261.8,539.57,https://raw.githubusercontent.com/alexeygrigorev/clothing-dataset/master/images/92af39a3-3cad-4753-9818-b83bf03c398b.jpg
WFX-3136,Slim Fit Black Dress,Dress,Polyester Crepe,110,Black,Printed,SS25,Vastra Studio,Shenzhen Fashion Works,836.87,1778.83,https://raw.githubusercontent.com/alexeygrigorev/clothing-dataset/master/images/d4477250-7054-436a-a337-baad421bc8cc.jpg
WFX-3137,Cropped Blue T-Shirt,T-Shirt,Cotton/Polyester 60/40,202,Blue,Solid,AW26,Kaia Collective,Noida Knits Pvt Ltd,247.19,630.65,https://raw.githubusercontent.com/alexeygrigorev/clothing-dataset/master/images/da1eb101-497b-488e-9c23-9bb47bb7bf94.jpg
WFX-3138,Vintage Black Dress,Dress,Viscose,143,Black,Solid,SS25,Vastra Studio,ABC Textiles,380.83,969.34,https://raw.githubusercontent.com/alexeygrigorev/clothing-dataset/master/images/3d12283a-fd39-4f2b-a8f9-da9f1d5bdae5.jpg
WFX-3139,Relaxed Grey Melange Shorts,Shorts,French Terry,271,Grey Melange,Solid,SS25,UrbanThread,Phnom Penh Sewing Ltd,512.28,911.22,https://raw.githubusercontent.com/alexeygrigorev/clothing-dataset/master/images/157f5e09-784d-45c8-a6bd-6029920ef0fd.jpg
WFX-3140,Classic Charcoal Hoodie,Hoodie,Cotton/Polyester Fleece 80/20,363,Charcoal,Solid,AW25,Meridian Apparel,Phnom Penh Sewing Ltd,458.58,1232.94,https://raw.githubusercontent.com/alexeygrigorev/clothing-dataset/master/images/a050c7c8-af4d-4948-98c4-b5b1715cbd96.jpg
WFX-3141,Boxy Yellow Polo,Polo,Cotton Pique,220,Yellow,Solid,AW25,Loom & Co,Dhaka Knitwear Ltd,264.99,521.71,https://raw.githubusercontent.com/alexeygrigorev/clothing-dataset/master/images/ff52c8c8-5abd-42fa-8b53-936aded546d5.jpg
WFX-3142,Oversized Black Trousers,Trousers,Cotton Twill,214,Black,Solid,AW25,Everlane East,Shenzhen Fashion Works,623.71,1596.08,https://raw.githubusercontent.com/alexeygrigorev/clothing-dataset/master/images/14625df7-84a3-435c-90a7-e57a9dce3888.jpg
WFX-3143,Slim Fit Sky Blue T-Shirt,T-Shirt,Cotton Slub,181,Sky Blue,Solid,SS26,Vastra Studio,Jakarta Garmindo,180.2,436.25,https://raw.githubusercontent.com/alexeygrigorev/clothing-dataset/master/images/b9b69d8d-2885-4ac1-8408-a5a379e7116e.jpg
WFX-3144,Vintage Charcoal Trousers,Trousers,Poly/Viscose Suiting,222,Charcoal,Solid,AW25,Cotton Culture,Tirupur Garments Co,550.98,961.4,https://raw.githubusercontent.com/alexeygrigorev/clothing-dataset/master/images/1417a51e-fca6-458d-9d7c-456644616663.jpg
WFX-3145,Heritage Charcoal Jeans,Jeans,Denim 14oz,402,Charcoal,Solid,AW26,Meridian Apparel,Dhaka Knitwear Ltd,1055.41,1740.2,https://raw.githubusercontent.com/alexeygrigorev/clothing-dataset/master/images/e30d4ce2-f964-4b70-81bf-4b2696ee4181.jpg
WFX-3146,Signature Black Skirt,Skirt,Denim 10oz,150,Black,Solid,SS26,Everlane East,Dhaka Knitwear Ltd,302.22,548.62,https://raw.githubusercontent.com/alexeygrigorev/clothing-dataset/master/images/8d173264-bc7d-4175-8130-711c94d3f1ca.jpg
WFX-3147,Boxy Navy Polo,Polo,Polyester Pique,188,Navy,Solid,AW26,Vastra Studio,Jakarta Garmindo,311.85,738.4,https://raw.githubusercontent.com/alexeygrigorev/clothing-dataset/master/images/714345fc-3ee9-4781-adcd-f6e7204ba588.jpg
WFX-3148,Heritage Beige T-Shirt,T-Shirt,100% Cotton,216,Beige,Solid,SS26,Cotton Culture,Dhaka Knitwear Ltd,195.0,428.97,https://raw.githubusercontent.com/alexeygrigorev/clothing-dataset/master/images/2fcb5130-d1f4-4b74-8059-df548f949347.jpg
WFX-3149,Oversized Plum Dress,Dress,Viscose,171,Plum,Solid,SS26,Vastra Studio,Jakarta Garmindo,479.6,834.99,https://raw.githubusercontent.com/alexeygrigorev/clothing-dataset/master/images/411a9780-e825-4bed-b9ce-848927b36638.jpg
WFX-3150,Heritage Black Skirt,Skirt,Viscose,175,Black,Solid,AW26,Kaia Collective,Tirupur Garments Co,318.57,552.79,https://raw.githubusercontent.com/alexeygrigorev/clothing-dataset/master/images/23f711eb-2808-4577-be4c-c1355ad07dae.jpg
WFX-3151,Cropped Black Sweatshirt,Sweatshirt,French Terry,345,Black,Solid,AW25,Everlane East,Hanoi Stitch Co,769.07,1280.37,https://raw.githubusercontent.com/alexeygrigorev/clothing-dataset/master/images/a60677b2-a77f-4109-94c3-8f2fc922e1a9.jpg
WFX-3152,Oversized Purple T-Shirt,T-Shirt,Organic Cotton,218,Purple,Solid,SS25,Meridian Apparel,ABC Textiles,351.29,881.77,https://raw.githubusercontent.com/alexeygrigorev/clothing-dataset/master/images/00d9cc6e-2564-4813-9d68-4bc4d562107b.jpg
WFX-3153,Signature Brown Dress,Dress,Viscose,162,Brown,Printed,AW26,Cotton Culture,Shenzhen Fashion Works,633.2,1066.96,https://raw.githubusercontent.com/alexeygrigorev/clothing-dataset/master/images/d1dd492a-77b6-4d76-bc22-852cda12c437.jpg
WFX-3154,Oversized Coral Dress,Dress,Rayon Challis,141,Coral,Printed,AW25,Everlane East,Shenzhen Fashion Works,476.53,825.43,https://raw.githubusercontent.com/alexeygrigorev/clothing-dataset/master/images/e002937a-b018-41f6-9ccc-79c35f01b14d.jpg
WFX-3155,Vintage Brown Shirt,Shirt,Cotton/Linen 70/30,124,Brown,Solid,AW25,Vastra Studio,ABC Textiles,329.41,758.34,https://raw.githubusercontent.com/alexeygrigorev/clothing-dataset/master/images/10cc325b-f31b-4acd-adcc-ed668da293bf.jpg
WFX-3156,Heritage Black Skirt,Skirt,Viscose,189,Black,Solid,SS26,NorthPeak,Shenzhen Fashion Works,430.72,925.74,https://raw.githubusercontent.com/alexeygrigorev/clothing-dataset/master/images/bb437c07-06e4-4b16-b3aa-8382dd35de0a.jpg
WFX-3157,Slim Fit Black Polo,Polo,Cotton/Spandex 95/5,188,Black,Solid,SS25,Kaia Collective,Colombo Apparel Group,259.63,592.58,https://raw.githubusercontent.com/alexeygrigorev/clothing-dataset/master/images/a73098e0-5b2b-4576-9d7e-463b58ec2b6a.jpg
WFX-3158,Athleisure Off White Shirt,Shirt,Cotton/Linen 70/30,120,Off White,Solid,AW25,Meridian Apparel,Colombo Apparel Group,604.14,1126.01,https://raw.githubusercontent.com/alexeygrigorev/clothing-dataset/master/images/7f427c6f-1c20-4ea0-a1d7-7e46715eeb8a.jpg
WFX-3159,Athleisure Indigo Hoodie,Hoodie,Cotton Fleece,332,Indigo,Solid,AW26,Kaia Collective,Shenzhen Fashion Works,835.64,1827.59,https://raw.githubusercontent.com/alexeygrigorev/clothing-dataset/master/images/405cc200-8f74-4917-adaa-d43cca8e8ba4.jpg
WFX-3160,Essential Red Polo,Polo,Cotton Pique,226,Red,Solid,AW26,Vastra Studio,Shenzhen Fashion Works,378.43,1001.75,https://raw.githubusercontent.com/alexeygrigorev/clothing-dataset/master/images/4d42474e-cc0c-4528-84ac-7a543ffa4ee2.jpg
WFX-3161,Boxy Grey Melange Polo,Polo,Polyester Pique,237,Grey Melange,Solid,SS25,Everlane East,ABC Textiles,251.52,698.28,https://raw.githubusercontent.com/alexeygrigorev/clothing-dataset/master/images/30b065eb-caa7-4666-80a9-2c06808d89ff.jpg
WFX-3162,Classic Charcoal Jeans,Jeans,Denim 14oz,365,Charcoal,Solid,AW26,Vastra Studio,Jakarta Garmindo,771.46,1456.99,https://raw.githubusercontent.com/alexeygrigorev/clothing-dataset/master/images/c56cf310-3a45-44f3-96c8-d478db8f6784.jpg
WFX-3163,Boxy White Polo,Polo,Cotton/Spandex 95/5,198,White,Printed,SS26,Meridian Apparel,ABC Textiles,321.72,900.41,https://raw.githubusercontent.com/alexeygrigorev/clothing-dataset/master/images/001068a8-86c3-4029-a9d9-1e27015e7e64.jpg
WFX-3164,Slim Fit Grey Melange Shorts,Shorts,French Terry,255,Grey Melange,Solid,AW26,Meridian Apparel,Istanbul Denim House,425.1,1178.25,https://raw.githubusercontent.com/alexeygrigorev/clothing-dataset/master/images/47948bab-d1f7-4116-89d6-89d273c5a610.jpg
WFX-3165,Essential Black Dress,Dress,Polyester Crepe,100,Black,Printed,SS25,NorthPeak,Guangzhou Weave Co,823.21,1386.98,https://raw.githubusercontent.com/alexeygrigorev/clothing-dataset/master/images/8b366b95-1958-4b76-a9c3-f8195f589499.jpg
WFX-3166,Heritage Brown Shirt,Shirt,Linen,154,Brown,Solid,SS25,Cotton Culture,Shenzhen Fashion Works,678.44,1527.12,https://raw.githubusercontent.com/alexeygrigorev/clothing-dataset/master/images/3ea9b190-582d-474b-9ba1-1fbabb2a2435.jpg
WFX-3167,Boxy Sky Blue Dress,Dress,Linen,146,Sky Blue,Solid,SS25,Cotton Culture,Hanoi Stitch Co,838.39,1453.06,https://raw.githubusercontent.com/alexeygrigorev/clothing-dataset/master/images/5e173b2c-a978-47d2-8a98-413d910e97e4.jpg
WFX-3168,Relaxed Charcoal Polo,Polo,Cotton Pique,221,Charcoal,Solid,AW25,Cotton Culture,Guangzhou Weave Co,417.64,701.81,https://raw.githubusercontent.com/alexeygrigorev/clothing-dataset/master/images/bde3650f-7173-4470-8c16-a48b273b571a.jpg
WFX-3169,Relaxed Grey Melange T-Shirt,T-Shirt,100% Cotton,201,Grey Melange,Solid,AW25,Cotton Culture,Guangzhou Weave Co,334.35,836.79,https://raw.githubusercontent.com/alexeygrigorev/clothing-dataset/master/images/0a85a584-cb49-4795-b2f1-7eebbf09399a.jpg
WFX-3170,Essential Black Hoodie,Hoodie,Cotton/Polyester Fleece 80/20,344,Black,Printed,SS26,Kaia Collective,Dhaka Knitwear Ltd,756.1,1461.22,https://raw.githubusercontent.com/alexeygrigorev/clothing-dataset/master/images/638afa0a-e012-4a74-bb4a-1ea1c6d0b3b5.jpg
WFX-3171,Heritage Off White Shirt,Shirt,Chambray,143,Off White,Solid,SS26,Kaia Collective,Jakarta Garmindo,631.82,1367.38,https://raw.githubusercontent.com/alexeygrigorev/clothing-dataset/master/images/084214ae-f8d8-4ef2-80fa-f840c8376169.jpg
WFX-3172,Vintage Black Jacket,Jacket,Nylon Taslan,268,Black,Solid,AW25,NorthPeak,Dhaka Knitwear Ltd,1502.71,3230.0,https://raw.githubusercontent.com/alexeygrigorev/clothing-dataset/master/images/708b3822-770d-4e61-ae0e-5d5fe467493b.jpg
WFX-3173,Slim Fit Charcoal Hoodie,Hoodie,Cotton Fleece,301,Charcoal,Solid,AW25,UrbanThread,Istanbul Denim House,574.17,1398.96,https://raw.githubusercontent.com/alexeygrigorev/clothing-dataset/master/images/9edeb8a3-c80c-4dc7-b9a6-405cbaf4e2b4.jpg
WFX-3174,Vintage Grey Melange Shorts,Shorts,Nylon Ripstop,247,Grey Melange,Solid,AW26,UrbanThread,Hanoi Stitch Co,412.43,725.23,https://raw.githubusercontent.com/alexeygrigorev/clothing-dataset/master/images/60a2a660-b21a-450f-af86-1d87aabb743a.jpg
WFX-3175,Heritage Maroon Hoodie,Hoodie,Cotton Fleece,288,Maroon,Printed,SS26,Everlane East,Jakarta Garmindo,459.92,1178.49,https://raw.githubusercontent.com/alexeygrigorev/clothing-dataset/master/images/e86f8844-7c01-4ffe-a12a-0ecb0671ba47.jpg
WFX-3176,Signature Teal Polo,Polo,Polyester Pique,221,Teal,Solid,AW26,Kaia Collective,Noida Knits Pvt Ltd,486.05,1061.23,https://raw.githubusercontent.com/alexeygrigorev/clothing-dataset/master/images/393a3e52-8c53-478b-8a3d-0603dd2a39d0.jpg
WFX-3177,Relaxed Sky Blue Hoodie,Hoodie,French Terry,296,Sky Blue,Printed,AW26,Cotton Culture,Colombo Apparel Group,854.23,1680.95,https://raw.githubusercontent.com/alexeygrigorev/clothing-dataset/master/images/ae60e8d3-5140-47d5-8ba5-c976b98f48fb.jpg
WFX-3178,Athleisure Grey Melange Hoodie,Hoodie,Cotton Fleece,298,Grey Melange,Solid,AW25,NorthPeak,Tirupur Garments Co,608.9,1307.38,https://raw.githubusercontent.com/alexeygrigorev/clothing-dataset/master/images/fcbdb909-01ec-4096-b4ad-41cba133b544.jpg
WFX-3179,Slim Fit Charcoal Shorts,Shorts,Cotton Twill,267,Charcoal,Printed,AW25,Loom & Co,Tirupur Garments Co,462.43,1241.93,https://raw.githubusercontent.com/alexeygrigorev/clothing-dataset/master/images/6a99b56f-1340-4b74-a8a1-d08f082469f3.jpg
WFX-3180,Relaxed Olive T-Shirt,T-Shirt,Organic Cotton,213,Olive,Solid,SS25,Cotton Culture,Tirupur Garments Co,181.62,347.35,https://raw.githubusercontent.com/alexeygrigorev/clothing-dataset/master/images/1ab8de40-39ef-4528-8186-cdb9bfaab2bc.jpg
WFX-3181,Cropped Grey Melange Sweatshirt,Sweatshirt,French Terry,307,Grey Melange,Solid,SS25,UrbanThread,Jakarta Garmindo,579.37,1605.18,https://raw.githubusercontent.com/alexeygrigorev/clothing-dataset/master/images/16e5d441-1398-411e-b013-0374019e32a3.jpg
WFX-3182,Classic Grey Melange Jeans,Jeans,Denim 14oz,377,Grey Melange,Solid,SS26,NorthPeak,Tirupur Garments Co,1068.67,2899.7,https://raw.githubusercontent.com/alexeygrigorev/clothing-dataset/master/images/34fcfb9f-60ec-4cf2-b8cc-12ad05fbd3f1.jpg
WFX-3183,Boxy Charcoal Dress,Dress,Cotton Voile,173,Charcoal,Printed,SS26,Loom & Co,Guangzhou Weave Co,716.79,1834.62,https://raw.githubusercontent.com/alexeygrigorev/clothing-dataset/master/images/cf0ab953-d1b3-4c51-bbc6-f50078b4df58.jpg
WFX-3184,Vintage Off White Jacket,Jacket,Nylon Taslan,255,Off White,Solid,AW25,Kaia Collective,ABC Textiles,1310.21,2280.09,https://raw.githubusercontent.com/alexeygrigorev/clothing-dataset/master/images/fff6b588-6b62-4de8-8e06-f726000a12f8.jpg
WFX-3185,Tailored Navy Polo,Polo,Cotton Pique,200,Navy,Solid,AW25,NorthPeak,Phnom Penh Sewing Ltd,266.51,631.52,https://raw.githubusercontent.com/alexeygrigorev/clothing-dataset/master/images/98c4b023-ed56-4397-93fe-c6f99d9d4c31.jpg
WFX-3186,Oversized Off White Skirt,Skirt,Cotton Twill,150,Off White,Solid,AW26,Vastra Studio,Noida Knits Pvt Ltd,488.44,1042.6,https://raw.githubusercontent.com/alexeygrigorev/clothing-dataset/master/images/db36b9f3-57d5-4840-8d67-89c2f8a03251.jpg
WFX-3187,Essential Grey Melange Skirt,Skirt,Polyester Crepe,217,Grey Melange,Solid,AW26,Meridian Apparel,Noida Knits Pvt Ltd,511.78,1398.23,https://raw.githubusercontent.com/alexeygrigorev/clothing-dataset/master/images/f19701fb-2884-4526-bc66-ec71d359875f.jpg
WFX-3188,Cropped Blush Pink T-Shirt,T-Shirt,Organic Cotton,189,Blush Pink,Solid,AW26,Loom & Co,Hanoi Stitch Co,243.21,472.21,https://raw.githubusercontent.com/alexeygrigorev/clothing-dataset/master/images/c7c4406a-1681-4f7e-874a-b6eb77d27044.jpg
WFX-3189,Cropped Brown Sweatshirt,Sweatshirt,Cotton Fleece,316,Brown,Solid,AW25,Everlane East,Istanbul Denim House,696.61,1462.0,https://raw.githubusercontent.com/alexeygrigorev/clothing-dataset/master/images/a254b3ea-75fa-44f2-8c8f-beb159093b74.jpg
WFX-3190,Cropped Grey Melange Hoodie,Hoodie,Cotton Fleece,386,Grey Melange,Printed,AW26,Cotton Culture,Shenzhen Fashion Works,714.23,1216.54,https://raw.githubusercontent.com/alexeygrigorev/clothing-dataset/master/images/e98f1185-29fd-42e9-9fde-f0ee5140ad6a.jpg
WFX-3191,Cropped Charcoal Hoodie,Hoodie,French Terry,376,Charcoal,Solid,AW26,Meridian Apparel,Noida Knits Pvt Ltd,619.1,995.48,https://raw.githubusercontent.com/alexeygrigorev/clothing-dataset/master/images/f82c1af3-04c0-45c8-af77-c0cf2b04b0da.jpg
WFX-3192,Vintage Grey Melange Polo,Polo,Polyester Pique,216,Grey Melange,Solid,SS26,Kaia Collective,Tirupur Garments Co,476.57,840.82,https://raw.githubusercontent.com/alexeygrigorev/clothing-dataset/master/images/046c5c17-e506-4104-b762-9722b0769db8.jpg
WFX-3193,Boxy Teal Shorts,Shorts,Nylon Ripstop,266,Teal,Solid,AW25,UrbanThread,Guangzhou Weave Co,425.56,933.22,https://raw.githubusercontent.com/alexeygrigorev/clothing-dataset/master/images/f59e0f32-036d-42f8-a29d-4f12f9c70eed.jpg
WFX-3194,Boxy Grey Melange Shorts,Shorts,Cotton Twill,193,Grey Melange,Solid,SS25,NorthPeak,Noida Knits Pvt Ltd,340.05,805.46,https://raw.githubusercontent.com/alexeygrigorev/clothing-dataset/master/images/5879278c-faf7-4fde-b935-3dea70899ba0.jpg
WFX-3195,Oversized Black T-Shirt,T-Shirt,Cotton/Polyester 60/40,202,Black,Printed,SS26,Kaia Collective,ABC Textiles,376.7,894.19,https://raw.githubusercontent.com/alexeygrigorev/clothing-dataset/master/images/8b5fd4f2-bb6a-4155-bed6-0dff7ec7f0c2.jpg
WFX-3196,Cropped Off White Shorts,Shorts,French Terry,255,Off White,Printed,AW26,Loom & Co,Karachi Textile Mills,358.53,780.37,https://raw.githubusercontent.com/alexeygrigorev/clothing-dataset/master/images/1bcf8cc6-9d6e-49d6-ab17-6b6bb795eadb.jpg
WFX-3197,Classic Grey Melange Dress,Dress,Linen,173,Grey Melange,Solid,AW25,Cotton Culture,Phnom Penh Sewing Ltd,359.65,687.45,https://raw.githubusercontent.com/alexeygrigorev/clothing-dataset/master/images/484aaf4f-de3a-445b-8a3a-452e9e6af697.jpg
WFX-3198,Heritage Off White Dress,Dress,Rayon Challis,145,Off White,Solid,SS26,UrbanThread,Karachi Textile Mills,439.82,847.62,https://raw.githubusercontent.com/alexeygrigorev/clothing-dataset/master/images/8dcd8c2d-e44b-445b-b026-653d7e6918b8.jpg
WFX-3199,Heritage Charcoal Shorts,Shorts,Nylon Ripstop,227,Charcoal,Solid,AW25,Loom & Co,Shenzhen Fashion Works,441.68,747.41,https://raw.githubusercontent.com/alexeygrigorev/clothing-dataset/master/images/c7883ef6-3249-45ef-a202-383364e14816.jpg
WFX-3200,Cropped Off White Hoodie,Hoodie,French Terry,321,Off White,Solid,SS26,Cotton Culture,Noida Knits Pvt Ltd,842.6,2184.18,https://raw.githubusercontent.com/alexeygrigorev/clothing-dataset/master/images/1e644fc1-d3ba-4da2-954e-68879e020a2f.jpg
WFX-3201,Tailored Charcoal Hoodie,Hoodie,French Terry,354,Charcoal,Solid,SS26,Cotton Culture,Tirupur Garments Co,608.23,1078.06,https://raw.githubusercontent.com/alexeygrigorev/clothing-dataset/master/images/9748e210-8815-45a8-9e32-46e3cdd779dd.jpg
WFX-3202,Slim Fit Charcoal Jacket,Jacket,Cotton Canvas,307,Charcoal,Solid,AW25,Vastra Studio,Shenzhen Fashion Works,1528.82,2745.2,https://raw.githubusercontent.com/alexeygrigorev/clothing-dataset/master/images/12f9e1b9-6ef2-4d56-b91f-4a068a6e1a96.jpg
WFX-3203,Classic Grey Melange Sweatshirt,Sweatshirt,Loopback Cotton,318,Grey Melange,Solid,AW26,Cotton Culture,Tirupur Garments Co,766.41,1333.46,https://raw.githubusercontent.com/alexeygrigorev/clothing-dataset/master/images/68cca66a-f96c-48a1-863c-77455172be43.jpg
WFX-3204,Tailored Charcoal Jacket,Jacket,Denim 12oz,255,Charcoal,Solid,SS26,Meridian Apparel,Phnom Penh Sewing Ltd,1435.33,3828.99,https://raw.githubusercontent.com/alexeygrigorev/clothing-dataset/master/images/5b32191d-85d4-4990-b419-ae928b56597b.jpg
WFX-3205,Slim Fit Sky Blue Sweatshirt,Sweatshirt,French Terry,355,Sky Blue,Solid,AW25,NorthPeak,Guangzhou Weave Co,725.83,1355.0,https://raw.githubusercontent.com/alexeygrigorev/clothing-dataset/master/images/70bf54e7-fa1b-4e28-b41d-1fa460f6d05d.jpg
WFX-3206,Oversized Navy Jeans,Jeans,Denim 12oz,360,Navy,Solid,SS25,Kaia Collective,Dhaka Knitwear Ltd,754.88,1899.0,https://raw.githubusercontent.com/alexeygrigorev/clothing-dataset/master/images/58d93bfc-5218-4009-ba26-530abf687c2c.jpg
WFX-3207,Athleisure Off White Dress,Dress,Viscose,125,Off White,Solid,SS25,Kaia Collective,Jakarta Garmindo,409.3,1044.4,https://raw.githubusercontent.com/alexeygrigorev/clothing-dataset/master/images/de478f22-21f5-4992-a22a-edc084336fe8.jpg
WFX-3208,Oversized Off White Sweatshirt,Sweatshirt,Loopback Cotton,265,Off White,Printed,AW25,Vastra Studio,Dhaka Knitwear Ltd,426.5,1024.07,https://raw.githubusercontent.com/alexeygrigorev/clothing-dataset/master/images/28f849c5-36f2-4f23-9f0f-7fbdd3e93d61.jpg
WFX-3209,Athleisure Black Jeans,Jeans,Denim 14oz,347,Black,Solid,SS26,Cotton Culture,Colombo Apparel Group,554.47,1449.96,https://raw.githubusercontent.com/alexeygrigorev/clothing-dataset/master/images/27d89ad3-f25b-4bec-a824-8e2d881c2d4f.jpg
WFX-3210,Oversized Sky Blue Shorts,Shorts,French Terry,259,Sky Blue,Solid,SS25,UrbanThread,Phnom Penh Sewing Ltd,468.57,885.68,https://raw.githubusercontent.com/alexeygrigorev/clothing-dataset/master/images/cb8b6e4d-3d27-4de8-9442-208c78d7eed3.jpg
WFX-3211,Classic Black Jeans,Jeans,Stretch Denim 98/2,389,Black,Solid,SS25,Vastra Studio,Jakarta Garmindo,1078.56,1948.02,https://raw.githubusercontent.com/alexeygrigorev/clothing-dataset/master/images/63eee68f-b61a-4901-b24d-384ef76b726d.jpg
WFX-3212,Slim Fit Grey Melange Shorts,Shorts,Nylon Ripstop,249,Grey Melange,Solid,SS26,Everlane East,Dhaka Knitwear Ltd,426.81,908.08,https://raw.githubusercontent.com/alexeygrigorev/clothing-dataset/master/images/d330916e-20fa-47f6-8099-65399ad20265.jpg
WFX-3213,Oversized Red Jacket,Jacket,Polyester Shell,351,Red,Solid,AW26,Loom & Co,Hanoi Stitch Co,904.8,1570.2,https://raw.githubusercontent.com/alexeygrigorev/clothing-dataset/master/images/d7e1beb5-c1eb-41e9-8bf0-242ecf2e04e4.jpg
WFX-3214,Classic Grey Melange Polo,Polo,Cotton/Spandex 95/5,228,Grey Melange,Solid,SS25,Cotton Culture,Guangzhou Weave Co,358.38,697.38,https://raw.githubusercontent.com/alexeygrigorev/clothing-dataset/master/images/45421e2a-479b-48ef-b6e6-a2bb70c67f00.jpg
WFX-3215,Heritage Mustard Jacket,Jacket,Nylon Taslan,318,Mustard,Printed,AW26,Vastra Studio,Colombo Apparel Group,955.25,2216.63,https://raw.githubusercontent.com/alexeygrigorev/clothing-dataset/master/images/0c6f89cd-30f6-4b44-bda5-0ba8d90e6717.jpg
WFX-3216,Heritage Maroon Dress,Dress,Cotton Voile,154,Maroon,Printed,SS26,Meridian Apparel,Istanbul Denim House,453.83,764.04,https://raw.githubusercontent.com/alexeygrigorev/clothing-dataset/master/images/5ab0c815-c152-4726-b540-42876b23c34a.jpg
WFX-3217,Heritage Navy Polo,Polo,Polyester Pique,211,Navy,Solid,SS25,Loom & Co,Jakarta Garmindo,451.63,937.42,https://raw.githubusercontent.com/alexeygrigorev/clothing-dataset/master/images/62510f59-0273-4ec7-bb75-189b17eef548.jpg
WFX-3218,Slim Fit Grey Melange Shirt,Shirt,Cotton/Linen 70/30,135,Grey Melange,Solid,SS25,Cotton Culture,Guangzhou Weave Co,578.01,1602.87,https://raw.githubusercontent.com/alexeygrigorev/clothing-dataset/master/images/a6933111-83a0-42c6-868b-88df90dfcc56.jpg
WFX-3219,Relaxed Charcoal Skirt,Skirt,Polyester Crepe,165,Charcoal,Printed,AW26,Kaia Collective,Dhaka Knitwear Ltd,508.24,1417.38,https://raw.githubusercontent.com/alexeygrigorev/clothing-dataset/master/images/085469ab-cdb6-42e6-a3cf-f370b6b6ddd6.jpg
WFX-3220,Vintage Plum Sweatshirt,Sweatshirt,Cotton Fleece,358,Plum,Solid,SS26,Kaia Collective,Noida Knits Pvt Ltd,632.77,1219.71,https://raw.githubusercontent.com/alexeygrigorev/clothing-dataset/master/images/33734ef5-f035-461e-96d0-9115d2de49e8.jpg
WFX-3221,Oversized Coral Shirt,Shirt,Cotton/Linen 70/30,142,Coral,Solid,SS26,Kaia Collective,Dhaka Knitwear Ltd,411.56,1037.79,https://raw.githubusercontent.com/alexeygrigorev/clothing-dataset/master/images/a6153f06-bb9a-4303-b36c-80ffb61a9565.jpg
WFX-3222,Classic Pink T-Shirt,T-Shirt,Cotton/Polyester 60/40,220,Pink,Solid,SS25,Kaia Collective,Guangzhou Weave Co,385.6,630.71,https://raw.githubusercontent.com/alexeygrigorev/clothing-dataset/master/images/d654cdb0-9687-46d4-9867-f632ae2aecec.jpg
WFX-3223,Athleisure Charcoal Jeans,Jeans,Denim 12oz,437,Charcoal,Solid,SS25,Loom & Co,Colombo Apparel Group,862.75,1718.9,https://raw.githubusercontent.com/alexeygrigorev/clothing-dataset/master/images/6c02ba6f-ca72-4b8c-b7c4-a2fb0c14bfb5.jpg
WFX-3224,Cropped Red Jacket,Jacket,Cotton Canvas,271,Red,Solid,SS26,UrbanThread,Jakarta Garmindo,964.21,2118.83,https://raw.githubusercontent.com/alexeygrigorev/clothing-dataset/master/images/161e35df-93d4-4b30-817e-de03c8c1d55a.jpg
WFX-3225,Vintage Grey Melange Skirt,Skirt,Denim 10oz,252,Grey Melange,Printed,AW26,Kaia Collective,Hanoi Stitch Co,620.23,1277.89,https://raw.githubusercontent.com/alexeygrigorev/clothing-dataset/master/images/0903f4c9-a877-4832-bb9e-2a4f4b8f7f67.jpg
WFX-3226,Signature Beige T-Shirt,T-Shirt,100% Cotton,162,Beige,Solid,AW25,Kaia Collective,Colombo Apparel Group,289.17,761.22,https://raw.githubusercontent.com/alexeygrigorev/clothing-dataset/master/images/62e1f14f-9376-4d4a-bf33-e2b3d864695a.jpg
WFX-3227,Athleisure Grey Melange Shirt,Shirt,Oxford Cotton,129,Grey Melange,Solid,AW26,Kaia Collective,Dhaka Knitwear Ltd,586.29,1281.01,https://raw.githubusercontent.com/alexeygrigorev/clothing-dataset/master/images/e5f6e679-cc48-4ea8-920e-670aa21ca0e0.jpg
WFX-3228,Vintage Off White T-Shirt,T-Shirt,Cotton/Polyester 60/40,204,Off White,Solid,SS26,NorthPeak,Phnom Penh Sewing Ltd,163.93,314.1,https://raw.githubusercontent.com/alexeygrigorev/clothing-dataset/master/images/b5554aac-3c15-412a-8ddc-47b1e152e57e.jpg
WFX-3229,Essential Black Skirt,Skirt,Cotton Twill,143,Black,Printed,SS25,Cotton Culture,Hanoi Stitch Co,506.66,888.6,https://raw.githubusercontent.com/alexeygrigorev/clothing-dataset/master/images/2459a9ab-b654-4aef-be7c-89340da78cec.jpg
WFX-3230,Classic Grey Melange Polo,Polo,Cotton Pique,207,Grey Melange,Solid,AW25,Vastra Studio,Hanoi Stitch Co,353.54,717.28,https://raw.githubusercontent.com/alexeygrigorev/clothing-dataset/master/images/b702e2f7-ef9e-4d7a-9330-275c7d837c7e.jpg
WFX-3231,Oversized Grey Melange Shirt,Shirt,Linen,147,Grey Melange,Solid,SS26,Meridian Apparel,Colombo Apparel Group,333.98,810.1,https://raw.githubusercontent.com/alexeygrigorev/clothing-dataset/master/images/bdaf259c-a7e1-4c45-a6ea-472ffe4116ad.jpg
WFX-3232,Athleisure Black Sweatshirt,Sweatshirt,Cotton Fleece,301,Black,Solid,AW26,NorthPeak,Karachi Textile Mills,414.95,991.45,https://raw.githubusercontent.com/alexeygrigorev/clothing-dataset/master/images/21183cf1-c20b-4a86-8e86-ab5ca9b26c06.jpg
WFX-3233,Athleisure Maroon Polo,Polo,Polyester Pique,210,Maroon,Solid,AW26,Cotton Culture,Karachi Textile Mills,426.4,1186.64,https://raw.githubusercontent.com/alexeygrigorev/clothing-dataset/master/images/bdb96979-3a9a-4d64-98e6-bda684e7e81e.jpg
WFX-3234,Tailored Navy Polo,Polo,Cotton/Spandex 95/5,186,Navy,Printed,SS26,Meridian Apparel,Istanbul Denim House,457.26,844.6,https://raw.githubusercontent.com/alexeygrigorev/clothing-dataset/master/images/373f6bc6-b7a6-4c3f-90c6-22abbb615b18.jpg
WFX-3235,Tailored Charcoal Jeans,Jeans,Denim 14oz,451,Charcoal,Solid,AW25,NorthPeak,Dhaka Knitwear Ltd,621.06,1467.27,https://raw.githubusercontent.com/alexeygrigorev/clothing-dataset/master/images/725f2fc9-230b-4bcb-807b-6a757cefdf37.jpg
WFX-3236,Athleisure Red Skirt,Skirt,Cotton Twill,178,Red,Solid,SS25,Loom & Co,Shenzhen Fashion Works,648.68,1350.83,https://raw.githubusercontent.com/alexeygrigorev/clothing-dataset/master/images/cf9d6ed6-7325-425e-be2b-bb5a6bc43fbe.jpg
WFX-3237,Relaxed Lavender Jacket,Jacket,Denim 12oz,237,Lavender,Solid,SS26,Loom & Co,Karachi Textile Mills,1209.79,2706.63,https://raw.githubusercontent.com/alexeygrigorev/clothing-dataset/master/images/ef6be172-3598-490a-9ed2-26babf14c0fe.jpg
WFX-3238,Vintage Off White Shirt,Shirt,Chambray,129,Off White,Solid,AW26,NorthPeak,Shenzhen Fashion Works,473.16,1063.63,https://raw.githubusercontent.com/alexeygrigorev/clothing-dataset/master/images/111f6233-f984-46a9-ab6a-13d3c5a3585c.jpg
WFX-3239,Tailored Charcoal Jeans,Jeans,Denim 14oz,480,Charcoal,Solid,AW25,Kaia Collective,Guangzhou Weave Co,608.36,986.96,https://raw.githubusercontent.com/alexeygrigorev/clothing-dataset/master/images/223939a1-c2a0-41c7-8956-fb1b6370ebeb.jpg
WFX-3240,Vintage Lavender Dress,Dress,Polyester Crepe,134,Lavender,Solid,SS25,Vastra Studio,Phnom Penh Sewing Ltd,865.44,1937.95,https://raw.githubusercontent.com/alexeygrigorev/clothing-dataset/master/images/d52566d2-6cb0-49a6-b5d7-b514298c0b10.jpg
WFX-3241,Vintage Grey Melange Shirt,Shirt,Cotton/Linen 70/30,119,Grey Melange,Solid,AW26,Cotton Culture,Colombo Apparel Group,396.15,988.68,https://raw.githubusercontent.com/alexeygrigorev/clothing-dataset/master/images/26e4299b-0d67-4bd9-907e-a072022437b5.jpg
WFX-3242,Heritage Black Hoodie,Hoodie,French Terry,306,Black,Printed,AW25,NorthPeak,Colombo Apparel Group,830.69,1595.19,https://raw.githubusercontent.com/alexeygrigorev/clothing-dataset/master/images/5f5d9e02-87f8-40cb-a3a0-5df09cdb22ff.jpg
WFX-3243,Cropped Charcoal Sweatshirt,Sweatshirt,Loopback Cotton,290,Charcoal,Solid,AW26,Kaia Collective,Shenzhen Fashion Works,445.42,815.25,https://raw.githubusercontent.com/alexeygrigorev/clothing-dataset/master/images/c6b31432-bb06-4800-b9d6-76c411c38447.jpg
WFX-3244,Cropped Forest Green T-Shirt,T-Shirt,Cotton Slub,144,Forest Green,Printed,SS26,Meridian Apparel,ABC Textiles,200.5,386.41,https://raw.githubusercontent.com/alexeygrigorev/clothing-dataset/master/images/e246f68a-44bb-4d02-ad51-d9829cc94df1.jpg
WFX-3245,Essential Grey Melange Polo,Polo,Polyester Pique,211,Grey Melange,Solid,SS26,Loom & Co,Dhaka Knitwear Ltd,484.67,807.65,https://raw.githubusercontent.com/alexeygrigorev/clothing-dataset/master/images/4cac86ab-9e61-46e6-afc5-018cffb9215f.jpg
WFX-3246,Slim Fit Off White Polo,Polo,Cotton/Spandex 95/5,222,Off White,Solid,AW25,Loom & Co,Guangzhou Weave Co,447.23,764.03,https://raw.githubusercontent.com/alexeygrigorev/clothing-dataset/master/images/af911ba7-b779-4d76-9a6d-f9bf97ae7f64.jpg
WFX-3247,Cropped Sky Blue Polo,Polo,Polyester Pique,222,Sky Blue,Solid,AW26,Loom & Co,Jakarta Garmindo,498.69,1366.22,https://raw.githubusercontent.com/alexeygrigorev/clothing-dataset/master/images/fe95832e-d72a-43e6-8e47-8aced8140835.jpg
WFX-3248,Signature Grey Melange Jeans,Jeans,Denim 12oz,420,Grey Melange,Solid,AW25,Everlane East,Karachi Textile Mills,697.57,1605.24,https://raw.githubusercontent.com/alexeygrigorev/clothing-dataset/master/images/68ff2e07-5cee-42f1-a727-2c7d0b1912bd.jpg
WFX-3249,Vintage Navy Polo,Polo,Cotton Pique,186,Navy,Solid,SS26,UrbanThread,Istanbul Denim House,302.55,836.22,https://raw.githubusercontent.com/alexeygrigorev/clothing-dataset/master/images/965fa837-4e4e-4717-a373-0e9ee1ded9eb.jpg
WFX-3250,Vintage Maroon Shirt,Shirt,Chambray,133,Maroon,Solid,AW26,Vastra Studio,Jakarta Garmindo,579.85,1006.36,https://raw.githubusercontent.com/alexeygrigorev/clothing-dataset/master/images/99a130ca-5fe5-4f68-afd6-830e26baf2c8.jpg
WFX-3251,Classic Black Skirt,Skirt,Viscose,186,Black,Solid,SS25,UrbanThread,Colombo Apparel Group,466.33,951.91,https://raw.githubusercontent.com/alexeygrigorev/clothing-dataset/master/images/7e77ec6d-2bd6-45c7-9904-cf1fae288afc.jpg
WFX-3252,Essential Charcoal Skirt,Skirt,Polyester Crepe,210,Charcoal,Solid,SS25,Vastra Studio,Guangzhou Weave Co,434.64,1028.68,https://raw.githubusercontent.com/alexeygrigorev/clothing-dataset/master/images/a6a301fe-74f4-4a22-9847-a6f6ce98aa4b.jpg
WFX-3253,Cropped Beige Shirt,Shirt,Cotton/Linen 70/30,110,Beige,Solid,SS25,Vastra Studio,Colombo Apparel Group,663.92,1375.36,https://raw.githubusercontent.com/alexeygrigorev/clothing-dataset/master/images/10f589e4-fe32-4db5-a3a2-32337d1d42e9.jpg
WFX-3254,Essential Black Skirt,Skirt,Viscose,250,Black,Solid,AW26,UrbanThread,Noida Knits Pvt Ltd,611.59,1650.72,https://raw.githubusercontent.com/alexeygrigorev/clothing-dataset/master/images/92e0e80a-d72a-4bed-9ee3-84343618f0bf.jpg
WFX-3255,Vintage Red Polo,Polo,Cotton Pique,232,Red,Solid,SS26,Everlane East,Guangzhou Weave Co,483.84,1059.62,https://raw.githubusercontent.com/alexeygrigorev/clothing-dataset/master/images/203369db-4e34-43c0-8efb-3cd052ef1e4d.jpg
WFX-3256,Signature Beige Jacket,Jacket,Polyester Shell,286,Beige,Solid,SS26,Kaia Collective,Phnom Penh Sewing Ltd,1155.7,2337.09,https://raw.githubusercontent.com/alexeygrigorev/clothing-dataset/master/images/c1a6e7af-4bad-425a-b7b7-caca5b6a35dd.jpg
WFX-3257,Slim Fit Charcoal Hoodie,Hoodie,Cotton Fleece,362,Charcoal,Solid,SS25,Everlane East,Noida Knits Pvt Ltd,738.72,1740.56,https://raw.githubusercontent.com/alexeygrigorev/clothing-dataset/master/images/e6ff737c-e993-4d82-8077-4c08bb5966e4.jpg
WFX-3258,Relaxed Purple Hoodie,Hoodie,French Terry,319,Purple,Solid,AW25,Everlane East,Tirupur Garments Co,591.17,1004.21,https://raw.githubusercontent.com/alexeygrigorev/clothing-dataset/master/images/d61d0598-c35c-44e4-b134-1a769eff27de.jpg
WFX-3259,Heritage Grey Melange Shorts,Shorts,Nylon Ripstop,221,Grey Melange,Solid,SS26,NorthPeak,Tirupur Garments Co,512.05,901.32,https://raw.githubusercontent.com/alexeygrigorev/clothing-dataset/master/images/3acdbf3f-cc86-43d2-8a4b-ca65b5258207.jpg
WFX-3260,Athleisure Charcoal Shirt,Shirt,Cotton Poplin,136,Charcoal,Printed,AW25,UrbanThread,Karachi Textile Mills,447.04,926.35,https://raw.githubusercontent.com/alexeygrigorev/clothing-dataset/master/images/f6b3d8e8-af0b-4cdd-b821-6df326152dbf.jpg
WFX-3261,Boxy Charcoal Shorts,Shorts,French Terry,242,Charcoal,Printed,AW25,NorthPeak,Dhaka Knitwear Ltd,433.6,812.76,https://raw.githubusercontent.com/alexeygrigorev/clothing-dataset/master/images/09918182-4fc3-4b92-9221-f895fba13e83.jpg
WFX-3262,Slim Fit Charcoal Trousers,Trousers,Cotton Twill,206,Charcoal,Solid,SS25,Cotton Culture,Colombo Apparel Group,580.47,1227.51,https://raw.githubusercontent.com/alexeygrigorev/clothing-dataset/master/images/b4f801fb-27e1-4bb5-a50a-821c6a08f647.jpg
WFX-3263,Heritage Off White Shirt,Shirt,Chambray,117,Off White,Solid,AW26,Loom & Co,Istanbul Denim House,305.65,681.91,https://raw.githubusercontent.com/alexeygrigorev/clothing-dataset/master/images/ded36392-a2db-483c-955d-c4b7987446da.jpg
WFX-3264,Cropped Plum Polo,Polo,Polyester Pique,193,Plum,Solid,AW26,Everlane East,Colombo Apparel Group,307.16,809.16,https://raw.githubusercontent.com/alexeygrigorev/clothing-dataset/master/images/784ad39d-3090-4199-8596-940e38f693a0.jpg
WFX-3265,Signature Charcoal T-Shirt,T-Shirt,Cotton Slub,166,Charcoal,Solid,AW25,Everlane East,Colombo Apparel Group,300.02,838.33,https://raw.githubusercontent.com/alexeygrigorev/clothing-dataset/master/images/8713b1fa-9037-4657-8eda-084d4e147dce.jpg
WFX-3266,Athleisure Off White T-Shirt,T-Shirt,Cotton Slub,158,Off White,Solid,AW26,Vastra Studio,Shenzhen Fashion Works,157.19,435.63,https://raw.githubusercontent.com/alexeygrigorev/clothing-dataset/master/images/dbc857c3-c31a-433a-b6a1-e40bdf02dcb8.jpg
WFX-3267,Slim Fit Black Hoodie,Hoodie,French Terry,367,Black,Solid,SS26,Everlane East,Istanbul Denim House,741.26,1262.28,https://raw.githubusercontent.com/alexeygrigorev/clothing-dataset/master/images/003f4cab-7214-4770-b727-3400d4508741.jpg
WFX-3268,Oversized Plum Shirt,Shirt,Cotton/Linen 70/30,155,Plum,Solid,SS25,UrbanThread,Dhaka Knitwear Ltd,469.32,1087.24,https://raw.githubusercontent.com/alexeygrigorev/clothing-dataset/master/images/6698ff1d-1214-467d-a0e9-2d65ab4fba0b.jpg
WFX-3269,Athleisure Grey Melange Sweatshirt,Sweatshirt,French Terry,320,Grey Melange,Solid,SS25,UrbanThread,Noida Knits Pvt Ltd,763.29,2134.23,https://raw.githubusercontent.com/alexeygrigorev/clothing-dataset/master/images/5af25198-5449-4f01-8155-21192662397c.jpg
WFX-3270,Tailored White Skirt,Skirt,Denim 10oz,178,White,Solid,SS25,Meridian Apparel,Tirupur Garments Co,642.13,1544.65,https://raw.githubusercontent.com/alexeygrigorev/clothing-dataset/master/images/8b2ef33f-4b74-4967-9b9e-42345b599397.jpg
WFX-3271,Slim Fit Olive Sweatshirt,Sweatshirt,French Terry,324,Olive,Solid,SS25,Cotton Culture,Istanbul Denim House,597.14,1198.47,https://raw.githubusercontent.com/alexeygrigorev/clothing-dataset/master/images/e4a2665e-3479-4890-aec0-fd531c555c97.jpg
WFX-3272,Boxy Maroon Polo,Polo,Cotton Pique,196,Maroon,Solid,SS26,Cotton Culture,Tirupur Garments Co,285.05,471.19,https://raw.githubusercontent.com/alexeygrigorev/clothing-dataset/master/images/0925fb2c-d509-4791-9770-48b398c68511.jpg
WFX-3273,Tailored Charcoal Trousers,Trousers,Chino Twill,233,Charcoal,Solid,SS26,Everlane East,Colombo Apparel Group,675.82,1698.93,https://raw.githubusercontent.com/alexeygrigorev/clothing-dataset/master/images/bd72375d-2f21-45a8-8e8f-1138b885f4c7.jpg
WFX-3274,Tailored Purple Sweatshirt,Sweatshirt,Loopback Cotton,354,Purple,Solid,AW26,UrbanThread,Tirupur Garments Co,797.83,2007.67,https://raw.githubusercontent.com/alexeygrigorev/clothing-dataset/master/images/1604e827-c957-4677-a63f-180f3279d766.jpg
WFX-3275,Slim Fit Grey Melange Shorts,Shorts,Cotton Twill,166,Grey Melange,Solid,AW26,Everlane East,Colombo Apparel Group,318.96,524.06,https://raw.githubusercontent.com/alexeygrigorev/clothing-dataset/master/images/02fc081e-5598-424e-9ab7-fc92eba1cda3.jpg
WFX-3276,Boxy Brown Skirt,Skirt,Denim 10oz,145,Brown,Solid,AW26,Kaia Collective,Jakarta Garmindo,454.53,1266.59,https://raw.githubusercontent.com/alexeygrigorev/clothing-dataset/master/images/ce118595-1373-463c-9be5-0b7d62ce1f0d.jpg
WFX-3277,Cropped Charcoal Shorts,Shorts,French Terry,270,Charcoal,Printed,AW25,Meridian Apparel,Shenzhen Fashion Works,294.42,594.59,https://raw.githubusercontent.com/alexeygrigorev/clothing-dataset/master/images/8adc00dd-1bfc-4c47-9cbb-be32f38a0275.jpg
WFX-3278,Tailored Charcoal Dress,Dress,Linen,174,Charcoal,Printed,AW25,Everlane East,ABC Textiles,466.82,1305.98,https://raw.githubusercontent.com/alexeygrigorev/clothing-dataset/master/images/dd64332e-aab6-43d0-899b-4a95e328b7c5.jpg
WFX-3279,Cropped Pink Jacket,Jacket,Polyester Shell,347,Pink,Solid,SS25,Everlane East,ABC Textiles,1309.22,3488.86,https://raw.githubusercontent.com/alexeygrigorev/clothing-dataset/master/images/d7e2ad1c-e998-479c-ab3a-7500a29e9f90.jpg
WFX-3280,Classic Charcoal Hoodie,Hoodie,French Terry,398,Charcoal,Printed,SS25,Kaia Collective,Tirupur Garments Co,878.05,2286.77,https://raw.githubusercontent.com/alexeygrigorev/clothing-dataset/master/images/550cf9c1-e3a5-4104-b219-0d4155453308.jpg
WFX-3281,Essential Charcoal T-Shirt,T-Shirt,Cotton Slub,220,Charcoal,Solid,SS25,Kaia Collective,ABC Textiles,388.8,899.31,https://raw.githubusercontent.com/alexeygrigorev/clothing-dataset/master/images/7f9275de-c63f-46f2-8328-38bf0ae69655.jpg
WFX-3282,Cropped Charcoal Jeans,Jeans,Stretch Denim 98/2,373,Charcoal,Solid,SS26,UrbanThread,Noida Knits Pvt Ltd,626.82,1039.53,https://raw.githubusercontent.com/alexeygrigorev/clothing-dataset/master/images/594f21c3-76f2-47e6-bb94-9975a455742a.jpg
WFX-3283,Relaxed Charcoal Sweatshirt,Sweatshirt,Cotton Fleece,337,Charcoal,Printed,AW26,Loom & Co,Tirupur Garments Co,552.56,1148.57,https://raw.githubusercontent.com/alexeygrigorev/clothing-dataset/master/images/b66fb641-9b68-4bb9-a235-bc079b6662c7.jpg
WFX-3284,Heritage Navy Skirt,Skirt,Viscose,160,Navy,Solid,AW25,Loom & Co,Noida Knits Pvt Ltd,435.98,908.09,https://raw.githubusercontent.com/alexeygrigorev/clothing-dataset/master/images/574a2370-af89-4c9a-bbb9-9acfd31489f3.jpg
WFX-3285,Heritage Charcoal Skirt,Skirt,Denim 10oz,242,Charcoal,Solid,AW25,Cotton Culture,Colombo Apparel Group,451.33,1158.85,https://raw.githubusercontent.com/alexeygrigorev/clothing-dataset/master/images/84ae684a-cb1c-46e7-ba47-b6519e4f0d51.jpg
WFX-3286,Boxy Teal Shorts,Shorts,Nylon Ripstop,225,Teal,Solid,SS26,Everlane East,Karachi Textile Mills,309.96,661.62,https://raw.githubusercontent.com/alexeygrigorev/clothing-dataset/master/images/314125df-9112-48b9-9b5e-ad6c4130eee5.jpg
WFX-3287,Vintage Off White Skirt,Skirt,Denim 10oz,243,Off White,Solid,SS25,UrbanThread,Noida Knits Pvt Ltd,428.88,782.12,https://raw.githubusercontent.com/alexeygrigorev/clothing-dataset/master/images/d44c49f4-e694-4ee6-a839-1579543b8e04.jpg
WFX-3288,Boxy Grey Melange Shorts,Shorts,Nylon Ripstop,246,Grey Melange,Solid,SS25,NorthPeak,Tirupur Garments Co,317.27,768.9,https://raw.githubusercontent.com/alexeygrigorev/clothing-dataset/master/images/1ef9945d-0934-4b5e-bfc2-1d11dfea181c.jpg
WFX-3289,Slim Fit Indigo Shorts,Shorts,Nylon Ripstop,170,Indigo,Solid,SS26,Vastra Studio,Tirupur Garments Co,522.16,1134.72,https://raw.githubusercontent.com/alexeygrigorev/clothing-dataset/master/images/3f7d16eb-7c7b-45fe-8d3b-ffb38124b52c.jpg
WFX-3290,Tailored Grey Melange Skirt,Skirt,Polyester Crepe,212,Grey Melange,Printed,SS25,Everlane East,ABC Textiles,316.7,535.81,https://raw.githubusercontent.com/alexeygrigorev/clothing-dataset/master/images/46e4c390-2154-4f6f-8c6f-e7805564d929.jpg
WFX-3291,Essential Red Hoodie,Hoodie,Cotton Fleece,339,Red,Solid,SS26,Loom & Co,Colombo Apparel Group,747.38,1705.65,https://raw.githubusercontent.com/alexeygrigorev/clothing-dataset/master/images/b49a17b6-5bd9-4f48-a768-3a6f8b56e0b8.jpg
WFX-3292,Vintage Plum Shirt,Shirt,Cotton Poplin,157,Plum,Solid,SS25,Loom & Co,Tirupur Garments Co,564.63,1025.06,https://raw.githubusercontent.com/alexeygrigorev/clothing-dataset/master/images/b0c03127-9dfb-4573-8934-1958396937bf.jpg
WFX-3293,Boxy Red Shorts,Shorts,French Terry,198,Red,Printed,SS26,Cotton Culture,Noida Knits Pvt Ltd,344.18,849.75,https://raw.githubusercontent.com/alexeygrigorev/clothing-dataset/master/images/fe85d21f-4ccf-41fd-b54d-5bc6ee0b0eec.jpg
WFX-3294,Cropped Black Trousers,Trousers,Cotton Twill,227,Black,Solid,SS25,Everlane East,Phnom Penh Sewing Ltd,483.29,1206.5,https://raw.githubusercontent.com/alexeygrigorev/clothing-dataset/master/images/8f5774e2-9db8-43bd-8b3c-d8623f385eaa.jpg
WFX-3295,Boxy Grey Melange Skirt,Skirt,Cotton Twill,190,Grey Melange,Solid,AW26,Kaia Collective,Istanbul Denim House,340.84,615.59,https://raw.githubusercontent.com/alexeygrigorev/clothing-dataset/master/images/507e8a1d-3f45-4aa9-b4a0-cbc159fa5a79.jpg
WFX-3296,Classic Indigo Jacket,Jacket,Denim 12oz,321,Indigo,Printed,AW25,Loom & Co,Tirupur Garments Co,1424.18,2428.46,https://raw.githubusercontent.com/alexeygrigorev/clothing-dataset/master/images/42d817a7-45f8-4dfc-848f-a8cb124e1878.jpg
WFX-3297,Slim Fit Blue Polo,Polo,Polyester Pique,192,Blue,Solid,AW25,Everlane East,Noida Knits Pvt Ltd,507.7,939.79,https://raw.githubusercontent.com/alexeygrigorev/clothing-dataset/master/images/ebbf2464-a39e-4457-a161-d9a0f0ad4beb.jpg
WFX-3298,Classic Grey Melange Shirt,Shirt,Cotton Poplin,129,Grey Melange,Solid,SS25,Meridian Apparel,Karachi Textile Mills,607.89,1080.71,https://raw.githubusercontent.com/alexeygrigorev/clothing-dataset/master/images/0dc84ada-ef62-494b-8965-1a6fe28379c7.jpg
WFX-3299,Boxy Charcoal Hoodie,Hoodie,French Terry,369,Charcoal,Solid,AW25,Vastra Studio,ABC Textiles,650.37,1419.14,https://raw.githubusercontent.com/alexeygrigorev/clothing-dataset/master/images/a8319ee8-8a4f-4df0-9598-3a687a018494.jpg
WFX-3300,Vintage Off White T-Shirt,T-Shirt,Cotton Slub,146,Off White,Solid,AW26,Kaia Collective,Guangzhou Weave Co,233.46,402.3,https://raw.githubusercontent.com/alexeygrigorev/clothing-dataset/master/images/164900f8-4d29-454b-97ba-5d7d22f5cfe2.jpg
WFX-3301,Athleisure Plum Shorts,Shorts,Cotton Twill,222,Plum,Solid,AW26,Vastra Studio,Guangzhou Weave Co,369.9,819.71,https://raw.githubusercontent.com/alexeygrigorev/clothing-dataset/master/images/1b9a7610-e6d9-4bb8-ace9-ed4870ae0d5b.jpg
WFX-3302,Cropped Grey Melange Shirt,Shirt,Chambray,111,Grey Melange,Printed,AW26,Kaia Collective,Dhaka Knitwear Ltd,468.8,927.76,https://raw.githubusercontent.com/alexeygrigorev/clothing-dataset/master/images/2595e7da-f1a4-443b-b91b-79d3464575c1.jpg
WFX-3303,Vintage Grey Melange Jacket,Jacket,Cotton Canvas,379,Grey Melange,Solid,SS25,Meridian Apparel,Guangzhou Weave Co,1545.07,3115.04,https://raw.githubusercontent.com/alexeygrigorev/clothing-dataset/master/images/0d73e759-eeaa-43ab-98d4-196b6974c41e.jpg
WFX-3304,Relaxed Blue Polo,Polo,Polyester Pique,192,Blue,Solid,SS26,Kaia Collective,Jakarta Garmindo,390.77,830.67,https://raw.githubusercontent.com/alexeygrigorev/clothing-dataset/master/images/c8070903-1e2b-4526-b7f3-a683ff7f93ee.jpg
WFX-3305,Heritage Charcoal Jeans,Jeans,Denim 14oz,439,Charcoal,Solid,SS26,Kaia Collective,Noida Knits Pvt Ltd,1075.88,2796.96,https://raw.githubusercontent.com/alexeygrigorev/clothing-dataset/master/images/c9b68fc2-019a-4a4e-9709-97f75099b1e6.jpg
WFX-3306,Slim Fit Charcoal Jacket,Jacket,Polyester Shell,292,Charcoal,Solid,AW25,Vastra Studio,Istanbul Denim House,1321.63,2251.3,https://raw.githubusercontent.com/alexeygrigorev/clothing-dataset/master/images/df6097a1-e252-4d2d-bf7a-2d208f932273.jpg
WFX-3307,Cropped Brown Dress,Dress,Linen,162,Brown,Solid,AW25,Vastra Studio,Istanbul Denim House,405.5,851.22,https://raw.githubusercontent.com/alexeygrigorev/clothing-dataset/master/images/230ee7f3-a206-4804-9c23-8b5bda052140.jpg
WFX-3308,Slim Fit Black Jacket,Jacket,Nylon Taslan,311,Black,Printed,SS25,Loom & Co,Tirupur Garments Co,1492.82,3028.11,https://raw.githubusercontent.com/alexeygrigorev/clothing-dataset/master/images/3f3f3c92-5af3-4339-a142-4f9f3e099484.jpg
WFX-3309,Boxy Charcoal Polo,Polo,Cotton/Spandex 95/5,187,Charcoal,Solid,SS26,Cotton Culture,Shenzhen Fashion Works,435.27,759.47,https://raw.githubusercontent.com/alexeygrigorev/clothing-dataset/master/images/adeda6be-071b-4480-a0f2-022ec31692e1.jpg
WFX-3310,Signature Brown Polo,Polo,Cotton Pique,229,Brown,Solid,SS25,UrbanThread,Tirupur Garments Co,513.31,986.06,https://raw.githubusercontent.com/alexeygrigorev/clothing-dataset/master/images/7af2f4bf-faa9-44a2-a37b-af0638d8bd49.jpg
WFX-3311,Athleisure Indigo Skirt,Skirt,Denim 10oz,247,Indigo,Printed,SS25,UrbanThread,Phnom Penh Sewing Ltd,564.52,1563.49,https://raw.githubusercontent.com/alexeygrigorev/clothing-dataset/master/images/f8b84112-9110-4628-91e8-9d22a13767f3.jpg
WFX-3312,Slim Fit Grey Melange Hoodie,Hoodie,Cotton Fleece,360,Grey Melange,Printed,SS26,Kaia Collective,Hanoi Stitch Co,503.13,929.01,https://raw.githubusercontent.com/alexeygrigorev/clothing-dataset/master/images/9fce2963-b204-4865-be6f-99b512b31d39.jpg
WFX-3313,Oversized Navy Jacket,Jacket,Nylon Taslan,259,Navy,Solid,AW25,Kaia Collective,Tirupur Garments Co,1282.38,2566.72,https://raw.githubusercontent.com/alexeygrigorev/clothing-dataset/master/images/2b070f9a-72c6-4475-a2d6-5d473a896f90.jpg
WFX-3314,Tailored Black Skirt,Skirt,Cotton Twill,171,Black,Solid,AW25,Loom & Co,Colombo Apparel Group,592.18,1284.08,https://raw.githubusercontent.com/alexeygrigorev/clothing-dataset/master/images/97297d04-884f-451b-b75a-717ce3d1442a.jpg
WFX-3315,Tailored Sky Blue T-Shirt,T-Shirt,Organic Cotton,193,Sky Blue,Solid,AW26,Vastra Studio,Tirupur Garments Co,240.16,575.9,https://raw.githubusercontent.com/alexeygrigorev/clothing-dataset/master/images/fb3f29fb-ae30-41a5-84cd-c1e3ccad0307.jpg
WFX-3316,Heritage Grey Melange Shirt,Shirt,Cotton/Linen 70/30,136,Grey Melange,Printed,SS26,UrbanThread,Jakarta Garmindo,667.21,1786.57,https://raw.githubusercontent.com/alexeygrigorev/clothing-dataset/master/images/69185160-8563-4705-a642-d3002714163b.jpg
WFX-3317,Oversized Black Shorts,Shorts,Cotton Twill,258,Black,Solid,SS26,Cotton Culture,Dhaka Knitwear Ltd,252.98,649.53,https://raw.githubusercontent.com/alexeygrigorev/clothing-dataset/master/images/3fa06126-a2e6-4d26-bd57-ab102ffeca70.jpg
WFX-3318,Heritage Beige Skirt,Skirt,Viscose,195,Beige,Solid,AW25,UrbanThread,Noida Knits Pvt Ltd,321.51,807.32,https://raw.githubusercontent.com/alexeygrigorev/clothing-dataset/master/images/125472d8-0f0a-4d45-b531-fb87a9d9d95e.jpg
WFX-3319,Vintage Charcoal Trousers,Trousers,Poly/Viscose Suiting,284,Charcoal,Printed,SS26,Cotton Culture,Karachi Textile Mills,794.12,2197.48,https://raw.githubusercontent.com/alexeygrigorev/clothing-dataset/master/images/d372b66f-d6b2-43c6-b33f-095a8fd78595.jpg
WFX-3320,Signature Grey Melange Trousers,Trousers,Cotton Twill,235,Grey Melange,Solid,AW26,Kaia Collective,Tirupur Garments Co,805.09,1877.86,https://raw.githubusercontent.com/alexeygrigorev/clothing-dataset/master/images/26ee6859-a0f8-42ce-8604-a263882e6d96.jpg
WFX-3321,Essential Beige Shorts,Shorts,French Terry,239,Beige,Printed,AW26,Vastra Studio,Guangzhou Weave Co,486.5,1159.06,https://raw.githubusercontent.com/alexeygrigorev/clothing-dataset/master/images/4e1b78ba-f25e-49f7-b9f9-03c8cefaea66.jpg
WFX-3322,Signature Off White Shirt,Shirt,Cotton Poplin,112,Off White,Solid,AW25,NorthPeak,Guangzhou Weave Co,514.97,1064.95,https://raw.githubusercontent.com/alexeygrigorev/clothing-dataset/master/images/4bc3dd22-6229-4593-b978-747e59e372cf.jpg
WFX-3323,Slim Fit Olive T-Shirt,T-Shirt,100% Cotton,205,Olive,Solid,SS25,UrbanThread,Noida Knits Pvt Ltd,287.95,640.86,https://raw.githubusercontent.com/alexeygrigorev/clothing-dataset/master/images/6cb41939-b79a-4fad-b0e1-d760f1b4bc77.jpg
WFX-3324,Oversized Beige Hoodie,Hoodie,Cotton Fleece,386,Beige,Solid,SS25,Cotton Culture,Jakarta Garmindo,798.37,1973.42,https://raw.githubusercontent.com/alexeygrigorev/clothing-dataset/master/images/9767d117-3c66-4cac-a778-5ee3038ebfc8.jpg
WFX-3325,Boxy Charcoal Skirt,Skirt,Polyester Crepe,155,Charcoal,Solid,SS26,UrbanThread,Dhaka Knitwear Ltd,316.71,754.14,https://raw.githubusercontent.com/alexeygrigorev/clothing-dataset/master/images/53c395a3-94bf-4ad9-be75-3bb3924c2d76.jpg
WFX-3326,Athleisure Teal Trousers,Trousers,Chino Twill,243,Teal,Solid,AW25,Cotton Culture,Phnom Penh Sewing Ltd,842.33,2161.81,https://raw.githubusercontent.com/alexeygrigorev/clothing-dataset/master/images/bed78b94-b7d5-4e2a-befb-684dba950ec7.jpg
WFX-3327,Slim Fit Navy Skirt,Skirt,Polyester Crepe,225,Navy,Solid,AW26,Vastra Studio,Noida Knits Pvt Ltd,574.68,1412.46,https://raw.githubusercontent.com/alexeygrigorev/clothing-dataset/master/images/6b6416d0-7fae-4858-ba58-f0420302a1b2.jpg
WFX-3328,Slim Fit Grey Melange Jeans,Jeans,Stretch Denim 98/2,389,Grey Melange,Solid,AW26,Everlane East,Dhaka Knitwear Ltd,993.71,2020.73,https://raw.githubusercontent.com/alexeygrigorev/clothing-dataset/master/images/f2d0654b-aae0-4b40-9e32-50e499c48182.jpg
WFX-3329,Boxy Black T-Shirt,T-Shirt,100% Cotton,147,Black,Solid,SS25,Cotton Culture,Shenzhen Fashion Works,256.22,449.94,https://raw.githubusercontent.com/alexeygrigorev/clothing-dataset/master/images/19088710-43ac-467e-85c9-e1094db4f499.jpg
WFX-3330,Athleisure Charcoal Polo,Polo,Polyester Pique,215,Charcoal,Printed,AW26,Everlane East,Colombo Apparel Group,405.68,841.27,https://raw.githubusercontent.com/alexeygrigorev/clothing-dataset/master/images/45fb7ce0-9203-4f83-9554-49ddb0f15929.jpg
WFX-3331,Tailored Charcoal Skirt,Skirt,Denim 10oz,233,Charcoal,Solid,AW25,Kaia Collective,Tirupur Garments Co,640.65,1658.37,https://raw.githubusercontent.com/alexeygrigorev/clothing-dataset/master/images/84e4d60a-a684-4b88-b86e-dfac84cfac92.jpg
WFX-3332,Relaxed Black Trousers,Trousers,Cotton Twill,290,Black,Solid,AW26,Kaia Collective,Guangzhou Weave Co,630.93,1410.11,https://raw.githubusercontent.com/alexeygrigorev/clothing-dataset/master/images/c362d096-021d-4948-81ef-c2a971dc0998.jpg
WFX-3333,Vintage Charcoal Jacket,Jacket,Polyester Shell,363,Charcoal,Solid,SS25,Loom & Co,Phnom Penh Sewing Ltd,1032.4,2831.03,https://raw.githubusercontent.com/alexeygrigorev/clothing-dataset/master/images/c0ded3c7-3305-4f10-a2ce-f365e84fdce8.jpg
WFX-3334,Essential Charcoal T-Shirt,T-Shirt,Organic Cotton,145,Charcoal,Solid,SS26,NorthPeak,Colombo Apparel Group,280.69,488.76,https://raw.githubusercontent.com/alexeygrigorev/clothing-dataset/master/images/43306208-256a-4de5-b517-28f83b30778f.jpg
WFX-3335,Cropped Navy Sweatshirt,Sweatshirt,French Terry,278,Navy,Solid,SS26,Vastra Studio,ABC Textiles,456.86,1054.23,https://raw.githubusercontent.com/alexeygrigorev/clothing-dataset/master/images/fb18aa4f-0f3c-4e14-bf75-7593b010914f.jpg
WFX-3336,Classic Black Hoodie,Hoodie,French Terry,342,Black,Solid,AW26,Kaia Collective,Dhaka Knitwear Ltd,450.94,1017.79,https://raw.githubusercontent.com/alexeygrigorev/clothing-dataset/master/images/2d7142fc-f67a-443c-885a-62b5ebe034f1.jpg
WFX-3337,Signature Black Hoodie,Hoodie,French Terry,337,Black,Printed,AW25,Meridian Apparel,Istanbul Denim House,855.13,2169.99,https://raw.githubusercontent.com/alexeygrigorev/clothing-dataset/master/images/5f03aa74-bd9c-4d02-a794-1a9b9c01ac9d.jpg
WFX-3338,Athleisure Off White T-Shirt,T-Shirt,Cotton Slub,197,Off White,Solid,AW26,Everlane East,Dhaka Knitwear Ltd,187.25,463.15,https://raw.githubusercontent.com/alexeygrigorev/clothing-dataset/master/images/911a104e-2ca1-4983-a732-7cff59fcbec1.jpg
WFX-3339,Signature Olive Shirt,Shirt,Cotton/Linen 70/30,131,Olive,Solid,SS26,Loom & Co,Istanbul Denim House,516.4,1419.94,https://raw.githubusercontent.com/alexeygrigorev/clothing-dataset/master/images/ce8e34bd-d8eb-4d1f-8835-187b2c36ddd1.jpg
WFX-3340,Cropped Charcoal Hoodie,Hoodie,French Terry,283,Charcoal,Printed,SS25,Loom & Co,Guangzhou Weave Co,707.4,1807.68,https://raw.githubusercontent.com/alexeygrigorev/clothing-dataset/master/images/4bc5985c-fb6e-4ebf-83ad-2bf16f79ece0.jpg
WFX-3341,Tailored Charcoal Shirt,Shirt,Chambray,144,Charcoal,Printed,AW25,Kaia Collective,Phnom Penh Sewing Ltd,530.74,882.86,https://raw.githubusercontent.com/alexeygrigorev/clothing-dataset/master/images/ff0535f7-c9f4-47f7-8aae-373aa3e09f04.jpg
WFX-3342,Cropped Charcoal Jeans,Jeans,Denim 12oz,370,Charcoal,Solid,AW25,Vastra Studio,ABC Textiles,894.95,2003.11,https://raw.githubusercontent.com/alexeygrigorev/clothing-dataset/master/images/9a858530-6e0d-4bf0-8900-42055c64ddaf.jpg
WFX-3343,Vintage Black Trousers,Trousers,Poly/Viscose Suiting,256,Black,Solid,SS25,Kaia Collective,Hanoi Stitch Co,438.09,981.43,https://raw.githubusercontent.com/alexeygrigorev/clothing-dataset/master/images/5795a645-45b8-423a-887a-f8af020fa08d.jpg
WFX-3344,Essential Pink Dress,Dress,Cotton Voile,155,Pink,Solid,AW26,NorthPeak,Jakarta Garmindo,449.28,731.82,https://raw.githubusercontent.com/alexeygrigorev/clothing-dataset/master/images/968e1bb6-5441-4bb6-b56b-6b066dd2423e.jpg
WFX-3345,Cropped Teal Dress,Dress,Viscose,112,Teal,Printed,SS25,Meridian Apparel,Tirupur Garments Co,647.98,1258.65,https://raw.githubusercontent.com/alexeygrigorev/clothing-dataset/master/images/3c4bedd6-1073-4d9d-bb06-031f865f0846.jpg
WFX-3346,Slim Fit Off White Hoodie,Hoodie,Cotton/Polyester Fleece 80/20,366,Off White,Solid,SS25,UrbanThread,Hanoi Stitch Co,526.14,1229.78,https://raw.githubusercontent.com/alexeygrigorev/clothing-dataset/master/images/6edf8ea5-3b1d-4974-b65e-2b1ee2ccd9b1.jpg
WFX-3347,Cropped Off White Shirt,Shirt,Cotton/Linen 70/30,116,Off White,Solid,AW26,Loom & Co,Hanoi Stitch Co,428.02,896.87,https://raw.githubusercontent.com/alexeygrigorev/clothing-dataset/master/images/ecf9e2cb-7ad2-4fae-918e-b96a6b208dcf.jpg
WFX-3348,Oversized Black Jeans,Jeans,Denim 12oz,400,Black,Solid,SS26,UrbanThread,Karachi Textile Mills,795.79,1991.76,https://raw.githubusercontent.com/alexeygrigorev/clothing-dataset/master/images/9f0338d5-37b9-4837-964d-d68fa08cec3b.jpg
WFX-3349,Heritage Black T-Shirt,T-Shirt,Cotton Slub,210,Black,Solid,AW25,UrbanThread,Karachi Textile Mills,251.77,549.11,https://raw.githubusercontent.com/alexeygrigorev/clothing-dataset/master/images/28709ef4-cebf-40c5-8347-f59932bf9323.jpg
WFX-3350,Cropped Navy T-Shirt,T-Shirt,100% Cotton,171,Navy,Printed,AW26,Kaia Collective,Tirupur Garments Co,340.74,811.6,https://raw.githubusercontent.com/alexeygrigorev/clothing-dataset/master/images/7ac0ac0e-6c82-4e13-890e-5186a62b7807.jpg
WFX-3351,Tailored Black T-Shirt,T-Shirt,Cotton/Polyester 60/40,158,Black,Solid,AW26,Kaia Collective,Shenzhen Fashion Works,243.33,677.03,https://raw.githubusercontent.com/alexeygrigorev/clothing-dataset/master/images/638f066a-218c-4850-9771-4883a908d6a3.jpg
WFX-3352,Slim Fit Black Jacket,Jacket,Nylon Taslan,338,Black,Solid,SS25,UrbanThread,Noida Knits Pvt Ltd,1565.0,3669.73,https://raw.githubusercontent.com/alexeygrigorev/clothing-dataset/master/images/369fa09e-1fdd-4844-8814-fb1e18ace137.jpg
WFX-3353,Heritage Charcoal Polo,Polo,Cotton/Spandex 95/5,218,Charcoal,Solid,AW25,NorthPeak,Hanoi Stitch Co,325.27,785.85,https://raw.githubusercontent.com/alexeygrigorev/clothing-dataset/master/images/7cd60bfb-f76a-4a28-b900-96da6b3c2633.jpg
WFX-3354,Vintage Black Skirt,Skirt,Viscose,234,Black,Solid,SS25,Meridian Apparel,Dhaka Knitwear Ltd,486.93,819.95,https://raw.githubusercontent.com/alexeygrigorev/clothing-dataset/master/images/32b99302-cec7-4dec-adfa-3d4029674209.jpg
WFX-3355,Heritage Navy Jacket,Jacket,Cotton Canvas,273,Navy,Printed,SS26,NorthPeak,Hanoi Stitch Co,1249.4,3434.48,https://raw.githubusercontent.com/alexeygrigorev/clothing-dataset/master/images/ed28db5a-db33-4f80-ace3-16f945f7911a.jpg
WFX-3356,Boxy Red T-Shirt,T-Shirt,Organic Cotton,171,Red,Solid,SS26,UrbanThread,Shenzhen Fashion Works,315.57,626.71,https://raw.githubusercontent.com/alexeygrigorev/clothing-dataset/master/images/844083b8-2610-413c-9c41-2bd1440b797e.jpg
WFX-3357,Slim Fit Pink T-Shirt,T-Shirt,100% Cotton,217,Pink,Solid,AW26,Kaia Collective,Noida Knits Pvt Ltd,269.13,721.74,https://raw.githubusercontent.com/alexeygrigorev/clothing-dataset/master/images/60831e34-cafa-418e-9531-3818ee3db1f7.jpg
WFX-3358,Tailored Black Dress,Dress,Linen,110,Black,Solid,SS25,Kaia Collective,Dhaka Knitwear Ltd,783.02,1862.74,https://raw.githubusercontent.com/alexeygrigorev/clothing-dataset/master/images/04f0b07f-4b9f-4c55-bc5d-b693658fb32c.jpg
WFX-3359,Signature Black Jacket,Jacket,Denim 12oz,316,Black,Solid,SS25,Loom & Co,Tirupur Garments Co,1444.72,2932.14,https://raw.githubusercontent.com/alexeygrigorev/clothing-dataset/master/images/172a91db-cadc-4c64-85bb-4ac704ea686d.jpg
WFX-3360,Classic Grey Melange Skirt,Skirt,Polyester Crepe,259,Grey Melange,Solid,SS26,Cotton Culture,Guangzhou Weave Co,367.55,592.21,https://raw.githubusercontent.com/alexeygrigorev/clothing-dataset/master/images/284149a9-e71e-4955-8228-7511fa592bc1.jpg
WFX-3361,Relaxed Sky Blue Polo,Polo,Cotton Pique,232,Sky Blue,Solid,AW25,Kaia Collective,Guangzhou Weave Co,434.03,852.35,https://raw.githubusercontent.com/alexeygrigorev/clothing-dataset/master/images/85287925-224a-4f67-b34d-507b3859f962.jpg
WFX-3362,Relaxed Sky Blue Shorts,Shorts,Cotton Twill,195,Sky Blue,Solid,SS25,Vastra Studio,Phnom Penh Sewing Ltd,397.85,972.69,https://raw.githubusercontent.com/alexeygrigorev/clothing-dataset/master/images/de9cb15f-6aa5-4674-8b59-32370338dcef.jpg
WFX-3363,Relaxed Grey Melange Sweatshirt,Sweatshirt,French Terry,295,Grey Melange,Solid,AW25,Loom & Co,Jakarta Garmindo,627.64,1376.3,https://raw.githubusercontent.com/alexeygrigorev/clothing-dataset/master/images/ae1ade07-d523-480c-8d2b-09c5722f9edf.jpg
WFX-3364,Tailored Coral Dress,Dress,Viscose,116,Coral,Printed,SS26,Vastra Studio,Shenzhen Fashion Works,492.79,1125.48,https://raw.githubusercontent.com/alexeygrigorev/clothing-dataset/master/images/b8fe46bc-4781-4ab7-9a99-92374566f61c.jpg
WFX-3365,Heritage Charcoal Jacket,Jacket,Denim 12oz,363,Charcoal,Solid,SS25,Cotton Culture,Karachi Textile Mills,1494.79,2395.17,https://raw.githubusercontent.com/alexeygrigorev/clothing-dataset/master/images/a8f68926-3732-4af2-a44e-e90da223bdd6.jpg
WFX-3366,Essential Brown Jacket,Jacket,Cotton Canvas,290,Brown,Solid,SS25,Vastra Studio,Istanbul Denim House,809.55,1798.78,https://raw.githubusercontent.com/alexeygrigorev/clothing-dataset/master/images/0dcd999b-417d-4c1c-bfd2-26cc425c9267.jpg
WFX-3367,Relaxed Grey Melange Jacket,Jacket,Denim 12oz,327,Grey Melange,Solid,SS26,Loom & Co,Karachi Textile Mills,1179.17,2334.16,https://raw.githubusercontent.com/alexeygrigorev/clothing-dataset/master/images/097b9af0-483a-4b41-991c-3468877db077.jpg
WFX-3368,Relaxed Grey Melange Shirt,Shirt,Oxford Cotton,154,Grey Melange,Solid,AW25,Cotton Culture,Shenzhen Fashion Works,469.53,793.19,https://raw.githubusercontent.com/alexeygrigorev/clothing-dataset/master/images/c98e8dd6-3fd0-415c-a124-fe6aa1955b74.jpg
WFX-3369,Classic Black Sweatshirt,Sweatshirt,French Terry,340,Black,Solid,SS26,NorthPeak,Karachi Textile Mills,650.12,1061.94,https://raw.githubusercontent.com/alexeygrigorev/clothing-dataset/master/images/4abdc9ad-fc79-4ea8-8d09-337a4f50c6e6.jpg
WFX-3370,Essential Charcoal Polo,Polo,Cotton Pique,210,Charcoal,Solid,AW25,Loom & Co,ABC Textiles,321.51,645.9,https://raw.githubusercontent.com/alexeygrigorev/clothing-dataset/master/images/ee172193-e1fe-445b-a264-176091b3e02a.jpg
WFX-3371,Classic Sky Blue Shorts,Shorts,Cotton Twill,240,Sky Blue,Solid,AW26,Cotton Culture,ABC Textiles,383.94,671.82,https://raw.githubusercontent.com/alexeygrigorev/clothing-dataset/master/images/e64eb874-e12f-4802-9a14-4a10271b48fa.jpg
WFX-3372,Athleisure Black Jacket,Jacket,Polyester Shell,235,Black,Printed,AW26,Loom & Co,Colombo Apparel Group,1527.2,3253.4,https://raw.githubusercontent.com/alexeygrigorev/clothing-dataset/master/images/a801e237-8e93-429c-8699-4952420f5415.jpg
WFX-3373,Oversized Sky Blue Shirt,Shirt,Cotton Poplin,145,Sky Blue,Solid,AW26,Vastra Studio,Karachi Textile Mills,320.88,840.68,https://raw.githubusercontent.com/alexeygrigorev/clothing-dataset/master/images/1fd8e843-be30-4d20-a386-909b3f89c075.jpg
WFX-3374,Athleisure Black Jacket,Jacket,Cotton Canvas,318,Black,Printed,SS25,Cotton Culture,Phnom Penh Sewing Ltd,1117.79,2362.7,https://raw.githubusercontent.com/alexeygrigorev/clothing-dataset/master/images/1d419bc1-c0a7-40b3-b0c3-c36bc62a0f47.jpg
WFX-3375,Classic Grey Melange Sweatshirt,Sweatshirt,Loopback Cotton,326,Grey Melange,Solid,SS25,Vastra Studio,Dhaka Knitwear Ltd,531.28,972.76,https://raw.githubusercontent.com/alexeygrigorev/clothing-dataset/master/images/a59d261c-fc59-40ed-9c56-9bcf5d99fc9c.jpg
WFX-3376,Athleisure Black Hoodie,Hoodie,French Terry,345,Black,Solid,AW26,Meridian Apparel,Guangzhou Weave Co,565.33,1190.14,https://raw.githubusercontent.com/alexeygrigorev/clothing-dataset/master/images/ef2b415a-b26c-434f-b014-cd23c5de0fee.jpg
WFX-3377,Heritage Grey Melange Jeans,Jeans,Denim 12oz,355,Grey Melange,Solid,SS26,NorthPeak,Jakarta Garmindo,576.61,1327.03,https://raw.githubusercontent.com/alexeygrigorev/clothing-dataset/master/images/bd9d7a70-eaa4-4bc8-ad2c-15da61aae61f.jpg
WFX-3378,Classic Grey Melange Shorts,Shorts,Cotton Twill,220,Grey Melange,Solid,AW25,UrbanThread,Hanoi Stitch Co,342.6,689.13,https://raw.githubusercontent.com/alexeygrigorev/clothing-dataset/master/images/163d946e-7638-4069-92e0-1b02be330271.jpg
WFX-3379,Heritage Charcoal Jeans,Jeans,Stretch Denim 98/2,353,Charcoal,Solid,AW25,Loom & Co,Shenzhen Fashion Works,753.24,1381.81,https://raw.githubusercontent.com/alexeygrigorev/clothing-dataset/master/images/046d0a65-f5a6-47f6-afaf-e692bfcfcb00.jpg
WFX-3380,Athleisure Sky Blue Polo,Polo,Cotton Pique,222,Sky Blue,Solid,SS26,Cotton Culture,Istanbul Denim House,392.72,954.39,https://raw.githubusercontent.com/alexeygrigorev/clothing-dataset/master/images/718f71d8-3ff4-462c-8348-e35c5439e9bb.jpg
WFX-3381,Boxy Off White T-Shirt,T-Shirt,Cotton Slub,182,Off White,Solid,AW25,UrbanThread,ABC Textiles,190.57,408.8,https://raw.githubusercontent.com/alexeygrigorev/clothing-dataset/master/images/18439dca-829b-4ea3-bb54-8ab017f369f4.jpg
WFX-3382,Signature Red Hoodie,Hoodie,French Terry,309,Red,Solid,SS26,Everlane East,Istanbul Denim House,659.94,1224.69,https://raw.githubusercontent.com/alexeygrigorev/clothing-dataset/master/images/e4c3516f-4480-4e30-919d-dc735243f923.jpg
WFX-3383,Oversized Maroon T-Shirt,T-Shirt,Cotton Slub,163,Maroon,Solid,SS26,UrbanThread,ABC Textiles,356.52,573.31,https://raw.githubusercontent.com/alexeygrigorev/clothing-dataset/master/images/972c6621-eb6e-4340-812c-7b89a04a389b.jpg
WFX-3384,Classic Teal Polo,Polo,Cotton Pique,198,Teal,Solid,SS25,Vastra Studio,Hanoi Stitch Co,382.12,900.89,https://raw.githubusercontent.com/alexeygrigorev/clothing-dataset/master/images/ac99b83d-44de-45ad-9c82-df072f86793d.jpg
WFX-3385,Essential Indigo Dress,Dress,Cotton Voile,122,Indigo,Solid,AW25,Meridian Apparel,Tirupur Garments Co,470.42,900.57,https://raw.githubusercontent.com/alexeygrigorev/clothing-dataset/master/images/41e13fef-86f5-40cb-807f-84adde1ba3d2.jpg
WFX-3386,Heritage Navy Polo,Polo,Cotton Pique,191,Navy,Solid,AW25,Everlane East,ABC Textiles,502.86,1354.09,https://raw.githubusercontent.com/alexeygrigorev/clothing-dataset/master/images/50672a01-02ba-4583-8ce1-dda8b1884820.jpg
WFX-3387,Heritage Beige Shirt,Shirt,Linen,123,Beige,Solid,AW25,Everlane East,Hanoi Stitch Co,422.03,796.87,https://raw.githubusercontent.com/alexeygrigorev/clothing-dataset/master/images/dafdefab-16ed-478c-8054-b479e48fe54b.jpg
WFX-3388,Relaxed Navy T-Shirt,T-Shirt,100% Cotton,158,Navy,Solid,AW26,Cotton Culture,Shenzhen Fashion Works,370.68,651.27,https://raw.githubusercontent.com/alexeygrigorev/clothing-dataset/master/images/e79aa430-3b52-4300-a363-b122402a675b.jpg
WFX-3389,Relaxed Mustard T-Shirt,T-Shirt,Cotton Slub,171,Mustard,Solid,SS26,Meridian Apparel,Phnom Penh Sewing Ltd,380.25,956.59,https://raw.githubusercontent.com/alexeygrigorev/clothing-dataset/master/images/224eaa85-6c96-4a3e-8f07-2612e569cb2a.jpg
WFX-3390,Tailored Off White Shirt,Shirt,Oxford Cotton,113,Off White,Solid,AW26,Vastra Studio,Tirupur Garments Co,551.78,1068.29,https://raw.githubusercontent.com/alexeygrigorev/clothing-dataset/master/images/b5613279-a7fc-4d80-9d7d-df632d12c452.jpg
WFX-3391,Tailored Black Jacket,Jacket,Cotton Canvas,377,Black,Solid,SS26,Kaia Collective,Noida Knits Pvt Ltd,758.39,1676.3,https://raw.githubusercontent.com/alexeygrigorev/clothing-dataset/master/images/459ec559-7f45-4906-95d7-d449d5eadfdf.jpg
WFX-3392,Signature Olive Skirt,Skirt,Viscose,181,Olive,Printed,AW26,Kaia Collective,Istanbul Denim House,549.37,1225.41,https://raw.githubusercontent.com/alexeygrigorev/clothing-dataset/master/images/7ec3c84f-6c41-40bf-8248-f89846c6be6c.jpg
WFX-3393,Relaxed Grey Melange Skirt,Skirt,Denim 10oz,221,Grey Melange,Solid,AW25,Vastra Studio,ABC Textiles,622.41,1432.03,https://raw.githubusercontent.com/alexeygrigorev/clothing-dataset/master/images/e3d30ea5-976b-45a8-a1e4-0fbcc7a045c2.jpg
WFX-3394,Athleisure Black Hoodie,Hoodie,Cotton Fleece,330,Black,Solid,AW25,Cotton Culture,Karachi Textile Mills,548.37,1157.08,https://raw.githubusercontent.com/alexeygrigorev/clothing-dataset/master/images/d7f760bd-07f5-419b-a807-ce4d34009206.jpg
WFX-3395,Tailored Sky Blue Sweatshirt,Sweatshirt,Cotton Fleece,270,Sky Blue,Solid,SS26,Vastra Studio,Istanbul Denim House,453.73,771.72,https://raw.githubusercontent.com/alexeygrigorev/clothing-dataset/master/images/0142c777-baf8-4500-add9-6641b95b90ec.jpg
WFX-3396,Vintage Charcoal Jeans,Jeans,Denim 14oz,471,Charcoal,Solid,AW26,Cotton Culture,Istanbul Denim House,872.68,1842.51,https://raw.githubusercontent.com/alexeygrigorev/clothing-dataset/master/images/801458be-449f-45eb-9101-62e03a7a77c3.jpg
WFX-3397,Cropped Off White Polo,Polo,Cotton/Spandex 95/5,197,Off White,Solid,SS25,Cotton Culture,Shenzhen Fashion Works,364.71,662.12,https://raw.githubusercontent.com/alexeygrigorev/clothing-dataset/master/images/db7b1bb1-f405-4c45-978a-958e02664a4d.jpg
WFX-3398,Relaxed Charcoal Trousers,Trousers,Chino Twill,264,Charcoal,Printed,SS25,Loom & Co,Colombo Apparel Group,630.76,1496.41,https://raw.githubusercontent.com/alexeygrigorev/clothing-dataset/master/images/c9a5b637-9b9d-4b0b-94f8-c799020b5a98.jpg
WFX-3399,Essential Beige Polo,Polo,Cotton/Spandex 95/5,182,Beige,Solid,SS26,NorthPeak,Noida Knits Pvt Ltd,413.81,827.83,https://raw.githubusercontent.com/alexeygrigorev/clothing-dataset/master/images/63a7c9dd-6f90-4e94-b94f-b487b93bb82c.jpg
WFX-3400,Signature Lavender Polo,Polo,Cotton Pique,225,Lavender,Solid,SS26,UrbanThread,Guangzhou Weave Co,431.21,761.27,https://raw.githubusercontent.com/alexeygrigorev/clothing-dataset/master/images/0433a5db-ac05-46a9-8ef0-4424334a6fbf.jpg
WFX-3401,Athleisure Red T-Shirt,T-Shirt,Organic Cotton,184,Red,Solid,SS25,Kaia Collective,Karachi Textile Mills,345.78,720.8,https://raw.githubusercontent.com/alexeygrigorev/clothing-dataset/master/images/5ab59471-f2f5-4ff9-a106-3de7044fbfd2.jpg
WFX-3402,Relaxed Charcoal Hoodie,Hoodie,Cotton/Polyester Fleece 80/20,309,Charcoal,Solid,AW26,Kaia Collective,Istanbul Denim House,552.12,1379.73,https://raw.githubusercontent.com/alexeygrigorev/clothing-dataset/master/images/29002194-4f1c-4ef8-aac0-3e92d79d5b37.jpg
WFX-3403,Vintage Charcoal Hoodie,Hoodie,Cotton Fleece,320,Charcoal,Solid,AW25,Kaia Collective,Guangzhou Weave Co,830.61,1756.37,https://raw.githubusercontent.com/alexeygrigorev/clothing-dataset/master/images/dbca8733-2f5d-4e72-94c2-376fd6cc3afa.jpg
WFX-3404,Signature Grey Melange Jacket,Jacket,Nylon Taslan,315,Grey Melange,Solid,SS25,Kaia Collective,Colombo Apparel Group,825.06,2185.17,https://raw.githubusercontent.com/alexeygrigorev/clothing-dataset/master/images/fa9f16fa-8b47-4b83-9567-497888652a64.jpg
WFX-3405,Signature Blue Shirt,Shirt,Linen,124,Blue,Solid,SS26,Cotton Culture,Karachi Textile Mills,467.66,1133.1,https://raw.githubusercontent.com/alexeygrigorev/clothing-dataset/master/images/725b050f-1d89-4411-84b6-bd6d14d1f3d3.jpg
WFX-3406,Athleisure Black Sweatshirt,Sweatshirt,Cotton Fleece,360,Black,Solid,AW26,Everlane East,Hanoi Stitch Co,412.88,729.54,https://raw.githubusercontent.com/alexeygrigorev/clothing-dataset/master/images/14b030c6-7721-42c3-acdf-a4b2f9fad919.jpg
WFX-3407,Essential Teal T-Shirt,T-Shirt,Cotton Slub,148,Teal,Solid,AW26,NorthPeak,Dhaka Knitwear Ltd,283.62,517.89,https://raw.githubusercontent.com/alexeygrigorev/clothing-dataset/master/images/618e1ed4-f01e-45b5-9a5b-ace8f9744f1e.jpg
WFX-3408,Classic Navy Jeans,Jeans,Denim 12oz,385,Navy,Solid,AW25,Vastra Studio,Istanbul Denim House,519.24,1260.11,https://raw.githubusercontent.com/alexeygrigorev/clothing-dataset/master/images/501e6c1c-4bbb-46b7-8d95-edbeb901826d.jpg
WFX-3409,Oversized Blue Dress,Dress,Polyester Crepe,136,Blue,Solid,AW26,UrbanThread,Jakarta Garmindo,463.24,903.01,https://raw.githubusercontent.com/alexeygrigorev/clothing-dataset/master/images/377c407c-b353-45c5-b592-e68bad2d68d2.jpg
WFX-3410,Vintage Pink Shorts,Shorts,French Terry,161,Pink,Solid,AW25,Loom & Co,Karachi Textile Mills,301.55,793.57,https://raw.githubusercontent.com/alexeygrigorev/clothing-dataset/master/images/8562c30c-623c-49b5-8a9b-b7fefae16eda.jpg
WFX-3411,Slim Fit Charcoal Skirt,Skirt,Denim 10oz,201,Charcoal,Solid,AW25,NorthPeak,Shenzhen Fashion Works,560.1,1157.61,https://raw.githubusercontent.com/alexeygrigorev/clothing-dataset/master/images/0da586b0-bbfb-44fd-a629-12aee2b1d430.jpg
WFX-3412,Relaxed Black T-Shirt,T-Shirt,Cotton Slub,160,Black,Solid,AW26,NorthPeak,Phnom Penh Sewing Ltd,300.93,820.63,https://raw.githubusercontent.com/alexeygrigorev/clothing-dataset/master/images/45626f38-49a8-4222-8b33-82d0712a6f40.jpg
WFX-3413,Tailored Black Jeans,Jeans,Denim 12oz,454,Black,Solid,SS26,Kaia Collective,Shenzhen Fashion Works,538.38,1119.34,https://raw.githubusercontent.com/alexeygrigorev/clothing-dataset/master/images/12f7dcc1-a830-4a57-8d6e-088cb0ae4d08.jpg
WFX-3414,Boxy Red Polo,Polo,Cotton/Spandex 95/5,216,Red,Solid,SS26,NorthPeak,Noida Knits Pvt Ltd,261.73,447.38,https://raw.githubusercontent.com/alexeygrigorev/clothing-dataset/master/images/50cf2865-ac06-4116-a30c-3f3b9d7856c1.jpg
WFX-3415,Signature Black Sweatshirt,Sweatshirt,Cotton Fleece,282,Black,Solid,AW26,Kaia Collective,Phnom Penh Sewing Ltd,566.02,1027.61,https://raw.githubusercontent.com/alexeygrigorev/clothing-dataset/master/images/52dcabd0-e02a-499e-9a2a-6f85dc3aa65c.jpg
WFX-3416,Relaxed Off White Jacket,Jacket,Polyester Shell,365,Off White,Solid,AW25,NorthPeak,ABC Textiles,785.98,1916.51,https://raw.githubusercontent.com/alexeygrigorev/clothing-dataset/master/images/64e29a42-7110-4435-9278-e85a4327b1fd.jpg
WFX-3417,Vintage Grey Melange Shirt,Shirt,Cotton Poplin,154,Grey Melange,Printed,SS25,Cotton Culture,Istanbul Denim House,590.62,1584.45,https://raw.githubusercontent.com/alexeygrigorev/clothing-dataset/master/images/eaf87a18-8d62-408f-81b9-f22ecf14e34f.jpg
WFX-3418,Slim Fit Green Shirt,Shirt,Cotton Poplin,142,Green,Solid,SS26,Vastra Studio,Istanbul Denim House,606.62,1207.91,https://raw.githubusercontent.com/alexeygrigorev/clothing-dataset/master/images/d8c20701-80af-4d6c-b8fb-9c4535860b4b.jpg
WFX-3419,Boxy Grey Melange T-Shirt,T-Shirt,Cotton Slub,143,Grey Melange,Solid,AW26,Cotton Culture,Guangzhou Weave Co,168.3,409.54,https://raw.githubusercontent.com/alexeygrigorev/clothing-dataset/master/images/17225acd-6301-4ffd-b13c-d703db9db078.jpg
WFX-3420,Slim Fit Red Sweatshirt,Sweatshirt,French Terry,310,Red,Solid,SS26,Kaia Collective,Guangzhou Weave Co,415.11,789.01,https://raw.githubusercontent.com/alexeygrigorev/clothing-dataset/master/images/2f891a3a-b53c-4619-92a0-51236080811c.jpg
WFX-3421,Boxy Pink T-Shirt,T-Shirt,Cotton Slub,148,Pink,Solid,AW25,Kaia Collective,Guangzhou Weave Co,170.64,407.56,https://raw.githubusercontent.com/alexeygrigorev/clothing-dataset/master/images/5d925e47-bc47-4cce-9096-75af190a3428.jpg
WFX-3422,Cropped Black Hoodie,Hoodie,Cotton Fleece,301,Black,Solid,SS25,Everlane East,Tirupur Garments Co,827.32,1926.32,https://raw.githubusercontent.com/alexeygrigorev/clothing-dataset/master/images/b1236b80-4b3d-45e3-8c39-4e5ff1e169e1.jpg
WFX-3423,Boxy Forest Green Sweatshirt,Sweatshirt,French Terry,345,Forest Green,Solid,SS26,Meridian Apparel,Tirupur Garments Co,705.44,1702.13,https://raw.githubusercontent.com/alexeygrigorev/clothing-dataset/master/images/6072c8c3-88ed-4f70-85df-3d1ffa6b2e83.jpg
WFX-3424,Tailored Indigo Jeans,Jeans,Denim 12oz,476,Indigo,Solid,SS25,Everlane East,Noida Knits Pvt Ltd,629.7,1534.01,https://raw.githubusercontent.com/alexeygrigorev/clothing-dataset/master/images/ad22bcd3-abd8-4b31-9605-2cc460b93e4a.jpg
WFX-3425,Relaxed Grey Melange Sweatshirt,Sweatshirt,Loopback Cotton,266,Grey Melange,Solid,AW25,Cotton Culture,Karachi Textile Mills,639.28,1060.18,https://raw.githubusercontent.com/alexeygrigorev/clothing-dataset/master/images/a9a1fcae-51fe-4d0b-a11d-65313f68c473.jpg
WFX-3426,Essential Charcoal Dress,Dress,Rayon Challis,111,Charcoal,Solid,AW25,Loom & Co,ABC Textiles,358.82,586.14,https://raw.githubusercontent.com/alexeygrigorev/clothing-dataset/master/images/e59186b6-abfa-4f6a-9e7b-2c7e2cf3fd22.jpg
WFX-3427,Oversized Black Jeans,Jeans,Denim 12oz,382,Black,Solid,SS26,Cotton Culture,Jakarta Garmindo,934.41,1544.41,https://raw.githubusercontent.com/alexeygrigorev/clothing-dataset/master/images/cfc50433-e50a-442b-b7e0-273e17a4edad.jpg
WFX-3428,Vintage Off White Trousers,Trousers,Poly/Viscose Suiting,280,Off White,Solid,AW26,Loom & Co,Jakarta Garmindo,485.3,897.1,https://raw.githubusercontent.com/alexeygrigorev/clothing-dataset/master/images/735b2cb6-8cd8-4103-8e8e-85888a6acb71.jpg
WFX-3429,Heritage Red Sweatshirt,Sweatshirt,French Terry,273,Red,Solid,SS26,UrbanThread,Karachi Textile Mills,542.63,981.26,https://raw.githubusercontent.com/alexeygrigorev/clothing-dataset/master/images/91c4b8c1-fd2f-47ea-b496-8191d36a2e3b.jpg
WFX-3430,Heritage Orange T-Shirt,T-Shirt,Cotton/Polyester 60/40,198,Orange,Solid,SS26,UrbanThread,Colombo Apparel Group,205.02,489.91,https://raw.githubusercontent.com/alexeygrigorev/clothing-dataset/master/images/c67fe1be-51c6-44d6-afed-42d411f75427.jpg
WFX-3431,Signature Grey Melange Jeans,Jeans,Denim 12oz,445,Grey Melange,Solid,AW25,NorthPeak,Dhaka Knitwear Ltd,680.92,1578.81,https://raw.githubusercontent.com/alexeygrigorev/clothing-dataset/master/images/cc0d271d-0cc4-4673-b3a2-6c5506f8a4dd.jpg
WFX-3432,Signature Navy Hoodie,Hoodie,French Terry,321,Navy,Solid,AW25,Cotton Culture,Noida Knits Pvt Ltd,891.64,2171.66,https://raw.githubusercontent.com/alexeygrigorev/clothing-dataset/master/images/8b2f6c39-2726-478e-a489-cb02a7bd1b7f.jpg
WFX-3433,Athleisure Grey Melange Skirt,Skirt,Polyester Crepe,248,Grey Melange,Printed,AW26,Everlane East,ABC Textiles,533.23,896.37,https://raw.githubusercontent.com/alexeygrigorev/clothing-dataset/master/images/f1ff2780-2ab1-401f-8089-089b5dfa1cf2.jpg
WFX-3434,Relaxed Charcoal Jeans,Jeans,Stretch Denim 98/2,399,Charcoal,Solid,SS25,Loom & Co,ABC Textiles,802.05,1961.46,https://raw.githubusercontent.com/alexeygrigorev/clothing-dataset/master/images/af130668-3a3c-4dbb-b7f3-8456ec286a68.jpg
WFX-3435,Classic Charcoal Hoodie,Hoodie,Cotton Fleece,374,Charcoal,Solid,AW25,Cotton Culture,Dhaka Knitwear Ltd,642.82,1216.38,https://raw.githubusercontent.com/alexeygrigorev/clothing-dataset/master/images/5e0c1b76-5405-4192-9dd0-3b3fd46060a9.jpg
WFX-3436,Relaxed Teal Polo,Polo,Cotton/Spandex 95/5,192,Teal,Solid,AW26,Cotton Culture,ABC Textiles,295.5,545.28,https://raw.githubusercontent.com/alexeygrigorev/clothing-dataset/master/images/509dd80f-1a59-450d-acde-81e57780859e.jpg
WFX-3437,Vintage Charcoal Shirt,Shirt,Linen,130,Charcoal,Printed,SS26,UrbanThread,Jakarta Garmindo,557.44,1400.62,https://raw.githubusercontent.com/alexeygrigorev/clothing-dataset/master/images/52242d70-6914-4819-94cd-844e380ffbcb.jpg
WFX-3438,Heritage Grey Melange Sweatshirt,Sweatshirt,Cotton Fleece,302,Grey Melange,Solid,AW25,Vastra Studio,ABC Textiles,537.09,991.99,https://raw.githubusercontent.com/alexeygrigorev/clothing-dataset/master/images/bc96eb47-531d-410f-bcae-dab5ec60db66.jpg
WFX-3439,Boxy Beige Shirt,Shirt,Chambray,130,Beige,Solid,SS25,Vastra Studio,Dhaka Knitwear Ltd,373.42,879.68,https://raw.githubusercontent.com/alexeygrigorev/clothing-dataset/master/images/2519bdf8-67c2-46d2-9a6d-4d078e0a4de9.jpg
WFX-3440,Athleisure Blush Pink Hoodie,Hoodie,French Terry,298,Blush Pink,Solid,AW25,Vastra Studio,Tirupur Garments Co,872.22,1526.97,https://raw.githubusercontent.com/alexeygrigorev/clothing-dataset/master/images/82dee9a8-a859-45b4-8214-16e10b615b17.jpg
WFX-3441,Vintage Sky Blue Jeans,Jeans,Denim 14oz,459,Sky Blue,Solid,AW25,Vastra Studio,Shenzhen Fashion Works,686.88,1693.85,https://raw.githubusercontent.com/alexeygrigorev/clothing-dataset/master/images/1faab1ac-d8d4-4711-adbb-7812d7513d41.jpg
WFX-3442,Boxy Beige Hoodie,Hoodie,Cotton/Polyester Fleece 80/20,353,Beige,Solid,SS25,Cotton Culture,Colombo Apparel Group,651.72,1539.83,https://raw.githubusercontent.com/alexeygrigorev/clothing-dataset/master/images/8a21d557-1c9d-4769-af62-e8cf24dbdf0e.jpg
WFX-3443,Signature Charcoal Dress,Dress,Polyester Crepe,121,Charcoal,Solid,AW26,Meridian Apparel,Phnom Penh Sewing Ltd,608.89,1283.08,https://raw.githubusercontent.com/alexeygrigorev/clothing-dataset/master/images/4b8e5d41-3e12-4d2b-8634-e62e71d613ff.jpg
WFX-3444,Athleisure Forest Green Hoodie,Hoodie,Cotton Fleece,377,Forest Green,Printed,AW25,Meridian Apparel,Colombo Apparel Group,621.64,1631.71,https://raw.githubusercontent.com/alexeygrigorev/clothing-dataset/master/images/69e7ec12-a8b6-4571-8d9f-f46bd017495d.jpg
WFX-3445,Athleisure Brown Sweatshirt,Sweatshirt,Loopback Cotton,319,Brown,Solid,AW26,Loom & Co,Jakarta Garmindo,522.34,1013.27,https://raw.githubusercontent.com/alexeygrigorev/clothing-dataset/master/images/d5c7bcbc-a40b-4eb4-9c9d-e2e384a12f0d.jpg
WFX-3446,Classic Plum Dress,Dress,Rayon Challis,160,Plum,Printed,SS26,Kaia Collective,ABC Textiles,457.64,1235.33,https://raw.githubusercontent.com/alexeygrigorev/clothing-dataset/master/images/d1369205-6113-4de7-bcad-c40a2b776037.jpg
WFX-3447,Boxy Brown Polo,Polo,Cotton/Spandex 95/5,240,Brown,Solid,SS26,Loom & Co,Karachi Textile Mills,368.39,917.52,https://raw.githubusercontent.com/alexeygrigorev/clothing-dataset/master/images/54730d1c-2c4d-4f00-9424-944113ccddf7.jpg
WFX-3448,Vintage Grey Melange Jacket,Jacket,Nylon Taslan,251,Grey Melange,Printed,SS26,Cotton Culture,Shenzhen Fashion Works,1046.34,2384.33,https://raw.githubusercontent.com/alexeygrigorev/clothing-dataset/master/images/78ca5eae-827e-4966-9fee-420e85cf95e2.jpg
WFX-3449,Vintage Grey Melange Sweatshirt,Sweatshirt,Cotton Fleece,348,Grey Melange,Printed,AW25,Vastra Studio,Karachi Textile Mills,547.27,913.53,https://raw.githubusercontent.com/alexeygrigorev/clothing-dataset/master/images/c60db3f4-cb91-4d84-831a-561f53976135.jpg
WFX-3450,Classic Plum Hoodie,Hoodie,Cotton Fleece,397,Plum,Solid,AW25,NorthPeak,Noida Knits Pvt Ltd,815.91,1923.22,https://raw.githubusercontent.com/alexeygrigorev/clothing-dataset/master/images/fd576f74-65ea-4c1f-95dc-1b541a9b7988.jpg
WFX-3451,Slim Fit Grey Melange Skirt,Skirt,Viscose,172,Grey Melange,Solid,SS25,Loom & Co,Noida Knits Pvt Ltd,386.6,886.86,https://raw.githubusercontent.com/alexeygrigorev/clothing-dataset/master/images/910268c2-a132-4d25-80b1-59812c52e65c.jpg
WFX-3452,Oversized Black Sweatshirt,Sweatshirt,Cotton Fleece,351,Black,Solid,AW25,Everlane East,Phnom Penh Sewing Ltd,766.75,1592.69,https://raw.githubusercontent.com/alexeygrigorev/clothing-dataset/master/images/7253c29e-932d-4669-b834-e3070730f788.jpg
WFX-3453,Heritage Grey Melange Polo,Polo,Cotton/Spandex 95/5,196,Grey Melange,Solid,AW26,NorthPeak,Jakarta Garmindo,457.55,1006.97,https://raw.githubusercontent.com/alexeygrigorev/clothing-dataset/master/images/3d49b769-7585-4033-b853-c16519ceabe4.jpg
WFX-3454,Slim Fit Sky Blue T-Shirt,T-Shirt,100% Cotton,153,Sky Blue,Solid,SS26,Vastra Studio,Hanoi Stitch Co,309.05,782.52,https://raw.githubusercontent.com/alexeygrigorev/clothing-dataset/master/images/7cc6005d-6efe-45d6-ace1-01af3470d456.jpg
WFX-3455,Classic Black Hoodie,Hoodie,French Terry,319,Black,Printed,SS25,Loom & Co,Istanbul Denim House,452.89,816.14,https://raw.githubusercontent.com/alexeygrigorev/clothing-dataset/master/images/709126d8-270b-4393-84d3-765a9df3b3b8.jpg
WFX-3456,Essential Black Skirt,Skirt,Denim 10oz,223,Black,Solid,AW25,Meridian Apparel,Tirupur Garments Co,400.92,848.8,https://raw.githubusercontent.com/alexeygrigorev/clothing-dataset/master/images/29a50158-569c-4597-ab58-184fa0256c51.jpg
WFX-3457,Relaxed Black Skirt,Skirt,Denim 10oz,163,Black,Solid,AW25,Vastra Studio,Phnom Penh Sewing Ltd,475.91,824.41,https://raw.githubusercontent.com/alexeygrigorev/clothing-dataset/master/images/637a56e4-7fa6-4f75-8859-0f8902461554.jpg
WFX-3458,Boxy Grey Melange Sweatshirt,Sweatshirt,Cotton Fleece,283,Grey Melange,Solid,SS25,Meridian Apparel,Karachi Textile Mills,723.67,1324.51,https://raw.githubusercontent.com/alexeygrigorev/clothing-dataset/master/images/8a3b06d4-6722-490e-85c9-de0eb834883d.jpg
WFX-3459,Classic Brown Shirt,Shirt,Linen,115,Brown,Solid,AW25,Kaia Collective,Hanoi Stitch Co,451.09,871.56,https://raw.githubusercontent.com/alexeygrigorev/clothing-dataset/master/images/0976f46d-d278-4f99-9929-418e60d42d3d.jpg
WFX-3460,Heritage Grey Melange Sweatshirt,Sweatshirt,Cotton Fleece,357,Grey Melange,Printed,SS25,Loom & Co,ABC Textiles,440.32,736.77,https://raw.githubusercontent.com/alexeygrigorev/clothing-dataset/master/images/21b775d5-45f8-4258-8b77-1cc6757c2a82.jpg
WFX-3461,Boxy Grey Melange Shirt,Shirt,Chambray,160,Grey Melange,Solid,AW26,Cotton Culture,Colombo Apparel Group,302.9,703.81,https://raw.githubusercontent.com/alexeygrigorev/clothing-dataset/master/images/7248be0f-4c8d-4aa9-a276-419fe8043142.jpg
WFX-3462,Relaxed Off White Hoodie,Hoodie,Cotton/Polyester Fleece 80/20,327,Off White,Solid,SS26,Everlane East,Hanoi Stitch Co,756.84,1522.53,https://raw.githubusercontent.com/alexeygrigorev/clothing-dataset/master/images/58a89ae2-5ea0-4c00-96c7-2476e7d9b3f2.jpg
WFX-3463,Classic Charcoal Polo,Polo,Polyester Pique,183,Charcoal,Printed,AW26,Everlane East,Dhaka Knitwear Ltd,542.59,1436.61,https://raw.githubusercontent.com/alexeygrigorev/clothing-dataset/master/images/f2368692-5695-415e-aa9c-e3d510fdd5aa.jpg
WFX-3464,Relaxed Grey Melange T-Shirt,T-Shirt,100% Cotton,217,Grey Melange,Solid,SS26,Kaia Collective,Guangzhou Weave Co,180.72,404.23,https://raw.githubusercontent.com/alexeygrigorev/clothing-dataset/master/images/b2e084c7-e3a0-4182-8671-b908544a7cf2.jpg
WFX-3465,Classic Charcoal Jacket,Jacket,Cotton Canvas,268,Charcoal,Solid,SS26,UrbanThread,Hanoi Stitch Co,702.82,1662.65,https://raw.githubusercontent.com/alexeygrigorev/clothing-dataset/master/images/0ad8629f-2e9f-4591-a661-7489d6d49737.jpg
WFX-3466,Oversized Brown Jacket,Jacket,Cotton Canvas,279,Brown,Solid,SS26,Everlane East,Phnom Penh Sewing Ltd,1246.09,2592.11,https://raw.githubusercontent.com/alexeygrigorev/clothing-dataset/master/images/7f6e85a8-8bc0-4b9f-b3de-23b45c0833d8.jpg
WFX-3467,Cropped Grey Melange Shorts,Shorts,French Terry,269,Grey Melange,Solid,AW25,Meridian Apparel,Karachi Textile Mills,459.85,791.19,https://raw.githubusercontent.com/alexeygrigorev/clothing-dataset/master/images/b6fed6f7-dcb2-4263-9c85-e45f85b06c76.jpg
WFX-3468,Tailored Blush Pink Dress,Dress,Rayon Challis,163,Blush Pink,Solid,AW26,Meridian Apparel,Noida Knits Pvt Ltd,788.25,1546.25,https://raw.githubusercontent.com/alexeygrigorev/clothing-dataset/master/images/72512c3a-98b8-46e9-bdd6-60ef4261f325.jpg
WFX-3469,Slim Fit Sky Blue Shirt,Shirt,Cotton Poplin,140,Sky Blue,Solid,SS25,Loom & Co,Shenzhen Fashion Works,565.06,1067.44,https://raw.githubusercontent.com/alexeygrigorev/clothing-dataset/master/images/567f4a4e-4e47-4b27-902c-46d0c59df3aa.jpg
WFX-3470,Cropped Charcoal Sweatshirt,Sweatshirt,Cotton Fleece,263,Charcoal,Solid,AW25,NorthPeak,Karachi Textile Mills,464.09,1259.89,https://raw.githubusercontent.com/alexeygrigorev/clothing-dataset/master/images/d3798a33-8735-4284-b83e-bd7ce6a65319.jpg
WFX-3471,Signature Beige Sweatshirt,Sweatshirt,Cotton Fleece,275,Beige,Solid,AW26,Loom & Co,Noida Knits Pvt Ltd,666.19,1803.57,https://raw.githubusercontent.com/alexeygrigorev/clothing-dataset/master/images/09c08576-09d6-4878-a6f5-3087ccc57a9e.jpg
WFX-3472,Essential Sky Blue Jacket,Jacket,Polyester Shell,367,Sky Blue,Solid,AW26,Everlane East,Noida Knits Pvt Ltd,1389.7,3225.24,https://raw.githubusercontent.com/alexeygrigorev/clothing-dataset/master/images/3395d7f5-fe79-448e-abec-fb6879feeddf.jpg
WFX-3473,Oversized Indigo Dress,Dress,Rayon Challis,128,Indigo,Solid,SS26,Vastra Studio,Dhaka Knitwear Ltd,492.5,959.97,https://raw.githubusercontent.com/alexeygrigorev/clothing-dataset/master/images/46ad36ad-8234-4fa1-a88b-e76256413c17.jpg
WFX-3474,Signature Charcoal Jacket,Jacket,Denim 12oz,252,Charcoal,Solid,SS25,NorthPeak,Phnom Penh Sewing Ltd,1468.0,4029.49,https://raw.githubusercontent.com/alexeygrigorev/clothing-dataset/master/images/2ea87992-6eb5-46a2-9ac6-e4ac727179aa.jpg
WFX-3475,Essential Charcoal Shorts,Shorts,French Terry,228,Charcoal,Printed,SS26,Meridian Apparel,Karachi Textile Mills,306.96,634.11,https://raw.githubusercontent.com/alexeygrigorev/clothing-dataset/master/images/d619091d-fc8d-4730-9f3c-2a042e876272.jpg
WFX-3476,Slim Fit Grey Melange T-Shirt,T-Shirt,100% Cotton,190,Grey Melange,Solid,SS26,Vastra Studio,Hanoi Stitch Co,152.3,399.46,https://raw.githubusercontent.com/alexeygrigorev/clothing-dataset/master/images/0f4428f4-7d85-4d6d-aaa2-65c220a26dd8.jpg
WFX-3477,Heritage Black Shorts,Shorts,French Terry,218,Black,Solid,SS25,Cotton Culture,Guangzhou Weave Co,294.23,570.83,https://raw.githubusercontent.com/alexeygrigorev/clothing-dataset/master/images/dfb9288a-faa2-435b-85a0-dbaf8031b705.jpg
WFX-3478,Boxy Charcoal Jeans,Jeans,Stretch Denim 98/2,371,Charcoal,Solid,AW25,Kaia Collective,Phnom Penh Sewing Ltd,664.07,1738.01,https://raw.githubusercontent.com/alexeygrigorev/clothing-dataset/master/images/537e330a-d61b-486c-bb78-f0ca67bf0562.jpg
WFX-3479,Relaxed Black Dress,Dress,Polyester Crepe,107,Black,Solid,AW25,UrbanThread,Guangzhou Weave Co,889.63,1779.06,https://raw.githubusercontent.com/alexeygrigorev/clothing-dataset/master/images/cc66ab14-3372-4c9a-9171-9007d7154538.jpg
WFX-3480,Slim Fit Charcoal Polo,Polo,Cotton/Spandex 95/5,226,Charcoal,Solid,SS25,Everlane East,Noida Knits Pvt Ltd,367.54,1022.23,https://raw.githubusercontent.com/alexeygrigorev/clothing-dataset/master/images/876ff7c6-caa9-4444-ad5c-8445c7ddbf86.jpg
WFX-3481,Oversized Charcoal Dress,Dress,Polyester Crepe,160,Charcoal,Solid,SS26,NorthPeak,Karachi Textile Mills,894.67,2244.96,https://raw.githubusercontent.com/alexeygrigorev/clothing-dataset/master/images/e6a8b33f-279c-4072-8dba-229d94205e55.jpg
WFX-3482,Classic Red Dress,Dress,Linen,150,Red,Solid,SS26,Kaia Collective,Phnom Penh Sewing Ltd,403.53,802.26,https://raw.githubusercontent.com/alexeygrigorev/clothing-dataset/master/images/2adf987d-a985-4023-81d4-adf9368ca251.jpg
WFX-3483,Relaxed Grey Melange Shorts,Shorts,French Terry,177,Grey Melange,Solid,AW25,Vastra Studio,Tirupur Garments Co,382.57,833.59,https://raw.githubusercontent.com/alexeygrigorev/clothing-dataset/master/images/6afd5c40-28fd-4673-b87e-dd03e9411979.jpg
WFX-3484,Vintage Black Skirt,Skirt,Polyester Crepe,232,Black,Solid,AW26,Meridian Apparel,Tirupur Garments Co,599.65,1032.8,https://raw.githubusercontent.com/alexeygrigorev/clothing-dataset/master/images/ec5f9167-6824-43cf-9f91-15c99a9318c4.jpg
WFX-3485,Oversized Maroon Shorts,Shorts,Cotton Twill,205,Maroon,Solid,SS26,Everlane East,ABC Textiles,542.25,984.49,https://raw.githubusercontent.com/alexeygrigorev/clothing-dataset/master/images/13e8dc7f-8b80-42b0-b5be-89ee9787a97c.jpg
WFX-3486,Vintage Black Sweatshirt,Sweatshirt,Cotton Fleece,352,Black,Solid,AW26,NorthPeak,Shenzhen Fashion Works,561.6,921.47,https://raw.githubusercontent.com/alexeygrigorev/clothing-dataset/master/images/361ad3bb-6814-4924-8144-dbb0d65214c7.jpg
WFX-3487,Heritage Charcoal Shorts,Shorts,French Terry,255,Charcoal,Solid,SS25,Kaia Collective,Noida Knits Pvt Ltd,362.61,881.2,https://raw.githubusercontent.com/alexeygrigorev/clothing-dataset/master/images/40b704ca-eaa5-4cf9-a98d-0e3e2b0294ac.jpg
WFX-3488,Oversized Charcoal T-Shirt,T-Shirt,Organic Cotton,220,Charcoal,Printed,SS25,Loom & Co,Dhaka Knitwear Ltd,313.3,639.38,https://raw.githubusercontent.com/alexeygrigorev/clothing-dataset/master/images/25a66eb2-ce17-44b0-8dc0-811f40e90a5e.jpg
WFX-3489,Athleisure Olive Polo,Polo,Polyester Pique,222,Olive,Solid,AW26,NorthPeak,Phnom Penh Sewing Ltd,522.54,977.11,https://raw.githubusercontent.com/alexeygrigorev/clothing-dataset/master/images/bd78442b-6aa4-469f-91e3-f787c09cf814.jpg
WFX-3490,Vintage Navy Shirt,Shirt,Chambray,121,Navy,Solid,SS26,Meridian Apparel,Guangzhou Weave Co,453.58,1270.0,https://raw.githubusercontent.com/alexeygrigorev/clothing-dataset/master/images/365db9df-dc5c-4c34-9c6e-0b5f4f094508.jpg
WFX-3491,Slim Fit Grey Melange T-Shirt,T-Shirt,Organic Cotton,148,Grey Melange,Solid,AW26,UrbanThread,Jakarta Garmindo,328.44,865.33,https://raw.githubusercontent.com/alexeygrigorev/clothing-dataset/master/images/714fb06c-e878-47e0-aa84-e6543490980b.jpg
WFX-3492,Tailored Charcoal Shirt,Shirt,Chambray,144,Charcoal,Solid,SS25,Vastra Studio,Dhaka Knitwear Ltd,613.39,1371.6,https://raw.githubusercontent.com/alexeygrigorev/clothing-dataset/master/images/2a774d80-c007-43a7-9c38-85e441274cfc.jpg
WFX-3493,Essential Forest Green Dress,Dress,Rayon Challis,176,Forest Green,Solid,SS25,UrbanThread,Istanbul Denim House,732.37,1176.47,https://raw.githubusercontent.com/alexeygrigorev/clothing-dataset/master/images/bac70656-a50a-4a13-8c3f-63e3a0a28338.jpg
WFX-3494,Oversized Maroon Skirt,Skirt,Viscose,223,Maroon,Printed,SS25,NorthPeak,ABC Textiles,356.42,810.85,https://raw.githubusercontent.com/alexeygrigorev/clothing-dataset/master/images/16d851e5-a32c-4322-b58b-d9b77f345cba.jpg
WFX-3495,Relaxed Charcoal Dress,Dress,Linen,121,Charcoal,Solid,SS26,UrbanThread,ABC Textiles,582.68,1593.21,https://raw.githubusercontent.com/alexeygrigorev/clothing-dataset/master/images/dc4fac77-41bc-46f0-a35e-5982f6226799.jpg
WFX-3496,Athleisure Grey Melange Trousers,Trousers,Poly/Viscose Suiting,300,Grey Melange,Solid,AW26,Cotton Culture,Tirupur Garments Co,532.03,1192.24,https://raw.githubusercontent.com/alexeygrigorev/clothing-dataset/master/images/f30ba8bd-dbb8-4670-8d1b-fd13f0972296.jpg
WFX-3497,Classic Black Skirt,Skirt,Viscose,228,Black,Solid,AW25,Meridian Apparel,Shenzhen Fashion Works,334.65,864.64,https://raw.githubusercontent.com/alexeygrigorev/clothing-dataset/master/images/f3307762-77ad-4bb0-b50a-c3d661dfa8b1.jpg
WFX-3498,Cropped Black Shorts,Shorts,Cotton Twill,177,Black,Solid,AW25,Everlane East,Hanoi Stitch Co,430.64,800.67,https://raw.githubusercontent.com/alexeygrigorev/clothing-dataset/master/images/badd4191-04b8-478f-bb92-83e4cdb67edb.jpg
WFX-3499,Vintage Off White Hoodie,Hoodie,French Terry,312,Off White,Printed,AW26,Loom & Co,Tirupur Garments Co,567.3,1350.02,https://raw.githubusercontent.com/alexeygrigorev/clothing-dataset/master/images/598090c2-f12f-4e60-9b23-d556a38117ad.jpg
WFX-3500,Oversized Grey Melange Shorts,Shorts,French Terry,214,Grey Melange,Solid,SS26,Vastra Studio,Shenzhen Fashion Works,532.06,942.75,https://raw.githubusercontent.com/alexeygrigorev/clothing-dataset/master/images/1417c271-ce40-40b7-bee1-32344bab6f16.jpg
