order_number,buyer,style_number,quantity,unit_price,shipment_date,status
SO-00001,Thames & Co,WFX-3156,1500,925.74,2025-01-07,Shipped
SO-00002,Iberia Moda SL,WFX-3325,1000,754.14,2025-01-01,Confirmed
SO-00003,Lion City Apparel,WFX-2657,500,900.56,2025-09-11,Shipped
SO-00004,Maple Leaf Fashion,WFX-2710,5000,910.01,2026-06-02,Confirmed
SO-00005,Outback Outfitters,WFX-2955,300,393.93,2025-11-04,Delivered
SO-00006,Iberia Moda SL,WFX-2915,800,949.13,2026-07-14,Delivered
SO-00007,Lion City Apparel,WFX-2767,5000,907.86,2026-09-24,Delivered
SO-00008,Outback Outfitters,WFX-2627,800,1828.32,2025-07-09,Shipped
SO-00009,Alpine Casuals SA,WFX-2646,1000,2000.27,2026-12-18,In Production
SO-00010,Bayside Brands,WFX-3060,5000,2670.11,2025-10-24,Shipped
SO-00011,Maple Leaf Fashion,WFX-3184,5000,2280.09,2025-10-09,In Production
SO-00012,Outback Outfitters,WFX-2901,500,2002.38,2026-03-12,Shipped
SO-00013,Nordic Retail AB,WFX-2652,1500,1165.34,2026-08-01,Shipped
SO-00014,Nordic Retail AB,WFX-2899,1500,749.21,2026-10-29,Confirmed
SO-00015,Prairie Wholesale Inc,WFX-3415,5000,1027.61,2025-12-30,Confirmed
SO-00016,Thames & Co,WFX-3486,5000,921.47,2026-04-15,Delivered
SO-00017,Nordic Retail AB,WFX-2784,800,600.61,2026-05-31,In Production
SO-00018,Sakura Style KK,WFX-2716,3000,2137.15,2025-06-28,Shipped
SO-00019,Thames & Co,WFX-3172,2000,3230.0,2026-07-31,Delivered
SO-00020,Iberia Moda SL,WFX-2848,800,1203.4,2026-11-06,In Production
SO-00021,Outback Outfitters,WFX-2811,500,1475.22,2026-10-23,Delivered
SO-00022,Outback Outfitters,WFX-2996,5000,1642.82,2025-07-04,Shipped
SO-00023,Alpine Casuals SA,WFX-3090,1500,1927.5,2025-11-28,Confirmed
SO-00024,Lion City Apparel,WFX-3103,2000,1828.24,2026-02-18,Shipped
SO-00025,Nordic Retail AB,WFX-2570,300,720.06,2025-06-12,Delivered
SO-00026,Maple Leaf Fashion,WFX-2738,500,1097.53,2026-11-27,Shipped
SO-00027,Sakura Style KK,WFX-2988,1000,735.8,2025-08-31,Cancelled
SO-00028,Thames & Co,WFX-2608,3000,1539.83,2026-03-07,Delivered
SO-00029,Maple Leaf Fashion,WFX-3445,300,1013.27,2025-04-28,Shipped
SO-00030,Alpine Casuals SA,WFX-2539,500,1155.93,2026-01-19,Shipped
SO-00031,Prairie Wholesale Inc,WFX-3122,300,1772.3,2025-11-25,Delivered
SO-00032,Alpine Casuals SA,WFX-2611,5000,848.87,2026-10-15,In Production
SO-00033,Gulf Fashion Trading,WFX-3088,1000,1647.84,2026-05-18,In Production
SO-00034,Prairie Wholesale Inc,WFX-2949,1500,316.12,2025-06-15,In Production
SO-00035,Gulf Fashion Trading,WFX-2945,1000,1011.55,2025-01-25,Confirmed
SO-00036,Prairie Wholesale Inc,WFX-3145,500,1740.2,2025-05-24,In Production
SO-00037,Nordic Retail AB,WFX-3415,2000,1027.61,2026-08-05,Delivered
SO-00038,Maple Leaf Fashion,WFX-3060,2000,2670.11,2026-10-20,In Production
SO-00039,Iberia Moda SL,WFX-3041,1000,3039.43,2026-08-08,Delivered
SO-00040,Iberia Moda SL,WFX-3348,2000,1991.76,2026-07-27,In Production
SO-00041,Thames & Co,WFX-3374,500,2362.7,2026-10-03,Shipped
SO-00042,Maple Leaf Fashion,WFX-2886,500,806.98,2026-06-14,Confirmed
SO-00043,Maple Leaf Fashion,WFX-2806,500,2061.83,2025-02-22,Shipped
SO-00044,Gulf Fashion Trading,WFX-3116,2000,1727.47,2025-10-24,Confirmed
SO-00045,Rhine Mode GmbH,WFX-3445,3000,1013.27,2025-03-11,Delivered
SO-00046,Thames & Co,WFX-3394,1500,1157.08,2026-08-13,Confirmed
SO-00047,Gulf Fashion Trading,WFX-2748,1500,2919.54,2025-02-28,In Production
SO-00048,Alpine Casuals SA,WFX-3060,500,2670.11,2025-09-27,Shipped
SO-00049,Nordic Retail AB,WFX-3169,300,836.79,2025-09-25,In Production
SO-00050,Sakura Style KK,WFX-2706,300,1597.6,2026-07-15,Confirmed
SO-00051,Alpine Casuals SA,WFX-3337,2000,2169.99,2026-11-11,Delivered
SO-00052,Nordic Retail AB,WFX-3435,1000,1216.38,2026-08-01,Shipped
SO-00053,Lion City Apparel,WFX-3427,300,1544.41,2025-03-14,In Production
SO-00054,Outback Outfitters,WFX-3473,500,959.97,2026-05-06,Delivered
SO-00055,Thames & Co,WFX-3470,1500,1259.89,2025-04-17,Delivered
SO-00056,Iberia Moda SL,WFX-2537,1000,1505.03,2026-03-18,Delivered
SO-00057,Rhine Mode GmbH,WFX-2990,1000,1047.37,2025-02-26,Confirmed
SO-00058,Bayside Brands,WFX-2527,3000,1385.2,2025-01-19,Delivered
SO-00059,Iberia Moda SL,WFX-3066,300,700.1,2026-01-22,In Production
SO-00060,Thames & Co,WFX-3213,3000,1570.2,2026-07-17,Delivered
SO-00061,Maple Leaf Fashion,WFX-2642,5000,1601.94,2026-09-23,Confirmed
SO-00062,Sakura Style KK,WFX-3426,2000,586.14,2026-03-24,In Production
SO-00063,Nordic Retail AB,WFX-3441,1000,1693.85,2026-08-26,In Production
SO-00064,Bayside Brands,WFX-2511,3000,620.0,2026-07-04,Delivered
SO-00065,Nordic Retail AB,WFX-3082,300,1338.25,2025-09-13,Delivered
SO-00066,Nordic Retail AB,WFX-3333,500,2831.03,2026-03-26,Confirmed
SO-00067,Rhine Mode GmbH,WFX-2685,300,784.91,2026-09-09,In Production
SO-00068,Bayside Brands,WFX-3171,1500,1367.38,2026-02-12,Confirmed
SO-00069,Prairie Wholesale Inc,WFX-2991,500,963.77,2025-03-20,Delivered
SO-00070,Gulf Fashion Trading,WFX-2757,1000,604.87,2026-01-01,Shipped
SO-00071,Bayside Brands,WFX-3420,5000,789.01,2026-01-11,Delivered
SO-00072,Gulf Fashion Trading,WFX-3299,1500,1419.14,2025-09-08,Delivered
SO-00073,Rhine Mode GmbH,WFX-3040,2000,1492.76,2026-05-31,Delivered
SO-00074,Nordic Retail AB,WFX-2607,2000,608.57,2026-12-24,Delivered
SO-00075,Lion City Apparel,WFX-3474,5000,4029.49,2025-07-28,In Production
SO-00076,Thames & Co,WFX-3434,1000,1961.46,2026-07-21,In Production
SO-00077,Maple Leaf Fashion,WFX-2716,2000,2137.15,2025-05-26,Delivered
SO-00078,Bayside Brands,WFX-2537,5000,1505.03,2026-04-10,Shipped
SO-00079,Maple Leaf Fashion,WFX-3476,300,399.46,2025-02-04,Shipped
SO-00080,Rhine Mode GmbH,WFX-2777,3000,1514.93,2025-03-28,In Production
SO-00081,Rhine Mode GmbH,WFX-2562,3000,639.24,2026-01-27,Shipped
SO-00082,Iberia Moda SL,WFX-2894,300,894.51,2026-01-24,In Production
SO-00083,Prairie Wholesale Inc,WFX-2689,3000,957.29,2026-11-08,Shipped
SO-00084,Nordic Retail AB,WFX-2813,2000,1460.95,2026-09-16,Delivered
SO-00085,Sakura Style KK,WFX-3273,1500,1698.93,2026-08-29,Delivered
SO-00086,Nordic Retail AB,WFX-2722,2000,951.79,2026-09-29,Delivered
SO-00087,Outback Outfitters,WFX-2945,300,1011.55,2026-07-21,Delivered
SO-00088,Alpine Casuals SA,WFX-2898,1500,1300.52,2026-07-02,Delivered
SO-00089,Outback Outfitters,WFX-2975,1500,1475.23,2026-01-26,In Production
SO-00090,Alpine Casuals SA,WFX-2979,1000,2221.22,2025-01-16,Confirmed
SO-00091,Prairie Wholesale Inc,WFX-2788,1500,697.72,2025-09-13,Confirmed
SO-00092,Gulf Fashion Trading,WFX-3290,1500,535.81,2026-02-09,In Production
SO-00093,Lion City Apparel,WFX-2540,1500,1257.89,2026-11-07,In Production
SO-00094,Prairie Wholesale Inc,WFX-2757,300,604.87,2026-08-06,Confirmed
SO-00095,Sakura Style KK,WFX-3177,1500,1680.95,2026-03-31,Delivered
SO-00096,Nordic Retail AB,WFX-2974,5000,1093.58,2025-02-07,Confirmed
SO-00097,Sakura Style KK,WFX-3490,5000,1270.0,2026-07-24,Shipped
SO-00098,Outback Outfitters,WFX-2724,300,483.66,2025-03-23,Shipped
SO-00099,Lion City Apparel,WFX-2784,2000,600.61,2026-03-28,Cancelled
SO-00100,Rhine Mode GmbH,WFX-2685,1500,784.91,2026-05-22,In Production
SO-00101,Bayside Brands,WFX-2631,800,2288.91,2026-09-25,Confirmed
SO-00102,Nordic Retail AB,WFX-3172,1000,3230.0,2025-02-09,Confirmed
SO-00103,Prairie Wholesale Inc,WFX-2689,5000,957.29,2025-02-12,Shipped
SO-00104,Alpine Casuals SA,WFX-3067,1000,964.09,2025-09-23,Confirmed
SO-00105,Rhine Mode GmbH,WFX-3499,300,1350.02,2025-12-28,Delivered
SO-00106,Alpine Casuals SA,WFX-3054,300,881.81,2025-12-25,Shipped
SO-00107,Maple Leaf Fashion,WFX-2612,5000,605.82,2025-03-21,Confirmed
SO-00108,Bayside Brands,WFX-2743,2000,906.96,2026-11-29,Shipped
SO-00109,Maple Leaf Fashion,WFX-2926,3000,517.43,2025-05-27,Delivered
SO-00110,Sakura Style KK,WFX-2526,2000,1549.62,2026-02-22,In Production
SO-00111,Prairie Wholesale Inc,WFX-3419,2000,409.54,2025-10-29,Shipped
SO-00112,Nordic Retail AB,WFX-3137,800,630.65,2025-10-25,In Production
SO-00113,Thames & Co,WFX-3453,300,1006.97,2025-08-05,Confirmed
SO-00114,Sakura Style KK,WFX-3328,2000,2020.73,2026-01-23,Delivered
SO-00115,Lion City Apparel,WFX-3351,300,677.03,2025-06-03,Delivered
SO-00116,Prairie Wholesale Inc,WFX-2891,500,630.51,2025-08-18,Cancelled
SO-00117,Gulf Fashion Trading,WFX-3079,3000,3795.91,2025-05-05,Shipped
SO-00118,Gulf Fashion Trading,WFX-3368,300,793.19,2026-11-07,Shipped
SO-00119,Gulf Fashion Trading,WFX-3038,5000,840.1,2025-07-19,In Production
SO-00120,Lion City Apparel,WFX-3357,1500,721.74,2025-12-03,Delivered
SO-00121,Sakura Style KK,WFX-2749,1000,3164.04,2025-04-29,Shipped
SO-00122,Bayside Brands,WFX-3210,5000,885.68,2026-02-24,Delivered
SO-00123,Maple Leaf Fashion,WFX-2871,2000,734.81,2025-03-20,Shipped
SO-00124,Sakura Style KK,WFX-3437,5000,1400.62,2026-04-05,Shipped
SO-00125,Outback Outfitters,WFX-3306,1000,2251.3,2025-05-09,Shipped
SO-00126,Gulf Fashion Trading,WFX-3448,1000,2384.33,2026-02-22,Delivered
SO-00127,Lion City Apparel,WFX-3191,800,995.48,2025-10-21,Shipped
SO-00128,Sakura Style KK,WFX-2850,500,943.9,2026-03-08,Confirmed
SO-00129,Thames & Co,WFX-3018,5000,2863.06,2025-07-22,Shipped
SO-00130,Thames & Co,WFX-3422,5000,1926.32,2025-05-04,Confirmed
SO-00131,Rhine Mode GmbH,WFX-2929,5000,2343.98,2025-05-10,Delivered
SO-00132,Nordic Retail AB,WFX-3391,3000,1676.3,2025-06-20,Confirmed
SO-00133,Thames & Co,WFX-2575,3000,1150.13,2025-12-29,Delivered
SO-00134,Outback Outfitters,WFX-2631,1000,2288.91,2025-05-02,Delivered
SO-00135,Sakura Style KK,WFX-2845,500,666.33,2025-02-16,Cancelled
SO-00136,Alpine Casuals SA,WFX-2576,2000,1390.65,2026-02-23,Delivered
SO-00137,Iberia Moda SL,WFX-3146,3000,548.62,2026-05-04,In Production
SO-00138,Thames & Co,WFX-3217,800,937.42,2026-08-27,Delivered
SO-00139,Gulf Fashion Trading,WFX-3439,500,879.68,2025-01-08,In Production
SO-00140,Lion City Apparel,WFX-3108,2000,801.0,2026-04-10,Delivered
SO-00141,Sakura Style KK,WFX-2889,5000,2417.54,2026-08-26,In Production
SO-00142,Maple Leaf Fashion,WFX-2787,1000,2050.11,2025-12-16,In Production
SO-00143,Lion City Apparel,WFX-2550,3000,655.43,2026-01-29,In Production
SO-00144,Thames & Co,WFX-2827,800,868.58,2025-08-04,Confirmed
SO-00145,Gulf Fashion Trading,WFX-2941,1500,762.13,2026-09-23,Shipped
SO-00146,Maple Leaf Fashion,WFX-2822,2000,1489.24,2025-05-02,In Production
SO-00147,Rhine Mode GmbH,WFX-2795,5000,975.08,2025-06-23,Shipped
SO-00148,Rhine Mode GmbH,WFX-2796,500,1105.57,2026-11-14,Delivered
SO-00149,Thames & Co,WFX-2786,500,2047.09,2026-06-05,In Production
SO-00150,Thames & Co,WFX-3273,300,1698.93,2025-02-10,Shipped
SO-00151,Gulf Fashion Trading,WFX-3483,1000,833.59,2025-01-27,Confirmed
SO-00152,Bayside Brands,WFX-2879,1500,891.62,2026-08-08,Delivered
SO-00153,Alpine Casuals SA,WFX-2937,5000,2667.02,2026-04-10,Shipped
SO-00154,Maple Leaf Fashion,WFX-2803,500,1188.88,2026-03-19,Shipped
SO-00155,Rhine Mode GmbH,WFX-3006,500,849.2,2025-10-13,Delivered
SO-00156,Prairie Wholesale Inc,WFX-3250,500,1006.36,2025-03-22,Cancelled
SO-00157,Bayside Brands,WFX-3263,500,681.91,2026-06-04,In Production
SO-00158,Rhine Mode GmbH,WFX-2844,5000,2766.75,2026-06-10,Shipped
SO-00159,Maple Leaf Fashion,WFX-3189,2000,1462.0,2025-02-09,Delivered
SO-00160,Maple Leaf Fashion,WFX-2944,2000,1679.94,2026-07-26,In Production
SO-00161,Prairie Wholesale Inc,WFX-3177,300,1680.95,2026-10-05,Delivered
SO-00162,Bayside Brands,WFX-2509,800,911.5,2025-08-14,Shipped
SO-00163,Bayside Brands,WFX-3190,1500,1216.54,2026-05-12,Shipped
SO-00164,Thames & Co,WFX-3334,5000,488.76,2025-07-23,In Production
SO-00165,Maple Leaf Fashion,WFX-3151,1000,1280.37,2025-03-10,Confirmed
SO-00166,Gulf Fashion Trading,WFX-3003,1000,1578.32,2025-02-09,Delivered
SO-00167,Alpine Casuals SA,WFX-2929,1500,2343.98,2026-10-09,Shipped
SO-00168,Bayside Brands,WFX-3098,2000,1168.21,2026-11-04,Shipped
SO-00169,Thames & Co,WFX-3478,1500,1738.01,2025-10-27,Delivered
SO-00170,Iberia Moda SL,WFX-3185,5000,631.52,2026-02-06,Delivered
SO-00171,Sakura Style KK,WFX-3113,5000,582.79,2025-08-13,In Production
SO-00172,Rhine Mode GmbH,WFX-2616,3000,2670.45,2025-11-30,Cancelled
SO-00173,Prairie Wholesale Inc,WFX-2754,3000,1333.11,2026-04-21,Confirmed
SO-00174,Sakura Style KK,WFX-3480,500,1022.23,2026-02-12,In Production
SO-00175,Thames & Co,WFX-3222,5000,630.71,2026-05-16,Delivered
SO-00176,Outback Outfitters,WFX-3116,1000,1727.47,2025-10-02,Confirmed
SO-00177,Bayside Brands,WFX-3020,3000,1066.52,2025-11-27,Confirmed
SO-00178,Prairie Wholesale Inc,WFX-2768,2000,1375.6,2026-03-29,Shipped
SO-00179,Outback Outfitters,WFX-2936,1500,1985.08,2025-10-02,Delivered
SO-00180,Alpine Casuals SA,WFX-2998,1000,1479.54,2025-02-16,In Production
SO-00181,Iberia Moda SL,WFX-2816,3000,1451.03,2025-06-20,In Production
SO-00182,Bayside Brands,WFX-3049,500,1544.78,2026-09-21,Delivered
SO-00183,Sakura Style KK,WFX-3126,800,1797.81,2025-01-21,Shipped
SO-00184,Alpine Casuals SA,WFX-3474,300,4029.49,2025-04-03,Delivered
SO-00185,Alpine Casuals SA,WFX-3300,2000,402.3,2026-07-21,Delivered
SO-00186,Prairie Wholesale Inc,WFX-2565,300,4056.51,2026-01-06,Shipped
SO-00187,Bayside Brands,WFX-3049,800,1544.78,2026-02-10,Delivered
SO-00188,Alpine Casuals SA,WFX-3381,1000,408.8,2025-06-15,In Production
SO-00189,Sakura Style KK,WFX-3433,2000,896.37,2026-07-21,Shipped
SO-00190,Bayside Brands,WFX-3251,300,951.91,2025-01-21,Confirmed
SO-00191,Gulf Fashion Trading,WFX-3274,500,2007.67,2026-05-12,Shipped
SO-00192,Thames & Co,WFX-2544,1500,785.39,2025-08-24,In Production
SO-00193,Alpine Casuals SA,WFX-3147,1000,738.4,2025-05-07,Confirmed
SO-00194,Outback Outfitters,WFX-3333,3000,2831.03,2025-10-04,Confirmed
SO-00195,Maple Leaf Fashion,WFX-3383,500,573.31,2026-12-22,Confirmed
SO-00196,Alpine Casuals SA,WFX-3281,3000,899.31,2026-07-09,Confirmed
SO-00197,Thames & Co,WFX-3120,500,3608.71,2026-02-05,Delivered
SO-00198,Lion City Apparel,WFX-2699,1500,1308.84,2026-03-12,Delivered
SO-00199,Alpine Casuals SA,WFX-3025,300,1708.87,2026-04-15,In Production
SO-00200,Maple Leaf Fashion,WFX-2708,1500,468.64,2026-08-14,Cancelled
SO-00201,Outback Outfitters,WFX-2983,1500,978.96,2025-08-16,Shipped
SO-00202,Outback Outfitters,WFX-3491,1500,865.33,2026-12-21,Shipped
SO-00203,Gulf Fashion Trading,WFX-3047,1000,1941.63,2026-05-24,In Production
SO-00204,Outback Outfitters,WFX-3246,2000,764.03,2025-04-21,Delivered
SO-00205,Bayside Brands,WFX-2964,300,1546.49,2025-08-26,In Production
SO-00206,Sakura Style KK,WFX-2958,5000,1050.04,2026-10-21,Shipped
SO-00207,Sakura Style KK,WFX-2819,800,933.12,2025-03-27,Delivered
SO-00208,Gulf Fashion Trading,WFX-2598,800,1434.87,2026-05-17,In Production
SO-00209,Bayside Brands,WFX-3108,500,801.0,2026-09-24,Confirmed
SO-00210,Iberia Moda SL,WFX-3359,1000,2932.14,2026-05-21,Confirmed
SO-00211,Outback Outfitters,WFX-2759,1500,1154.21,2025-06-04,Delivered
SO-00212,Sakura Style KK,WFX-2538,3000,808.78,2025-10-02,Delivered
SO-00213,Bayside Brands,WFX-3207,5000,1044.4,2025-11-17,Shipped
SO-00214,Prairie Wholesale Inc,WFX-3483,1000,833.59,2026-12-27,In Production
SO-00215,Gulf Fashion Trading,WFX-2995,500,708.48,2026-03-12,Delivered
SO-00216,Maple Leaf Fashion,WFX-3217,3000,937.42,2025-01-14,Confirmed
SO-00217,Gulf Fashion Trading,WFX-2666,500,2808.2,2026-03-25,In Production
SO-00218,Maple Leaf Fashion,WFX-3391,300,1676.3,2026-05-23,Delivered
SO-00219,Prairie Wholesale Inc,WFX-2675,5000,755.6,2026-07-15,Confirmed
SO-00220,Outback Outfitters,WFX-2929,300,2343.98,2026-03-22,In Production
SO-00221,Alpine Casuals SA,WFX-2802,1500,2029.58,2026-09-22,Shipped
SO-00222,Sakura Style KK,WFX-3411,800,1157.61,2026-06-20,Confirmed
SO-00223,Bayside Brands,WFX-3202,2000,2745.2,2025-09-15,Shipped
SO-00224,Iberia Moda SL,WFX-2984,1000,810.85,2025-05-19,Delivered
SO-00225,Gulf Fashion Trading,WFX-2669,5000,894.8,2026-03-03,Confirmed
SO-00226,Thames & Co,WFX-2684,5000,818.18,2025-01-06,Confirmed
SO-00227,Alpine Casuals SA,WFX-2820,1000,1301.28,2025-04-07,In Production
SO-00228,Iberia Moda SL,WFX-3051,2000,1532.42,2026-10-02,Confirmed
SO-00229,Lion City Apparel,WFX-2980,800,1551.58,2026-10-14,Confirmed
SO-00230,Bayside Brands,WFX-3073,2000,459.54,2025-07-17,Shipped
SO-00231,Rhine Mode GmbH,WFX-2782,3000,946.47,2025-11-10,Shipped
SO-00232,Lion City Apparel,WFX-2877,3000,1654.09,2026-07-29,Delivered
SO-00233,Prairie Wholesale Inc,WFX-3055,1000,1090.87,2025-06-06,Confirmed
SO-00234,Alpine Casuals SA,WFX-2606,1000,1236.37,2025-09-27,In Production
SO-00235,Maple Leaf Fashion,WFX-3078,800,877.15,2026-08-25,Delivered
SO-00236,Outback Outfitters,WFX-3161,2000,698.28,2026-08-30,Shipped
SO-00237,Rhine Mode GmbH,WFX-3120,5000,3608.71,2025-01-03,In Production
SO-00238,Bayside Brands,WFX-3303,1000,3115.04,2026-09-22,Confirmed
SO-00239,Thames & Co,WFX-2651,800,1097.52,2025-01-01,Shipped
SO-00240,Maple Leaf Fashion,WFX-2832,300,1107.13,2026-03-27,Confirmed
SO-00241,Prairie Wholesale Inc,WFX-2936,5000,1985.08,2026-05-28,In Production
SO-00242,Maple Leaf Fashion,WFX-3279,1000,3488.86,2026-01-22,Shipped
SO-00243,Outback Outfitters,WFX-3293,5000,849.75,2026-06-19,In Production
SO-00244,Gulf Fashion Trading,WFX-2825,500,1179.49,2025-08-08,Delivered
SO-00245,Thames & Co,WFX-3479,1500,1779.06,2026-03-24,Delivered
SO-00246,Iberia Moda SL,WFX-3074,5000,1456.93,2025-09-14,Delivered
SO-00247,Maple Leaf Fashion,WFX-3202,3000,2745.2,2025-07-02,Delivered
SO-00248,Sakura Style KK,WFX-2526,5000,1549.62,2025-12-21,Delivered
SO-00249,Outback Outfitters,WFX-3246,1000,764.03,2025-07-15,Shipped
SO-00250,Sakura Style KK,WFX-2892,800,2323.76,2025-01-11,Delivered
SO-00251,Iberia Moda SL,WFX-2701,2000,823.32,2025-01-06,Shipped
SO-00252,Rhine Mode GmbH,WFX-3101,2000,1947.68,2026-01-13,Confirmed
SO-00253,Rhine Mode GmbH,WFX-3438,300,991.99,2025-02-04,Shipped
SO-00254,Rhine Mode GmbH,WFX-3163,5000,900.41,2026-12-14,In Production
SO-00255,Rhine Mode GmbH,WFX-3222,1500,630.71,2026-08-09,Shipped
SO-00256,Nordic Retail AB,WFX-3344,5000,731.82,2026-10-10,Cancelled
SO-00257,Iberia Moda SL,WFX-2966,800,1966.56,2026-10-26,Shipped
SO-00258,Gulf Fashion Trading,WFX-3269,500,2134.23,2025-01-30,Confirmed
SO-00259,Alpine Casuals SA,WFX-3128,800,793.11,2025-07-01,Delivered
SO-00260,Thames & Co,WFX-3392,500,1225.41,2025-05-03,Shipped
SO-00261,Iberia Moda SL,WFX-2558,300,1449.38,2026-07-12,In Production
SO-00262,Bayside Brands,WFX-2785,300,1026.95,2026-11-20,In Production
SO-00263,Sakura Style KK,WFX-3369,800,1061.94,2026-08-24,Delivered
SO-00264,Sakura Style KK,WFX-3240,300,1937.95,2026-02-17,Delivered
SO-00265,Prairie Wholesale Inc,WFX-2927,300,564.73,2026-05-29,Confirmed
SO-00266,Alpine Casuals SA,WFX-2652,1500,1165.34,2026-03-31,Confirmed
SO-00267,Rhine Mode GmbH,WFX-2546,1000,1564.9,2026-02-24,Delivered
SO-00268,Prairie Wholesale Inc,WFX-2678,300,1159.12,2026-07-29,In Production
SO-00269,Maple Leaf Fashion,WFX-2860,2000,623.47,2026-12-15,Shipped
SO-00270,Lion City Apparel,WFX-2589,5000,620.32,2025-04-03,Confirmed
SO-00271,Alpine Casuals SA,WFX-2687,500,710.86,2026-08-29,In Production
SO-00272,Nordic Retail AB,WFX-3142,800,1596.08,2025-08-11,Delivered
SO-00273,Sakura Style KK,WFX-3154,5000,825.43,2025-09-10,Confirmed
SO-00274,Prairie Wholesale Inc,WFX-2816,1000,1451.03,2025-05-16,Delivered
SO-00275,Nordic Retail AB,WFX-2818,3000,2109.85,2025-07-02,Delivered
SO-00276,Thames & Co,WFX-2786,2000,2047.09,2025-07-12,Shipped
SO-00277,Bayside Brands,WFX-2780,800,1789.43,2025-09-23,Cancelled
SO-00278,Iberia Moda SL,WFX-3215,1500,2216.63,2025-12-30,Confirmed
SO-00279,Sakura Style KK,WFX-3093,2000,1349.15,2026-06-20,Delivered
SO-00280,Prairie Wholesale Inc,WFX-2961,800,2062.52,2026-08-23,Confirmed
SO-00281,Thames & Co,WFX-2895,1000,2079.73,2026-03-21,Cancelled
SO-00282,Prairie Wholesale Inc,WFX-2856,1500,1027.65,2026-12-18,In Production
SO-00283,Gulf Fashion Trading,WFX-3492,1500,1371.6,2025-08-04,Confirmed
SO-00284,Bayside Brands,WFX-2765,5000,1253.98,2025-04-29,In Production
SO-00285,Prairie Wholesale Inc,WFX-3030,800,494.27,2026-04-24,Shipped
SO-00286,Sakura Style KK,WFX-3101,2000,1947.68,2026-11-06,Shipped
SO-00287,Nordic Retail AB,WFX-3103,2000,1828.24,2026-10-07,Delivered
SO-00288,Nordic Retail AB,WFX-2868,800,794.88,2025-12-09,Shipped
SO-00289,Prairie Wholesale Inc,WFX-2845,500,666.33,2026-01-02,In Production
SO-00290,Thames & Co,WFX-2814,5000,371.29,2025-01-23,Shipped
SO-00291,Lion City Apparel,WFX-2950,5000,1345.46,2026-12-13,Shipped
SO-00292,Alpine Casuals SA,WFX-2946,3000,1668.82,2025-09-07,Shipped
SO-00293,Alpine Casuals SA,WFX-2759,2000,1154.21,2026-05-10,Shipped
SO-00294,Outback Outfitters,WFX-3195,1500,894.19,2025-08-28,Confirmed
SO-00295,Gulf Fashion Trading,WFX-3282,500,1039.53,2025-10-03,Shipped
SO-00296,Lion City Apparel,WFX-3477,3000,570.83,2025-06-17,Shipped
SO-00297,Thames & Co,WFX-3025,1500,1708.87,2026-12-16,Delivered
SO-00298,Gulf Fashion Trading,WFX-3466,1000,2592.11,2026-08-05,Cancelled
SO-00299,Thames & Co,WFX-3270,800,1544.65,2025-02-25,Delivered
SO-00300,Maple Leaf Fashion,WFX-3494,1500,810.85,2025-05-25,Delivered
SO-00301,Sakura Style KK,WFX-3321,5000,1159.06,2026-04-17,In Production
SO-00302,Prairie Wholesale Inc,WFX-2501,800,900.19,2025-06-26,In Production
SO-00303,Rhine Mode GmbH,WFX-2809,500,1691.39,2025-07-28,In Production
SO-00304,Maple Leaf Fashion,WFX-2948,1000,703.09,2026-07-23,In Production
SO-00305,Sakura Style KK,WFX-3366,300,1798.78,2025-12-19,Shipped
SO-00306,Iberia Moda SL,WFX-2603,3000,1470.55,2026-04-29,Delivered
SO-00307,Outback Outfitters,WFX-3185,5000,631.52,2025-04-09,Delivered
SO-00308,Thames & Co,WFX-2897,2000,374.44,2025-05-17,Delivered
SO-00309,Sakura Style KK,WFX-2910,1500,661.12,2026-03-11,Delivered
SO-00310,Outback Outfitters,WFX-3112,500,483.7,2026-11-17,In Production
SO-00311,Lion City Apparel,WFX-3259,300,901.32,2026-09-16,In Production
SO-00312,Bayside Brands,WFX-2683,2000,911.4,2026-05-29,In Production
SO-00313,Nordic Retail AB,WFX-3343,3000,981.43,2026-10-24,Delivered
SO-00314,Thames & Co,WFX-2736,5000,799.12,2025-08-05,In Production
SO-00315,Outback Outfitters,WFX-2810,500,1128.59,2026-11-01,In Production
SO-00316,Outback Outfitters,WFX-2685,800,784.91,2026-02-01,In Production
SO-00317,Iberia Moda SL,WFX-3192,300,840.82,2026-03-08,In Production
SO-00318,Thames & Co,WFX-2684,3000,818.18,2025-04-19,Delivered
SO-00319,Maple Leaf Fashion,WFX-2977,2000,2141.18,2025-04-14,Delivered
SO-00320,Outback Outfitters,WFX-3172,300,3230.0,2025-05-12,In Production
SO-00321,Gulf Fashion Trading,WFX-3089,3000,1101.35,2025-01-12,Delivered
SO-00322,Prairie Wholesale Inc,WFX-2998,3000,1479.54,2025-02-25,Shipped
SO-00323,Outback Outfitters,WFX-2811,1500,1475.22,2025-04-29,Delivered
SO-00324,Iberia Moda SL,WFX-3119,2000,1136.61,2026-12-31,Delivered
SO-00325,Gulf Fashion Trading,WFX-2844,2000,2766.75,2025-07-03,Confirmed
SO-00326,Gulf Fashion Trading,WFX-2935,3000,958.89,2025-03-23,Delivered
SO-00327,Nordic Retail AB,WFX-2654,2000,997.1,2026-12-26,Delivered
SO-00328,Rhine Mode GmbH,WFX-3105,1000,975.5,2026-09-22,Shipped
SO-00329,Iberia Moda SL,WFX-3246,3000,764.03,2025-10-16,Confirmed
SO-00330,Maple Leaf Fashion,WFX-2541,5000,799.97,2025-02-21,Shipped
SO-00331,Lion City Apparel,WFX-3411,2000,1157.61,2025-12-12,In Production
SO-00332,Rhine Mode GmbH,WFX-3192,300,840.82,2025-07-03,Shipped
SO-00333,Sakura Style KK,WFX-2801,3000,988.24,2025-11-29,Confirmed
SO-00334,Prairie Wholesale Inc,WFX-2805,300,2939.61,2026-01-01,Shipped
SO-00335,Nordic Retail AB,WFX-3250,3000,1006.36,2025-03-28,In Production
SO-00336,Maple Leaf Fashion,WFX-3048,800,2238.82,2026-10-11,Delivered
SO-00337,Outback Outfitters,WFX-3006,1500,849.2,2026-04-15,In Production
SO-00338,Lion City Apparel,WFX-3206,1000,1899.0,2026-06-21,Delivered
SO-00339,Iberia Moda SL,WFX-3083,300,2102.15,2026-01-17,Confirmed
SO-00340,Thames & Co,WFX-2540,500,1257.89,2025-03-22,In Production
SO-00341,Prairie Wholesale Inc,WFX-2846,1500,1294.63,2025-01-23,Shipped
SO-00342,Alpine Casuals SA,WFX-2689,1500,957.29,2025-03-23,Delivered
SO-00343,Outback Outfitters,WFX-3357,500,721.74,2026-08-08,Delivered
SO-00344,Rhine Mode GmbH,WFX-2768,1000,1375.6,2025-02-20,Delivered
SO-00345,Lion City Apparel,WFX-2884,5000,954.08,2026-03-24,In Production
SO-00346,Alpine Casuals SA,WFX-2782,800,946.47,2026-11-19,In Production
SO-00347,Lion City Apparel,WFX-2547,3000,713.66,2026-11-26,Delivered
SO-00348,Rhine Mode GmbH,WFX-2792,300,1192.55,2025-01-20,Shipped
SO-00349,Outback Outfitters,WFX-3301,800,819.71,2026-04-19,In Production
SO-00350,Prairie Wholesale Inc,WFX-3114,2000,1098.2,2025-08-19,Confirmed
SO-00351,Alpine Casuals SA,WFX-2519,2000,1158.92,2026-09-19,In Production
SO-00352,Alpine Casuals SA,WFX-2795,5000,975.08,2026-10-13,Shipped
SO-00353,Sakura Style KK,WFX-3110,3000,1707.16,2026-07-26,Shipped
SO-00354,Sakura Style KK,WFX-2513,2000,3311.37,2026-04-01,In Production
SO-00355,Iberia Moda SL,WFX-2656,5000,1055.5,2026-12-16,In Production
SO-00356,Prairie Wholesale Inc,WFX-2675,3000,755.6,2025-02-03,In Production
SO-00357,Lion City Apparel,WFX-3177,500,1680.95,2026-07-29,Shipped
SO-00358,Maple Leaf Fashion,WFX-2854,1000,618.91,2026-06-27,Delivered
SO-00359,Rhine Mode GmbH,WFX-2879,1500,891.62,2026-04-08,Delivered
SO-00360,Iberia Moda SL,WFX-3191,300,995.48,2026-08-22,In Production
SO-00361,Lion City Apparel,WFX-2671,2000,1300.28,2026-03-02,Shipped
SO-00362,Nordic Retail AB,WFX-3284,1500,908.09,2026-05-18,Shipped
SO-00363,Outback Outfitters,WFX-2741,800,2709.43,2025-05-07,In Production
SO-00364,Outback Outfitters,WFX-2600,1000,585.8,2025-04-24,In Production
SO-00365,Rhine Mode GmbH,WFX-3085,800,894.91,2026-02-15,Delivered
SO-00366,Outback Outfitters,WFX-3064,2000,1405.88,2026-03-05,Delivered
SO-00367,Lion City Apparel,WFX-3423,1500,1702.13,2026-01-07,In Production
SO-00368,Maple Leaf Fashion,WFX-3146,2000,548.62,2026-06-30,Shipped
SO-00369,Bayside Brands,WFX-2902,3000,1396.02,2026-04-21,Shipped
SO-00370,Iberia Moda SL,WFX-2794,800,1149.85,2025-07-01,Delivered
SO-00371,Rhine Mode GmbH,WFX-2910,300,661.12,2025-12-09,Shipped
SO-00372,Iberia Moda SL,WFX-3282,800,1039.53,2025-04-11,Delivered
SO-00373,Lion City Apparel,WFX-2893,3000,1756.18,2026-02-25,Cancelled
SO-00374,Prairie Wholesale Inc,WFX-2694,300,916.57,2025-05-22,Shipped
SO-00375,Lion City Apparel,WFX-3125,500,884.89,2026-02-23,Shipped
SO-00376,Nordic Retail AB,WFX-3469,2000,1067.44,2025-06-20,Shipped
SO-00377,Prairie Wholesale Inc,WFX-3083,5000,2102.15,2026-01-15,Delivered
SO-00378,Alpine Casuals SA,WFX-2524,3000,1195.75,2025-07-17,Shipped
SO-00379,Thames & Co,WFX-3371,5000,671.82,2025-09-03,In Production
SO-00380,Iberia Moda SL,WFX-2680,1000,595.99,2025-10-28,In Production
SO-00381,Nordic Retail AB,WFX-2567,1000,3173.24,2026-04-16,Shipped
SO-00382,Prairie Wholesale Inc,WFX-2751,5000,1079.7,2025-07-01,Cancelled
SO-00383,Iberia Moda SL,WFX-3497,500,864.64,2025-12-06,Delivered
SO-00384,Thames & Co,WFX-3394,1000,1157.08,2025-03-13,Shipped
SO-00385,Alpine Casuals SA,WFX-2508,300,1898.33,2026-02-21,Delivered
SO-00386,Gulf Fashion Trading,WFX-3388,5000,651.27,2025-03-14,Delivered
SO-00387,Outback Outfitters,WFX-3302,1500,927.76,2026-07-05,Delivered
SO-00388,Alpine Casuals SA,WFX-2624,300,837.02,2025-03-03,Shipped
SO-00389,Outback Outfitters,WFX-2800,300,827.99,2026-06-08,In Production
SO-00390,Prairie Wholesale Inc,WFX-3145,5000,1740.2,2025-05-08,Shipped
SO-00391,Thames & Co,WFX-2607,1500,608.57,2026-08-17,Delivered
SO-00392,Maple Leaf Fashion,WFX-3272,800,471.19,2026-11-04,In Production
SO-00393,Thames & Co,WFX-2848,1000,1203.4,2025-08-04,Delivered
SO-00394,Maple Leaf Fashion,WFX-2771,2000,1480.98,2025-03-17,Shipped
SO-00395,Alpine Casuals SA,WFX-2970,5000,1674.05,2025-09-24,Delivered
SO-00396,Rhine Mode GmbH,WFX-2851,5000,1625.66,2026-04-07,In Production
SO-00397,Rhine Mode GmbH,WFX-3217,1500,937.42,2025-05-24,Shipped
SO-00398,Gulf Fashion Trading,WFX-2652,1500,1165.34,2026-01-15,Confirmed
SO-00399,Sakura Style KK,WFX-3078,1500,877.15,2025-06-12,In Production
SO-00400,Prairie Wholesale Inc,WFX-3082,1500,1338.25,2026-03-27,Shipped
SO-00401,Rhine Mode GmbH,WFX-3190,800,1216.54,2026-12-13,Delivered
SO-00402,Thames & Co,WFX-2632,1500,1191.5,2025-09-21,Delivered
SO-00403,Bayside Brands,WFX-3153,300,1066.96,2026-08-21,Delivered
SO-00404,Thames & Co,WFX-2811,300,1475.22,2026-06-05,In Production
SO-00405,Gulf Fashion Trading,WFX-3264,3000,809.16,2025-06-24,Shipped
SO-00406,Sakura Style KK,WFX-3496,800,1192.24,2026-05-29,Shipped
SO-00407,Gulf Fashion Trading,WFX-2822,2000,1489.24,2026-05-12,In Production
SO-00408,Thames & Co,WFX-3164,5000,1178.25,2026-01-24,In Production
SO-00409,Prairie Wholesale Inc,WFX-2515,500,785.99,2025-11-13,In Production
SO-00410,Bayside Brands,WFX-2712,800,1208.4,2025-05-03,In Production
SO-00411,Bayside Brands,WFX-3166,2000,1527.12,2026-08-07,Shipped
SO-00412,Prairie Wholesale Inc,WFX-3435,300,1216.38,2026-06-21,Delivered
SO-00413,Bayside Brands,WFX-3420,1000,789.01,2025-02-03,In Production
SO-00414,Prairie Wholesale Inc,WFX-2909,500,680.13,2026-06-04,Cancelled
SO-00415,Rhine Mode GmbH,WFX-2569,500,991.89,2025-02-27,Cancelled
SO-00416,Lion City Apparel,WFX-2958,1000,1050.04,2025-07-07,In Production
SO-00417,Prairie Wholesale Inc,WFX-3207,1000,1044.4,2026-04-13,In Production
SO-00418,Nordic Retail AB,WFX-2682,1500,1050.19,2025-04-04,Shipped
SO-00419,Bayside Brands,WFX-3261,500,812.76,2025-05-16,Delivered
SO-00420,Rhine Mode GmbH,WFX-3036,300,1290.31,2025-09-07,In Production
SO-00421,Lion City Apparel,WFX-3100,5000,1345.37,2026-07-04,Shipped
SO-00422,Nordic Retail AB,WFX-3403,2000,1756.37,2025-03-16,Delivered
SO-00423,Iberia Moda SL,WFX-2702,500,1639.77,2026-05-03,Shipped
SO-00424,Maple Leaf Fashion,WFX-2703,1000,1357.44,2025-11-04,Shipped
SO-00425,Nordic Retail AB,WFX-3083,3000,2102.15,2025-04-25,Delivered
SO-00426,Iberia Moda SL,WFX-3238,1000,1063.63,2026-10-13,Shipped
SO-00427,Iberia Moda SL,WFX-3130,300,621.41,2026-02-21,In Production
SO-00428,Rhine Mode GmbH,WFX-3116,5000,1727.47,2025-12-03,Shipped
SO-00429,Iberia Moda SL,WFX-3020,1500,1066.52,2025-11-03,Cancelled
SO-00430,Gulf Fashion Trading,WFX-2771,1000,1480.98,2026-11-26,In Production
SO-00431,Gulf Fashion Trading,WFX-3075,1500,1351.44,2025-04-25,Shipped
SO-00432,Thames & Co,WFX-3275,5000,524.06,2026-06-06,Confirmed
SO-00433,Iberia Moda SL,WFX-2982,800,1087.81,2026-03-19,In Production
SO-00434,Rhine Mode GmbH,WFX-3190,500,1216.54,2026-03-30,Delivered
SO-00435,Prairie Wholesale Inc,WFX-2851,800,1625.66,2025-04-22,In Production
SO-00436,Bayside Brands,WFX-3282,1000,1039.53,2025-11-09,In Production
SO-00437,Gulf Fashion Trading,WFX-2828,5000,1149.31,2025-11-04,Confirmed
SO-00438,Lion City Apparel,WFX-3450,1000,1923.22,2025-06-08,Shipped
SO-00439,Thames & Co,WFX-2832,1000,1107.13,2025-06-25,Delivered
SO-00440,Thames & Co,WFX-3373,800,840.68,2026-06-13,In Production
SO-00441,Prairie Wholesale Inc,WFX-2986,3000,2580.82,2025-10-03,Delivered
SO-00442,Rhine Mode GmbH,WFX-2735,5000,1116.88,2025-11-07,Delivered
SO-00443,Thames & Co,WFX-2880,1500,706.32,2025-12-29,In Production
SO-00444,Alpine Casuals SA,WFX-3350,2000,811.6,2026-03-12,Shipped
SO-00445,Outback Outfitters,WFX-3077,3000,752.41,2026-02-18,Confirmed
SO-00446,Outback Outfitters,WFX-2557,2000,382.49,2025-05-24,Shipped
SO-00447,Iberia Moda SL,WFX-3499,1500,1350.02,2026-12-23,Confirmed
SO-00448,Bayside Brands,WFX-2708,1500,468.64,2026-01-18,In Production
SO-00449,Sakura Style KK,WFX-2525,3000,1147.7,2025-11-30,Delivered
SO-00450,Gulf Fashion Trading,WFX-3072,1000,1805.43,2026-09-25,Delivered
SO-00451,Iberia Moda SL,WFX-3016,1500,1315.36,2025-09-06,Confirmed
SO-00452,Sakura Style KK,WFX-2665,5000,2284.04,2026-08-31,Delivered
SO-00453,Nordic Retail AB,WFX-2982,3000,1087.81,2026-12-25,Delivered
SO-00454,Bayside Brands,WFX-2999,1500,853.5,2026-08-24,Cancelled
SO-00455,Nordic Retail AB,WFX-2885,500,1276.06,2025-12-17,Confirmed
SO-00456,Gulf Fashion Trading,WFX-2783,2000,310.9,2025-10-19,Shipped
SO-00457,Iberia Moda SL,WFX-2614,800,939.28,2025-03-17,Delivered
SO-00458,Alpine Casuals SA,WFX-2833,3000,858.67,2025-06-04,Delivered
SO-00459,Rhine Mode GmbH,WFX-3104,1000,271.87,2026-03-25,Shipped
SO-00460,Sakura Style KK,WFX-2752,1500,848.33,2025-10-26,Shipped
SO-00461,Nordic Retail AB,WFX-3207,800,1044.4,2025-03-11,Delivered
SO-00462,Alpine Casuals SA,WFX-3392,2000,1225.41,2026-01-05,Cancelled
SO-00463,Iberia Moda SL,WFX-3427,1000,1544.41,2026-04-25,In Production
SO-00464,Iberia Moda SL,WFX-2734,2000,688.18,2026-11-25,In Production
SO-00465,Alpine Casuals SA,WFX-3495,1500,1593.21,2025-01-24,In Production
SO-00466,Maple Leaf Fashion,WFX-2644,3000,1505.95,2026-05-14,Shipped
SO-00467,Nordic Retail AB,WFX-3318,300,807.32,2026-06-09,Delivered
SO-00468,Nordic Retail AB,WFX-2883,3000,932.31,2026-06-01,Cancelled
SO-00469,Sakura Style KK,WFX-3395,5000,771.72,2025-12-08,In Production
SO-00470,Maple Leaf Fashion,WFX-3150,500,552.79,2026-07-26,Shipped
SO-00471,Maple Leaf Fashion,WFX-3300,800,402.3,2025-03-31,Delivered
SO-00472,Iberia Moda SL,WFX-3088,1000,1647.84,2026-12-02,Delivered
SO-00473,Rhine Mode GmbH,WFX-2942,5000,1915.53,2025-06-05,Shipped
SO-00474,Sakura Style KK,WFX-3167,500,1453.06,2026-08-13,In Production
SO-00475,Iberia Moda SL,WFX-2848,3000,1203.4,2026-02-16,Delivered
SO-00476,Rhine Mode GmbH,WFX-3089,300,1101.35,2026-02-04,Shipped
SO-00477,Nordic Retail AB,WFX-2520,1000,2233.31,2025-06-04,In Production
SO-00478,Bayside Brands,WFX-2766,2000,1577.84,2026-11-01,Shipped
SO-00479,Bayside Brands,WFX-3182,2000,2899.7,2026-08-14,Delivered
SO-00480,Bayside Brands,WFX-2657,800,900.56,2025-07-05,In Production
SO-00481,Nordic Retail AB,WFX-2604,300,1527.12,2026-07-08,Delivered
SO-00482,Maple Leaf Fashion,WFX-2857,2000,565.88,2025-08-24,Delivered
SO-00483,Bayside Brands,WFX-3174,1000,725.23,2026-03-11,In Production
SO-00484,Bayside Brands,WFX-2778,1000,644.83,2025-01-28,Delivered
SO-00485,Iberia Moda SL,WFX-2641,500,1396.51,2026-01-20,Delivered
SO-00486,Iberia Moda SL,WFX-2527,1000,1385.2,2026-04-03,In Production
SO-00487,Outback Outfitters,WFX-2950,1000,1345.46,2026-01-25,In Production
SO-00488,Maple Leaf Fashion,WFX-3105,500,975.5,2026-06-03,Cancelled
SO-00489,Lion City Apparel,WFX-3436,500,545.28,2025-08-03,In Production
SO-00490,Iberia Moda SL,WFX-2624,2000,837.02,2025-11-21,Delivered
SO-00491,Bayside Brands,WFX-2926,1000,517.43,2026-06-04,Cancelled
SO-00492,Iberia Moda SL,WFX-2869,1500,966.26,2026-04-13,Shipped
SO-00493,Nordic Retail AB,WFX-2517,3000,1171.08,2026-02-14,Delivered
SO-00494,Maple Leaf Fashion,WFX-3485,2000,984.49,2025-11-14,In Production
SO-00495,Maple Leaf Fashion,WFX-3357,3000,721.74,2026-10-30,Delivered
SO-00496,Bayside Brands,WFX-2808,500,696.46,2026-02-04,Delivered
SO-00497,Iberia Moda SL,WFX-3397,300,662.12,2025-10-09,Cancelled
SO-00498,Prairie Wholesale Inc,WFX-3248,2000,1605.24,2025-09-12,Confirmed
SO-00499,Lion City Apparel,WFX-2682,300,1050.19,2025-06-09,Confirmed
SO-00500,Alpine Casuals SA,WFX-2644,5000,1505.95,2025-03-04,Delivered
SO-00501,Bayside Brands,WFX-3111,1500,2005.96,2026-03-01,In Production
SO-00502,Thames & Co,WFX-3344,3000,731.82,2026-06-16,In Production
SO-00503,Thames & Co,WFX-3489,800,977.11,2025-04-23,In Production
SO-00504,Thames & Co,WFX-3306,300,2251.3,2025-11-10,Shipped
SO-00505,Prairie Wholesale Inc,WFX-2914,2000,1716.46,2025-09-29,Delivered
SO-00506,Sakura Style KK,WFX-3137,300,630.65,2025-12-06,Delivered
SO-00507,Iberia Moda SL,WFX-2530,300,1161.96,2025-05-28,Delivered
SO-00508,Outback Outfitters,WFX-3436,300,545.28,2026-09-05,Shipped
SO-00509,Gulf Fashion Trading,WFX-3240,800,1937.95,2025-01-16,In Production
SO-00510,Bayside Brands,WFX-2858,500,1551.88,2025-03-09,Shipped
SO-00511,Iberia Moda SL,WFX-2616,5000,2670.45,2026-07-04,Cancelled
SO-00512,Thames & Co,WFX-2951,300,1037.17,2026-04-26,In Production
SO-00513,Rhine Mode GmbH,WFX-3422,800,1926.32,2026-07-07,In Production
SO-00514,Lion City Apparel,WFX-2875,500,1120.74,2026-08-08,Shipped
SO-00515,Thames & Co,WFX-2701,1000,823.32,2025-05-27,Shipped
SO-00516,Prairie Wholesale Inc,WFX-2731,500,1528.5,2026-02-18,Delivered
SO-00517,Lion City Apparel,WFX-2790,500,2224.86,2025-09-14,In Production
SO-00518,Alpine Casuals SA,WFX-2690,1500,1102.26,2026-04-19,In Production
SO-00519,Lion City Apparel,WFX-3185,1500,631.52,2025-05-15,Delivered
SO-00520,Outback Outfitters,WFX-2836,2000,1045.95,2026-08-17,Delivered
SO-00521,Nordic Retail AB,WFX-3255,3000,1059.62,2025-07-22,Shipped
SO-00522,Nordic Retail AB,WFX-2687,800,710.86,2025-09-01,Shipped
SO-00523,Outback Outfitters,WFX-2666,2000,2808.2,2026-05-08,Confirmed
SO-00524,Sakura Style KK,WFX-2996,1000,1642.82,2026-08-15,Shipped
SO-00525,Iberia Moda SL,WFX-2916,1000,1149.49,2025-09-27,Shipped
SO-00526,Iberia Moda SL,WFX-3059,500,1235.56,2026-11-03,Delivered
SO-00527,Gulf Fashion Trading,WFX-3287,2000,782.12,2025-07-10,In Production
SO-00528,Sakura Style KK,WFX-2762,5000,1159.83,2026-04-13,Delivered
SO-00529,Maple Leaf Fashion,WFX-3180,2000,347.35,2025-09-27,Delivered
SO-00530,Sakura Style KK,WFX-2565,3000,4056.51,2026-07-11,Shipped
SO-00531,Maple Leaf Fashion,WFX-2630,1000,715.83,2025-04-24,Cancelled
SO-00532,Gulf Fashion Trading,WFX-2624,1500,837.02,2025-12-22,Confirmed
SO-00533,Iberia Moda SL,WFX-2815,3000,965.17,2025-03-26,Shipped
SO-00534,Gulf Fashion Trading,WFX-3490,800,1270.0,2026-06-08,In Production
SO-00535,Thames & Co,WFX-2700,1000,733.47,2025-07-23,Delivered
SO-00536,Alpine Casuals SA,WFX-3252,2000,1028.68,2025-06-05,Shipped
SO-00537,Gulf Fashion Trading,WFX-3077,300,752.41,2026-01-07,Delivered
SO-00538,Bayside Brands,WFX-3053,800,1427.97,2025-04-13,In Production
SO-00539,Thames & Co,WFX-3197,1000,687.45,2025-06-05,Delivered
SO-00540,Lion City Apparel,WFX-3054,3000,881.81,2025-10-13,Delivered
SO-00541,Outback Outfitters,WFX-2551,1500,828.72,2026-06-19,In Production
SO-00542,Outback Outfitters,WFX-3496,5000,1192.24,2025-05-20,Shipped
SO-00543,Rhine Mode GmbH,WFX-3239,300,986.96,2026-12-27,Confirmed
SO-00544,Prairie Wholesale Inc,WFX-3070,1500,1476.16,2026-09-20,In Production
SO-00545,Maple Leaf Fashion,WFX-3109,300,883.85,2025-05-24,Delivered
SO-00546,Iberia Moda SL,WFX-2648,800,2721.57,2025-09-06,Delivered
SO-00547,Thames & Co,WFX-2901,3000,2002.38,2025-07-18,In Production
SO-00548,Sakura Style KK,WFX-2755,500,737.35,2025-10-10,In Production
SO-00549,Outback Outfitters,WFX-2644,500,1505.95,2026-08-23,Delivered
SO-00550,Prairie Wholesale Inc,WFX-3468,800,1546.25,2025-05-26,In Production
SO-00551,Rhine Mode GmbH,WFX-3189,2000,1462.0,2025-05-01,Confirmed
SO-00552,Rhine Mode GmbH,WFX-3034,500,877.02,2026-09-05,Delivered
SO-00553,Bayside Brands,WFX-2983,5000,978.96,2025-05-08,In Production
SO-00554,Alpine Casuals SA,WFX-3055,5000,1090.87,2025-12-16,In Production
SO-00555,Rhine Mode GmbH,WFX-3397,300,662.12,2025-09-19,In Production
SO-00556,Prairie Wholesale Inc,WFX-2616,5000,2670.45,2025-06-22,Shipped
SO-00557,Alpine Casuals SA,WFX-3398,5000,1496.41,2025-08-19,Delivered
SO-00558,Maple Leaf Fashion,WFX-3036,500,1290.31,2026-09-10,Cancelled
SO-00559,Lion City Apparel,WFX-3483,2000,833.59,2026-11-12,In Production
SO-00560,Alpine Casuals SA,WFX-3007,3000,928.57,2026-10-16,Shipped
SO-00561,Rhine Mode GmbH,WFX-2608,1500,1539.83,2026-10-18,Delivered
SO-00562,Sakura Style KK,WFX-3021,3000,2008.07,2025-09-15,Delivered
SO-00563,Maple Leaf Fashion,WFX-2866,300,698.99,2026-05-13,Confirmed
SO-00564,Lion City Apparel,WFX-2749,5000,3164.04,2026-03-21,In Production
SO-00565,Rhine Mode GmbH,WFX-3182,500,2899.7,2026-12-27,Cancelled
SO-00566,Gulf Fashion Trading,WFX-3000,3000,1067.27,2026-11-15,Shipped
SO-00567,Nordic Retail AB,WFX-2892,500,2323.76,2026-10-21,Shipped
SO-00568,Maple Leaf Fashion,WFX-3477,500,570.83,2025-09-02,Confirmed
SO-00569,Lion City Apparel,WFX-2870,3000,1120.53,2025-02-10,Delivered
SO-00570,Prairie Wholesale Inc,WFX-2856,5000,1027.65,2026-08-11,Delivered
SO-00571,Gulf Fashion Trading,WFX-3385,300,900.57,2026-10-06,Delivered
SO-00572,Outback Outfitters,WFX-3263,300,681.91,2025-07-05,In Production
SO-00573,Prairie Wholesale Inc,WFX-2525,2000,1147.7,2026-02-27,Confirmed
SO-00574,Nordic Retail AB,WFX-3322,5000,1064.95,2025-09-17,Delivered
SO-00575,Prairie Wholesale Inc,WFX-2868,2000,794.88,2025-09-12,In Production
SO-00576,Iberia Moda SL,WFX-2784,300,600.61,2026-12-17,In Production
SO-00577,Rhine Mode GmbH,WFX-3151,800,1280.37,2026-07-15,In Production
SO-00578,Sakura Style KK,WFX-3164,3000,1178.25,2025-06-26,Delivered
SO-00579,Iberia Moda SL,WFX-3365,500,2395.17,2026-09-24,In Production
SO-00580,Alpine Casuals SA,WFX-3052,1000,1814.61,2025-11-10,In Production
SO-00581,Alpine Casuals SA,WFX-2604,500,1527.12,2025-11-17,Shipped
SO-00582,Iberia Moda SL,WFX-3137,800,630.65,2025-07-27,Delivered
SO-00583,Alpine Casuals SA,WFX-2772,5000,588.85,2026-03-25,In Production
SO-00584,Sakura Style KK,WFX-3418,800,1207.91,2025-11-27,Cancelled
SO-00585,Maple Leaf Fashion,WFX-2517,1000,1171.08,2026-06-03,Shipped
SO-00586,Prairie Wholesale Inc,WFX-3218,1500,1602.87,2026-07-06,Delivered
SO-00587,Outback Outfitters,WFX-2683,500,911.4,2025-04-03,In Production
SO-00588,Lion City Apparel,WFX-3229,3000,888.6,2025-05-30,Delivered
SO-00589,Sakura Style KK,WFX-3234,2000,844.6,2026-01-30,In Production
SO-00590,Alpine Casuals SA,WFX-2607,1500,608.57,2025-03-26,Shipped
SO-00591,Bayside Brands,WFX-2832,5000,1107.13,2025-09-09,Delivered
SO-00592,Thames & Co,WFX-3062,1500,962.41,2025-08-18,Confirmed
SO-00593,Alpine Casuals SA,WFX-3354,1000,819.95,2025-08-20,In Production
SO-00594,Prairie Wholesale Inc,WFX-2951,1000,1037.17,2025-10-31,Confirmed
SO-00595,Nordic Retail AB,WFX-2750,5000,2606.47,2026-03-01,Delivered
SO-00596,Gulf Fashion Trading,WFX-3070,1000,1476.16,2026-06-16,Shipped
SO-00597,Outback Outfitters,WFX-3095,3000,1661.08,2026-12-25,Delivered
SO-00598,Sakura Style KK,WFX-3316,1500,1786.57,2026-01-09,Shipped
SO-00599,Bayside Brands,WFX-3422,2000,1926.32,2025-03-20,Shipped
SO-00600,Alpine Casuals SA,WFX-3482,800,802.26,2026-12-21,In Production
SO-00601,Gulf Fashion Trading,WFX-2753,800,1001.87,2026-06-04,Confirmed
SO-00602,Iberia Moda SL,WFX-3226,2000,761.22,2026-09-11,Confirmed
SO-00603,Alpine Casuals SA,WFX-2734,2000,688.18,2026-10-23,Delivered
SO-00604,Gulf Fashion Trading,WFX-3500,1000,942.75,2026-08-12,Shipped
SO-00605,Nordic Retail AB,WFX-3357,5000,721.74,2026-05-25,Shipped
SO-00606,Outback Outfitters,WFX-3106,500,731.93,2025-06-25,Cancelled
SO-00607,Gulf Fashion Trading,WFX-2523,5000,632.71,2025-02-28,Shipped
SO-00608,Sakura Style KK,WFX-3418,5000,1207.91,2025-06-01,Delivered
SO-00609,Prairie Wholesale Inc,WFX-2566,2000,2263.69,2025-10-10,Confirmed
SO-00610,Rhine Mode GmbH,WFX-3084,300,2001.76,2026-05-18,Delivered
SO-00611,Alpine Casuals SA,WFX-2942,800,1915.53,2025-08-09,Cancelled
SO-00612,Iberia Moda SL,WFX-3178,1500,1307.38,2026-11-22,Shipped
SO-00613,Sakura Style KK,WFX-2812,1000,2383.04,2026-06-05,Shipped
SO-00614,Outback Outfitters,WFX-3469,800,1067.44,2026-11-29,Delivered
SO-00615,Sakura Style KK,WFX-3101,300,1947.68,2025-02-24,Cancelled
SO-00616,Sakura Style KK,WFX-3230,500,717.28,2025-03-14,Delivered
SO-00617,Maple Leaf Fashion,WFX-3129,3000,1370.77,2025-07-19,Delivered
SO-00618,Lion City Apparel,WFX-2755,800,737.35,2025-01-31,Delivered
SO-00619,Iberia Moda SL,WFX-3165,500,1386.98,2025-04-07,In Production
SO-00620,Outback Outfitters,WFX-3469,3000,1067.44,2026-01-26,Delivered
SO-00621,Iberia Moda SL,WFX-3214,800,697.38,2025-07-07,Delivered
SO-00622,Rhine Mode GmbH,WFX-2599,2000,926.77,2026-03-17,In Production
SO-00623,Rhine Mode GmbH,WFX-3401,5000,720.8,2025-09-24,Confirmed
SO-00624,Bayside Brands,WFX-2912,1000,2111.78,2026-10-25,In Production
SO-00625,Maple Leaf Fashion,WFX-3149,2000,834.99,2025-04-07,Shipped
SO-00626,Rhine Mode GmbH,WFX-3037,300,658.17,2025-03-04,Delivered
SO-00627,Nordic Retail AB,WFX-3071,2000,1322.39,2025-01-02,Confirmed
SO-00628,Gulf Fashion Trading,WFX-3487,300,881.2,2026-01-29,Confirmed
SO-00629,Nordic Retail AB,WFX-2814,2000,371.29,2025-06-26,Delivered
SO-00630,Prairie Wholesale Inc,WFX-2694,5000,916.57,2025-08-12,In Production
SO-00631,Sakura Style KK,WFX-3500,500,942.75,2025-06-08,Delivered
SO-00632,Sakura Style KK,WFX-3115,800,1154.56,2026-12-25,Delivered
SO-00633,Thames & Co,WFX-3367,800,2334.16,2026-04-01,Delivered
SO-00634,Lion City Apparel,WFX-2532,300,1688.97,2025-05-04,Delivered
SO-00635,Rhine Mode GmbH,WFX-3327,1500,1412.46,2026-12-01,Confirmed
SO-00636,Lion City Apparel,WFX-2685,800,784.91,2026-05-25,Delivered
SO-00637,Lion City Apparel,WFX-2698,800,657.19,2025-12-12,Cancelled
SO-00638,Iberia Moda SL,WFX-3461,3000,703.81,2025-04-30,Delivered
SO-00639,Gulf Fashion Trading,WFX-3185,500,631.52,2026-01-10,In Production
SO-00640,Bayside Brands,WFX-2645,5000,1333.47,2026-02-18,In Production
SO-00641,Sakura Style KK,WFX-2543,300,1459.12,2026-05-07,Delivered
SO-00642,Prairie Wholesale Inc,WFX-3331,500,1658.37,2025-04-04,Delivered
SO-00643,Prairie Wholesale Inc,WFX-3180,2000,347.35,2026-07-31,Delivered
SO-00644,Alpine Casuals SA,WFX-3089,3000,1101.35,2026-10-21,Delivered
SO-00645,Rhine Mode GmbH,WFX-2706,2000,1597.6,2025-07-22,Confirmed
SO-00646,Prairie Wholesale Inc,WFX-2800,3000,827.99,2026-01-22,Shipped
SO-00647,Iberia Moda SL,WFX-2585,300,2175.44,2025-11-26,Shipped
SO-00648,Iberia Moda SL,WFX-3075,3000,1351.44,2025-10-22,In Production
SO-00649,Prairie Wholesale Inc,WFX-3290,300,535.81,2025-02-12,Shipped
SO-00650,Maple Leaf Fashion,WFX-2693,1500,1257.02,2026-08-08,Delivered
SO-00651,Thames & Co,WFX-3056,2000,419.54,2026-07-02,Delivered
SO-00652,Nordic Retail AB,WFX-2529,1500,645.61,2025-12-27,In Production
SO-00653,Gulf Fashion Trading,WFX-3488,300,639.38,2026-12-02,Delivered
SO-00654,Outback Outfitters,WFX-3395,800,771.72,2026-11-29,Shipped
SO-00655,Nordic Retail AB,WFX-3216,1000,764.04,2025-07-10,Confirmed
SO-00656,Bayside Brands,WFX-3414,2000,447.38,2025-07-28,Confirmed
SO-00657,Bayside Brands,WFX-3008,300,1350.16,2026-01-26,Confirmed
SO-00658,Alpine Casuals SA,WFX-2711,500,699.83,2025-01-05,Delivered
SO-00659,Bayside Brands,WFX-3427,2000,1544.41,2026-02-04,Cancelled
SO-00660,Bayside Brands,WFX-3347,2000,896.87,2026-02-16,Delivered
SO-00661,Thames & Co,WFX-2546,800,1564.9,2026-09-29,Shipped
SO-00662,Rhine Mode GmbH,WFX-3185,3000,631.52,2026-12-29,Delivered
SO-00663,Prairie Wholesale Inc,WFX-3385,1500,900.57,2026-11-01,In Production
SO-00664,Rhine Mode GmbH,WFX-3255,3000,1059.62,2026-03-02,Delivered
SO-00665,Outback Outfitters,WFX-3344,3000,731.82,2025-07-14,In Production
SO-00666,Iberia Moda SL,WFX-3337,1500,2169.99,2026-10-04,Shipped
SO-00667,Outback Outfitters,WFX-3210,300,885.68,2026-04-05,Delivered
SO-00668,Prairie Wholesale Inc,WFX-2632,1000,1191.5,2025-04-28,Confirmed
SO-00669,Thames & Co,WFX-2619,5000,403.07,2026-07-04,Confirmed
SO-00670,Thames & Co,WFX-2836,1500,1045.95,2026-12-13,Cancelled
SO-00671,Rhine Mode GmbH,WFX-2908,1500,1612.81,2026-08-07,In Production
SO-00672,Maple Leaf Fashion,WFX-2768,500,1375.6,2025-07-26,In Production
SO-00673,Maple Leaf Fashion,WFX-3474,5000,4029.49,2026-06-15,In Production
SO-00674,Iberia Moda SL,WFX-2537,5000,1505.03,2025-08-23,Confirmed
SO-00675,Outback Outfitters,WFX-2539,800,1155.93,2026-12-12,Confirmed
SO-00676,Maple Leaf Fashion,WFX-3326,1000,2161.81,2026-01-15,Shipped
SO-00677,Alpine Casuals SA,WFX-2949,800,316.12,2025-02-12,Shipped
SO-00678,Gulf Fashion Trading,WFX-3179,1000,1241.93,2025-11-22,Delivered
SO-00679,Lion City Apparel,WFX-2545,300,1526.13,2025-12-16,Delivered
SO-00680,Rhine Mode GmbH,WFX-3381,800,408.8,2025-07-25,In Production
SO-00681,Prairie Wholesale Inc,WFX-3424,300,1534.01,2025-06-06,In Production
SO-00682,Rhine Mode GmbH,WFX-3470,500,1259.89,2026-10-05,In Production
SO-00683,Sakura Style KK,WFX-2700,5000,733.47,2026-03-28,Confirmed
SO-00684,Bayside Brands,WFX-2572,1500,1980.07,2025-05-27,Shipped
SO-00685,Sakura Style KK,WFX-3061,300,793.75,2025-03-08,Confirmed
SO-00686,Gulf Fashion Trading,WFX-2920,300,1322.09,2025-06-23,Shipped
SO-00687,Sakura Style KK,WFX-3242,2000,1595.19,2025-04-17,Confirmed
SO-00688,Bayside Brands,WFX-3201,300,1078.06,2026-07-31,In Production
SO-00689,Outback Outfitters,WFX-2560,500,764.88,2026-10-06,Delivered
SO-00690,Lion City Apparel,WFX-2537,500,1505.03,2026-05-03,Confirmed
SO-00691,Lion City Apparel,WFX-3460,3000,736.77,2026-09-23,In Production
SO-00692,Iberia Moda SL,WFX-2897,1000,374.44,2026-09-20,Delivered
SO-00693,Sakura Style KK,WFX-2757,5000,604.87,2025-06-06,Shipped
SO-00694,Gulf Fashion Trading,WFX-2966,2000,1966.56,2025-10-21,In Production
SO-00695,Alpine Casuals SA,WFX-3153,800,1066.96,2026-02-02,Cancelled
SO-00696,Thames & Co,WFX-2764,2000,1328.6,2026-03-19,Delivered
SO-00697,Rhine Mode GmbH,WFX-3325,800,754.14,2026-02-25,Confirmed
SO-00698,Gulf Fashion Trading,WFX-3228,1000,314.1,2025-05-09,Cancelled
SO-00699,Prairie Wholesale Inc,WFX-3361,2000,852.35,2026-02-20,In Production
SO-00700,Outback Outfitters,WFX-2932,5000,582.48,2026-03-31,Delivered
SO-00701,Outback Outfitters,WFX-3476,5000,399.46,2025-11-30,In Production
SO-00702,Outback Outfitters,WFX-3182,800,2899.7,2025-07-30,Delivered
SO-00703,Bayside Brands,WFX-2752,1000,848.33,2026-11-07,Shipped
SO-00704,Lion City Apparel,WFX-3303,2000,3115.04,2026-07-16,Delivered
SO-00705,Outback Outfitters,WFX-3384,2000,900.89,2025-08-07,Shipped
SO-00706,Thames & Co,WFX-2903,5000,685.84,2026-10-30,Confirmed
SO-00707,Rhine Mode GmbH,WFX-2964,3000,1546.49,2025-08-11,Confirmed
SO-00708,Gulf Fashion Trading,WFX-2846,800,1294.63,2026-06-14,Delivered
SO-00709,Thames & Co,WFX-2943,5000,1332.62,2025-07-31,Confirmed
SO-00710,Lion City Apparel,WFX-2896,800,917.8,2026-11-28,In Production
SO-00711,Thames & Co,WFX-3077,3000,752.41,2025-07-22,Shipped
SO-00712,Outback Outfitters,WFX-2655,2000,1229.69,2025-05-14,Shipped
SO-00713,Iberia Moda SL,WFX-3281,2000,899.31,2026-09-20,Shipped
SO-00714,Alpine Casuals SA,WFX-3044,300,321.88,2025-03-08,Delivered
SO-00715,Nordic Retail AB,WFX-2588,300,505.9,2025-02-24,Delivered
SO-00716,Maple Leaf Fashion,WFX-2840,2000,2989.58,2026-01-01,Delivered
SO-00717,Alpine Casuals SA,WFX-2708,800,468.64,2025-11-11,Cancelled
SO-00718,Maple Leaf Fashion,WFX-3361,2000,852.35,2025-11-20,Shipped
SO-00719,Iberia Moda SL,WFX-3098,5000,1168.21,2025-06-29,In Production
SO-00720,Rhine Mode GmbH,WFX-2797,500,1062.91,2025-06-13,Delivered
SO-00721,Thames & Co,WFX-3423,800,1702.13,2026-06-30,Shipped
SO-00722,Lion City Apparel,WFX-3433,3000,896.37,2026-07-20,In Production
SO-00723,Iberia Moda SL,WFX-3144,1500,961.4,2025-09-13,Delivered
SO-00724,Maple Leaf Fashion,WFX-3500,800,942.75,2025-04-10,Delivered
SO-00725,Nordic Retail AB,WFX-3274,800,2007.67,2026-04-30,Delivered
SO-00726,Iberia Moda SL,WFX-2889,800,2417.54,2026-08-24,Delivered
SO-00727,Sakura Style KK,WFX-3205,5000,1355.0,2025-07-06,Shipped
SO-00728,Nordic Retail AB,WFX-2959,5000,1383.5,2026-08-04,Delivered
SO-00729,Sakura Style KK,WFX-2853,500,1097.07,2025-03-12,Delivered
SO-00730,Thames & Co,WFX-2682,1500,1050.19,2025-06-03,Delivered
SO-00731,Prairie Wholesale Inc,WFX-2614,1000,939.28,2025-11-25,Cancelled
SO-00732,Alpine Casuals SA,WFX-2800,500,827.99,2026-05-22,In Production
SO-00733,Lion City Apparel,WFX-2517,3000,1171.08,2026-01-09,Cancelled
SO-00734,Rhine Mode GmbH,WFX-3372,1000,3253.4,2026-06-17,Shipped
SO-00735,Nordic Retail AB,WFX-3426,5000,586.14,2025-06-20,In Production
SO-00736,Prairie Wholesale Inc,WFX-2554,1000,1643.89,2025-09-27,Delivered
SO-00737,Outback Outfitters,WFX-2960,2000,1598.71,2026-11-04,Confirmed
SO-00738,Prairie Wholesale Inc,WFX-2970,500,1674.05,2025-02-02,In Production
SO-00739,Lion City Apparel,WFX-2634,300,1448.97,2025-01-20,Delivered
SO-00740,Outback Outfitters,WFX-2810,1000,1128.59,2026-01-25,Delivered
SO-00741,Nordic Retail AB,WFX-2898,1500,1300.52,2025-12-10,Delivered
SO-00742,Gulf Fashion Trading,WFX-2876,3000,736.84,2025-12-17,Shipped
SO-00743,Sakura Style KK,WFX-2636,1500,485.36,2026-05-16,Shipped
SO-00744,Rhine Mode GmbH,WFX-2789,500,3315.4,2026-11-19,Delivered
SO-00745,Prairie Wholesale Inc,WFX-2587,2000,1010.68,2025-04-27,Delivered
SO-00746,Thames & Co,WFX-2524,500,1195.75,2025-07-01,In Production
SO-00747,Maple Leaf Fashion,WFX-2883,800,932.31,2025-08-31,Shipped
SO-00748,Maple Leaf Fashion,WFX-3298,500,1080.71,2025-01-14,Confirmed
SO-00749,Sakura Style KK,WFX-3255,500,1059.62,2026-10-04,In Production
SO-00750,Iberia Moda SL,WFX-3489,2000,977.11,2025-04-19,Delivered
SO-00751,Maple Leaf Fashion,WFX-3128,300,793.11,2025-07-24,Delivered
SO-00752,Alpine Casuals SA,WFX-3441,500,1693.85,2025-04-04,In Production
SO-00753,Outback Outfitters,WFX-2504,1000,1072.43,2025-03-23,In Production
SO-00754,Sakura Style KK,WFX-2897,1000,374.44,2025-07-22,Shipped
SO-00755,Iberia Moda SL,WFX-3226,800,761.22,2026-11-24,Shipped
SO-00756,Nordic Retail AB,WFX-3107,5000,1047.95,2025-01-07,In Production
SO-00757,Thames & Co,WFX-2582,1000,1718.16,2026-07-10,In Production
SO-00758,Bayside Brands,WFX-3090,500,1927.5,2025-03-19,Delivered
SO-00759,Thames & Co,WFX-2693,2000,1257.02,2025-08-22,Delivered
SO-00760,Outback Outfitters,WFX-2667,1500,869.32,2026-06-03,Shipped
SO-00761,Rhine Mode GmbH,WFX-3156,1000,925.74,2025-12-20,Shipped
SO-00762,Bayside Brands,WFX-3254,300,1650.72,2026-12-01,Delivered
SO-00763,Rhine Mode GmbH,WFX-2758,800,917.56,2025-03-06,Confirmed
SO-00764,Sakura Style KK,WFX-3006,300,849.2,2026-03-17,Shipped
SO-00765,Prairie Wholesale Inc,WFX-2582,5000,1718.16,2026-11-22,Confirmed
SO-00766,Sakura Style KK,WFX-2591,2000,2649.47,2026-09-13,Delivered
SO-00767,Maple Leaf Fashion,WFX-3195,1500,894.19,2025-11-23,Delivered
SO-00768,Sakura Style KK,WFX-2962,5000,1521.54,2025-11-04,In Production
SO-00769,Iberia Moda SL,WFX-3282,2000,1039.53,2025-07-14,Shipped
SO-00770,Lion City Apparel,WFX-2734,800,688.18,2025-12-28,Confirmed
SO-00771,Iberia Moda SL,WFX-2920,5000,1322.09,2026-02-17,In Production
SO-00772,Iberia Moda SL,WFX-2975,5000,1475.23,2026-01-30,In Production
SO-00773,Nordic Retail AB,WFX-2930,800,1366.0,2026-01-26,Delivered
SO-00774,Prairie Wholesale Inc,WFX-3392,800,1225.41,2025-01-15,In Production
SO-00775,Prairie Wholesale Inc,WFX-2945,800,1011.55,2025-07-08,In Production
SO-00776,Maple Leaf Fashion,WFX-2723,300,777.96,2025-06-03,In Production
SO-00777,Sakura Style KK,WFX-2778,1000,644.83,2026-02-06,Confirmed
SO-00778,Rhine Mode GmbH,WFX-2663,1500,1111.54,2026-05-14,In Production
SO-00779,Alpine Casuals SA,WFX-3122,5000,1772.3,2025-06-13,Shipped
SO-00780,Prairie Wholesale Inc,WFX-3000,300,1067.27,2025-04-19,In Production
SO-00781,Sakura Style KK,WFX-2569,5000,991.89,2025-05-25,Shipped
SO-00782,Gulf Fashion Trading,WFX-2741,5000,2709.43,2026-03-03,Delivered
SO-00783,Nordic Retail AB,WFX-3003,1500,1578.32,2025-12-13,Shipped
SO-00784,Rhine Mode GmbH,WFX-3146,3000,548.62,2026-09-06,Shipped
SO-00785,Gulf Fashion Trading,WFX-2633,1500,1216.0,2026-01-18,In Production
SO-00786,Alpine Casuals SA,WFX-3327,800,1412.46,2026-04-30,In Production
SO-00787,Nordic Retail AB,WFX-2565,5000,4056.51,2025-09-10,In Production
SO-00788,Sakura Style KK,WFX-2715,1000,1314.55,2025-11-17,Delivered
SO-00789,Iberia Moda SL,WFX-3150,1500,552.79,2026-08-15,Shipped
SO-00790,Sakura Style KK,WFX-3313,1000,2566.72,2025-11-26,Delivered
SO-00791,Prairie Wholesale Inc,WFX-3301,1000,819.71,2026-09-17,Delivered
SO-00792,Bayside Brands,WFX-2743,5000,906.96,2025-01-20,Shipped
SO-00793,Gulf Fashion Trading,WFX-2821,500,2080.07,2025-06-01,In Production
SO-00794,Sakura Style KK,WFX-3139,500,911.22,2026-04-19,Shipped
SO-00795,Alpine Casuals SA,WFX-3118,1500,2077.12,2026-02-03,Confirmed
SO-00796,Bayside Brands,WFX-3297,1500,939.79,2026-01-08,Delivered
SO-00797,Nordic Retail AB,WFX-3369,5000,1061.94,2026-10-11,In Production
SO-00798,Sakura Style KK,WFX-2504,2000,1072.43,2026-05-10,Delivered
SO-00799,Thames & Co,WFX-3076,1500,454.98,2026-05-12,Cancelled
SO-00800,Lion City Apparel,WFX-2822,1000,1489.24,2026-10-24,Delivered
SO-00801,Lion City Apparel,WFX-2693,500,1257.02,2025-03-04,In Production
SO-00802,Bayside Brands,WFX-3254,1500,1650.72,2026-01-21,In Production
SO-00803,Alpine Casuals SA,WFX-2934,300,1533.08,2025-07-29,In Production
SO-00804,Rhine Mode GmbH,WFX-2648,300,2721.57,2026-10-22,Confirmed
SO-00805,Outback Outfitters,WFX-3281,500,899.31,2025-06-01,In Production
SO-00806,Prairie Wholesale Inc,WFX-2958,3000,1050.04,2026-09-01,Shipped
SO-00807,Sakura Style KK,WFX-2955,500,393.93,2026-04-12,Delivered
SO-00808,Bayside Brands,WFX-2783,5000,310.9,2026-08-24,In Production
SO-00809,Sakura Style KK,WFX-2632,300,1191.5,2025-12-01,Confirmed
SO-00810,Iberia Moda SL,WFX-3066,2000,700.1,2026-01-20,Confirmed
SO-00811,Nordic Retail AB,WFX-3064,3000,1405.88,2026-02-10,Shipped
SO-00812,Sakura Style KK,WFX-2683,300,911.4,2025-11-28,Shipped
SO-00813,Lion City Apparel,WFX-3080,300,2908.72,2025-02-27,Delivered
SO-00814,Alpine Casuals SA,WFX-3241,800,988.68,2025-03-11,Shipped
SO-00815,Thames & Co,WFX-2644,500,1505.95,2025-08-29,Shipped
SO-00816,Sakura Style KK,WFX-2595,2000,1264.01,2026-02-27,In Production
SO-00817,Maple Leaf Fashion,WFX-2852,5000,2360.01,2025-03-05,Shipped
SO-00818,Outback Outfitters,WFX-3038,3000,840.1,2026-07-16,Delivered
SO-00819,Maple Leaf Fashion,WFX-3343,1000,981.43,2025-04-29,Shipped
SO-00820,Rhine Mode GmbH,WFX-3282,1000,1039.53,2026-10-23,In Production
SO-00821,Gulf Fashion Trading,WFX-3200,300,2184.18,2026-12-16,Confirmed
SO-00822,Iberia Moda SL,WFX-2731,300,1528.5,2025-08-27,Confirmed
SO-00823,Thames & Co,WFX-3473,800,959.97,2025-11-27,Shipped
SO-00824,Prairie Wholesale Inc,WFX-2897,3000,374.44,2025-10-24,Confirmed
SO-00825,Nordic Retail AB,WFX-3005,3000,915.11,2025-02-11,Shipped
SO-00826,Lion City Apparel,WFX-2705,300,1641.48,2026-08-20,In Production
SO-00827,Nordic Retail AB,WFX-3004,2000,1496.22,2026-08-19,Delivered
SO-00828,Sakura Style KK,WFX-3403,800,1756.37,2025-06-05,In Production
SO-00829,Nordic Retail AB,WFX-3050,1500,1578.01,2026-01-19,In Production
SO-00830,Outback Outfitters,WFX-3024,800,864.29,2026-09-15,Delivered
SO-00831,Sakura Style KK,WFX-2763,1000,817.56,2025-09-24,In Production
SO-00832,Maple Leaf Fashion,WFX-2903,1500,685.84,2026-04-02,Shipped
SO-00833,Prairie Wholesale Inc,WFX-3118,3000,2077.12,2025-04-26,In Production
SO-00834,Outback Outfitters,WFX-2543,500,1459.12,2025-07-30,Delivered
SO-00835,Lion City Apparel,WFX-2705,1500,1641.48,2026-11-22,Delivered
SO-00836,Lion City Apparel,WFX-2720,1500,1164.98,2025-02-25,In Production
SO-00837,Prairie Wholesale Inc,WFX-3164,1000,1178.25,2025-09-16,Shipped
SO-00838,Gulf Fashion Trading,WFX-2723,300,777.96,2025-08-10,In Production
SO-00839,Thames & Co,WFX-3350,2000,811.6,2026-02-02,In Production
SO-00840,Sakura Style KK,WFX-3238,5000,1063.63,2026-09-09,Cancelled
SO-00841,Thames & Co,WFX-3272,5000,471.19,2026-09-04,Shipped
SO-00842,Prairie Wholesale Inc,WFX-2793,1000,3250.29,2025-04-20,Confirmed
SO-00843,Nordic Retail AB,WFX-3406,300,729.54,2025-01-12,Shipped
SO-00844,Rhine Mode GmbH,WFX-3470,300,1259.89,2026-01-26,In Production
SO-00845,Lion City Apparel,WFX-3247,800,1366.22,2026-01-12,Confirmed
SO-00846,Prairie Wholesale Inc,WFX-2721,1000,1542.31,2026-01-17,Cancelled
SO-00847,Rhine Mode GmbH,WFX-2578,3000,598.12,2025-11-01,Delivered
SO-00848,Nordic Retail AB,WFX-3289,500,1134.72,2025-09-27,In Production
SO-00849,Bayside Brands,WFX-2968,500,955.09,2026-11-30,Delivered
SO-00850,Nordic Retail AB,WFX-3312,5000,929.01,2025-04-26,In Production
SO-00851,Alpine Casuals SA,WFX-2589,1000,620.32,2026-08-17,Shipped
SO-00852,Gulf Fashion Trading,WFX-3212,1500,908.08,2026-12-21,In Production
SO-00853,Iberia Moda SL,WFX-3077,500,752.41,2025-06-06,Delivered
SO-00854,Maple Leaf Fashion,WFX-2721,3000,1542.31,2025-01-31,Delivered
SO-00855,Iberia Moda SL,WFX-2539,3000,1155.93,2026-02-27,Delivered
SO-00856,Nordic Retail AB,WFX-2680,300,595.99,2025-10-15,Delivered
SO-00857,Rhine Mode GmbH,WFX-3227,5000,1281.01,2025-10-01,In Production
SO-00858,Prairie Wholesale Inc,WFX-2525,1500,1147.7,2025-07-12,Cancelled
SO-00859,Alpine Casuals SA,WFX-2741,5000,2709.43,2026-10-28,Delivered
SO-00860,Lion City Apparel,WFX-2546,3000,1564.9,2026-12-21,Shipped
SO-00861,Bayside Brands,WFX-3001,300,1122.46,2025-04-01,In Production
SO-00862,Sakura Style KK,WFX-3113,5000,582.79,2026-07-12,Delivered
SO-00863,Sakura Style KK,WFX-2668,2000,1964.18,2026-07-08,Delivered
SO-00864,Sakura Style KK,WFX-2650,2000,1965.14,2026-08-18,Shipped
SO-00865,Sakura Style KK,WFX-2912,5000,2111.78,2025-10-27,Cancelled
SO-00866,Prairie Wholesale Inc,WFX-2652,5000,1165.34,2026-02-22,Delivered
SO-00867,Outback Outfitters,WFX-2869,500,966.26,2025-05-21,Shipped
SO-00868,Sakura Style KK,WFX-2841,5000,2000.99,2026-07-07,Shipped
SO-00869,Prairie Wholesale Inc,WFX-3383,800,573.31,2025-12-18,Delivered
SO-00870,Prairie Wholesale Inc,WFX-3019,800,1873.0,2026-07-08,Shipped
SO-00871,Alpine Casuals SA,WFX-3148,800,428.97,2026-08-11,Delivered
SO-00872,Bayside Brands,WFX-2643,3000,940.79,2026-03-06,Confirmed
SO-00873,Maple Leaf Fashion,WFX-3402,300,1379.73,2026-08-13,Shipped
SO-00874,Rhine Mode GmbH,WFX-2505,800,1669.07,2026-12-02,Delivered
SO-00875,Sakura Style KK,WFX-3227,5000,1281.01,2026-01-18,Confirmed
SO-00876,Outback Outfitters,WFX-3062,3000,962.41,2025-12-26,In Production
SO-00877,Outback Outfitters,WFX-3268,500,1087.24,2026-10-22,In Production
SO-00878,Thames & Co,WFX-2965,1000,1148.0,2026-06-01,Delivered
SO-00879,Maple Leaf Fashion,WFX-3320,5000,1877.86,2025-03-15,Confirmed
SO-00880,Rhine Mode GmbH,WFX-3212,1000,908.08,2025-11-07,Delivered
SO-00881,Bayside Brands,WFX-3346,500,1229.78,2025-07-15,Cancelled
SO-00882,Nordic Retail AB,WFX-2525,300,1147.7,2025-08-01,In Production
SO-00883,Prairie Wholesale Inc,WFX-2691,500,774.14,2026-04-09,Confirmed
SO-00884,Maple Leaf Fashion,WFX-3474,3000,4029.49,2026-11-09,Delivered
SO-00885,Nordic Retail AB,WFX-2913,1500,1230.95,2026-01-19,In Production
SO-00886,Rhine Mode GmbH,WFX-2714,3000,774.75,2026-05-05,Shipped
SO-00887,Lion City Apparel,WFX-3151,300,1280.37,2025-02-02,Delivered
SO-00888,Sakura Style KK,WFX-3012,2000,1617.64,2026-12-19,Confirmed
SO-00889,Outback Outfitters,WFX-2985,500,1103.23,2026-08-25,Shipped
SO-00890,Sakura Style KK,WFX-3136,5000,1778.83,2026-01-25,Cancelled
SO-00891,Iberia Moda SL,WFX-2540,500,1257.89,2026-07-11,Shipped
SO-00892,Maple Leaf Fashion,WFX-2595,1000,1264.01,2026-10-09,Delivered
SO-00893,Maple Leaf Fashion,WFX-3445,5000,1013.27,2025-12-12,In Production
SO-00894,Lion City Apparel,WFX-2748,5000,2919.54,2025-11-14,Confirmed
SO-00895,Alpine Casuals SA,WFX-3066,5000,700.1,2026-02-25,In Production
SO-00896,Nordic Retail AB,WFX-2598,800,1434.87,2026-11-23,Shipped
SO-00897,Nordic Retail AB,WFX-3300,5000,402.3,2025-07-05,Confirmed
SO-00898,Rhine Mode GmbH,WFX-2975,3000,1475.23,2026-07-03,Delivered
SO-00899,Alpine Casuals SA,WFX-3170,300,1461.22,2025-05-01,In Production
SO-00900,Gulf Fashion Trading,WFX-3215,5000,2216.63,2026-04-08,In Production
SO-00901,Thames & Co,WFX-2801,300,988.24,2025-12-06,In Production
SO-00902,Maple Leaf Fashion,WFX-2937,800,2667.02,2025-03-20,Cancelled
SO-00903,Iberia Moda SL,WFX-2704,5000,1240.8,2026-02-01,In Production
SO-00904,Alpine Casuals SA,WFX-3295,800,615.59,2025-02-14,Delivered
SO-00905,Thames & Co,WFX-2810,1000,1128.59,2026-12-01,In Production
SO-00906,Iberia Moda SL,WFX-3098,1000,1168.21,2026-12-19,Delivered
SO-00907,Maple Leaf Fashion,WFX-3471,500,1803.57,2025-05-16,In Production
SO-00908,Lion City Apparel,WFX-3259,300,901.32,2026-01-11,Shipped
SO-00909,Alpine Casuals SA,WFX-3314,3000,1284.08,2026-06-22,Confirmed
SO-00910,Alpine Casuals SA,WFX-3420,2000,789.01,2025-04-19,Shipped
SO-00911,Iberia Moda SL,WFX-2929,300,2343.98,2026-07-25,In Production
SO-00912,Outback Outfitters,WFX-3219,500,1417.38,2025-09-27,Confirmed
SO-00913,Prairie Wholesale Inc,WFX-3399,2000,827.83,2026-06-04,Shipped
SO-00914,Bayside Brands,WFX-3442,800,1539.83,2025-06-15,Confirmed
SO-00915,Lion City Apparel,WFX-2589,800,620.32,2026-04-02,Delivered
SO-00916,Gulf Fashion Trading,WFX-3176,2000,1061.23,2026-05-05,Shipped
SO-00917,Prairie Wholesale Inc,WFX-2569,800,991.89,2025-04-29,Shipped
SO-00918,Nordic Retail AB,WFX-3074,1000,1456.93,2025-11-04,In Production
SO-00919,Alpine Casuals SA,WFX-2637,3000,1075.57,2025-03-03,Confirmed
SO-00920,Nordic Retail AB,WFX-3023,500,1518.7,2025-09-30,Shipped
SO-00921,Gulf Fashion Trading,WFX-3100,300,1345.37,2025-05-21,In Production
SO-00922,Bayside Brands,WFX-2828,5000,1149.31,2025-07-13,Delivered
SO-00923,Iberia Moda SL,WFX-3180,5000,347.35,2025-04-12,Shipped
SO-00924,Outback Outfitters,WFX-2677,500,942.84,2025-05-11,Confirmed
SO-00925,Gulf Fashion Trading,WFX-3379,800,1381.81,2025-03-11,Delivered
SO-00926,Gulf Fashion Trading,WFX-2990,500,1047.37,2025-09-10,Shipped
SO-00927,Outback Outfitters,WFX-3142,2000,1596.08,2025-09-26,Delivered
SO-00928,Nordic Retail AB,WFX-2917,3000,2196.83,2025-11-25,Confirmed
SO-00929,Outback Outfitters,WFX-3300,300,402.3,2026-01-18,In Production
SO-00930,Iberia Moda SL,WFX-2901,1000,2002.38,2025-05-11,Delivered
SO-00931,Lion City Apparel,WFX-2991,3000,963.77,2026-10-13,Shipped
SO-00932,Bayside Brands,WFX-2662,1500,898.74,2025-03-18,Shipped
SO-00933,Lion City Apparel,WFX-2944,300,1679.94,2026-07-30,Shipped
SO-00934,Alpine Casuals SA,WFX-2587,800,1010.68,2025-02-10,Delivered
SO-00935,Rhine Mode GmbH,WFX-2879,3000,891.62,2026-10-28,In Production
SO-00936,Sakura Style KK,WFX-3327,1500,1412.46,2026-09-12,Delivered
SO-00937,Rhine Mode GmbH,WFX-2835,5000,981.22,2026-01-31,Shipped
SO-00938,Alpine Casuals SA,WFX-3276,800,1266.59,2025-04-04,Shipped
SO-00939,Iberia Moda SL,WFX-3209,2000,1449.96,2026-09-24,Shipped
SO-00940,Maple Leaf Fashion,WFX-3147,1500,738.4,2025-10-05,Shipped
SO-00941,Rhine Mode GmbH,WFX-3396,1000,1842.51,2025-11-28,In Production
SO-00942,Bayside Brands,WFX-3429,1000,981.26,2025-11-10,In Production
SO-00943,Sakura Style KK,WFX-2697,3000,756.94,2026-09-05,In Production
SO-00944,Prairie Wholesale Inc,WFX-2935,1000,958.89,2025-05-23,Delivered
SO-00945,Alpine Casuals SA,WFX-3322,1500,1064.95,2026-12-04,In Production
SO-00946,Alpine Casuals SA,WFX-2871,2000,734.81,2026-04-19,In Production
SO-00947,Gulf Fashion Trading,WFX-3096,800,2154.62,2025-10-26,Confirmed
SO-00948,Bayside Brands,WFX-3154,1000,825.43,2026-10-11,Shipped
SO-00949,Sakura Style KK,WFX-3351,800,677.03,2026-05-24,Delivered
SO-00950,Bayside Brands,WFX-2884,3000,954.08,2025-10-05,Shipped
SO-00951,Lion City Apparel,WFX-3455,5000,816.14,2025-05-30,Shipped
SO-00952,Lion City Apparel,WFX-2761,500,762.51,2026-01-21,In Production
SO-00953,Gulf Fashion Trading,WFX-3333,3000,2831.03,2025-07-13,Confirmed
SO-00954,Rhine Mode GmbH,WFX-3332,5000,1410.11,2026-07-18,Shipped
SO-00955,Rhine Mode GmbH,WFX-3098,3000,1168.21,2025-02-22,In Production
SO-00956,Prairie Wholesale Inc,WFX-2938,5000,1597.31,2026-05-03,Shipped
SO-00957,Outback Outfitters,WFX-2948,2000,703.09,2025-07-05,Confirmed
SO-00958,Sakura Style KK,WFX-2626,300,1612.52,2025-03-13,Confirmed
SO-00959,Maple Leaf Fashion,WFX-2785,1500,1026.95,2025-04-09,Confirmed
SO-00960,Alpine Casuals SA,WFX-3448,3000,2384.33,2026-11-08,In Production
SO-00961,Nordic Retail AB,WFX-3081,300,1956.24,2026-10-02,Confirmed
SO-00962,Rhine Mode GmbH,WFX-3237,1500,2706.63,2025-08-25,Shipped
SO-00963,Lion City Apparel,WFX-2726,1500,1594.03,2025-12-29,Delivered
SO-00964,Bayside Brands,WFX-3361,800,852.35,2026-08-22,Confirmed
SO-00965,Bayside Brands,WFX-2825,800,1179.49,2026-01-28,Delivered
SO-00966,Gulf Fashion Trading,WFX-2709,300,1201.88,2025-04-04,Cancelled
SO-00967,Alpine Casuals SA,WFX-3085,1500,894.91,2025-05-08,Delivered
SO-00968,Bayside Brands,WFX-2598,3000,1434.87,2026-04-16,In Production
SO-00969,Thames & Co,WFX-3125,800,884.89,2025-10-14,Delivered
SO-00970,Nordic Retail AB,WFX-2610,1000,1037.77,2026-03-22,Delivered
SO-00971,Lion City Apparel,WFX-3094,3000,1124.19,2025-08-26,Shipped
SO-00972,Maple Leaf Fashion,WFX-2603,3000,1470.55,2026-03-30,Delivered
SO-00973,Alpine Casuals SA,WFX-2654,3000,997.1,2026-01-25,Delivered
SO-00974,Gulf Fashion Trading,WFX-2524,1500,1195.75,2026-11-21,In Production
SO-00975,Outback Outfitters,WFX-3004,2000,1496.22,2026-05-27,In Production
SO-00976,Lion City Apparel,WFX-3020,3000,1066.52,2026-09-14,Delivered
SO-00977,Sakura Style KK,WFX-2711,800,699.83,2026-09-08,Delivered
SO-00978,Alpine Casuals SA,WFX-3358,3000,1862.74,2026-02-18,In Production
SO-00979,Bayside Brands,WFX-2713,2000,1520.67,2025-10-08,In Production
SO-00980,Alpine Casuals SA,WFX-2755,1500,737.35,2026-01-24,Delivered
SO-00981,Iberia Moda SL,WFX-3115,300,1154.56,2026-07-31,Delivered
SO-00982,Prairie Wholesale Inc,WFX-2750,500,2606.47,2025-01-23,Shipped
SO-00983,Lion City Apparel,WFX-2899,2000,749.21,2025-01-21,In Production
SO-00984,Outback Outfitters,WFX-3003,5000,1578.32,2025-04-02,Delivered
SO-00985,Rhine Mode GmbH,WFX-2948,2000,703.09,2026-01-11,In Production
SO-00986,Rhine Mode GmbH,WFX-3434,5000,1961.46,2025-08-13,In Production
SO-00987,Lion City Apparel,WFX-3375,1000,972.76,2026-01-26,Delivered
SO-00988,Nordic Retail AB,WFX-2874,1000,851.65,2025-06-12,Confirmed
SO-00989,Lion City Apparel,WFX-2595,300,1264.01,2026-06-22,In Production
SO-00990,Rhine Mode GmbH,WFX-3455,5000,816.14,2025-05-26,Confirmed
SO-00991,Outback Outfitters,WFX-3380,1500,954.39,2025-07-10,Delivered
SO-00992,Outback Outfitters,WFX-2735,1500,1116.88,2025-03-10,In Production
SO-00993,Maple Leaf Fashion,WFX-2738,300,1097.53,2025-06-30,Shipped
SO-00994,Gulf Fashion Trading,WFX-2796,5000,1105.57,2025-06-21,Delivered
SO-00995,Nordic Retail AB,WFX-2742,1000,1342.15,2025-03-20,Shipped
SO-00996,Maple Leaf Fashion,WFX-2569,1500,991.89,2025-07-03,Delivered
SO-00997,Maple Leaf Fashion,WFX-3047,5000,1941.63,2026-01-13,Shipped
SO-00998,Thames & Co,WFX-3241,800,988.68,2025-07-11,Shipped
SO-00999,Nordic Retail AB,WFX-2752,2000,848.33,2025-10-06,Delivered
SO-01000,Nordic Retail AB,WFX-3026,300,958.01,2025-06-21,In Production
SO-01001,Iberia Moda SL,WFX-2550,800,655.43,2025-09-05,Delivered
SO-01002,Lion City Apparel,WFX-3383,2000,573.31,2025-10-13,Shipped
SO-01003,Bayside Brands,WFX-2974,5000,1093.58,2025-04-23,In Production
SO-01004,Bayside Brands,WFX-3231,800,810.1,2025-02-13,Shipped
SO-01005,Outback Outfitters,WFX-2569,800,991.89,2026-04-17,Confirmed
SO-01006,Iberia Moda SL,WFX-3042,3000,1519.11,2026-02-18,Shipped
SO-01007,Gulf Fashion Trading,WFX-3411,5000,1157.61,2026-06-17,Cancelled
SO-01008,Lion City Apparel,WFX-2863,3000,724.43,2026-06-21,Delivered
SO-01009,Outback Outfitters,WFX-3460,800,736.77,2026-05-27,Shipped
SO-01010,Nordic Retail AB,WFX-2630,1000,715.83,2026-01-12,Confirmed
SO-01011,Rhine Mode GmbH,WFX-3363,500,1376.3,2026-02-27,Shipped
SO-01012,Outback Outfitters,WFX-2892,1500,2323.76,2025-11-19,In Production
SO-01013,Bayside Brands,WFX-2999,300,853.5,2026-10-16,In Production
SO-01014,Thames & Co,WFX-3269,5000,2134.23,2025-05-24,Delivered
SO-01015,Rhine Mode GmbH,WFX-3165,3000,1386.98,2025-01-17,In Production
SO-01016,Bayside Brands,WFX-3423,5000,1702.13,2026-02-13,In Production
SO-01017,Alpine Casuals SA,WFX-2978,5000,385.15,2025-07-29,In Production
SO-01018,Thames & Co,WFX-2975,3000,1475.23,2025-09-09,Cancelled
SO-01019,Thames & Co,WFX-3471,500,1803.57,2025-02-24,In Production
SO-01020,Iberia Moda SL,WFX-2859,3000,1544.02,2026-03-20,Delivered
SO-01021,Lion City Apparel,WFX-2580,1500,1276.24,2026-06-09,In Production
SO-01022,Iberia Moda SL,WFX-3065,300,917.82,2026-05-06,Delivered
SO-01023,Sakura Style KK,WFX-2570,2000,720.06,2026-06-03,In Production
SO-01024,Nordic Retail AB,WFX-2670,500,824.45,2026-12-30,Confirmed
SO-01025,Rhine Mode GmbH,WFX-3076,300,454.98,2025-08-12,Confirmed
SO-01026,Gulf Fashion Trading,WFX-3146,2000,548.62,2026-02-18,Confirmed
SO-01027,Lion City Apparel,WFX-2843,5000,1035.75,2025-12-01,In Production
SO-01028,Sakura Style KK,WFX-2792,300,1192.55,2026-08-23,Delivered
SO-01029,Iberia Moda SL,WFX-2627,5000,1828.32,2026-06-11,Shipped
SO-01030,Prairie Wholesale Inc,WFX-2538,500,808.78,2025-06-07,Cancelled
SO-01031,Outback Outfitters,WFX-3456,2000,848.8,2026-03-27,Delivered
SO-01032,Alpine Casuals SA,WFX-3250,1500,1006.36,2025-07-21,Confirmed
SO-01033,Lion City Apparel,WFX-2596,3000,2742.92,2025-08-14,In Production
SO-01034,Nordic Retail AB,WFX-2543,1500,1459.12,2025-05-17,Confirmed
SO-01035,Outback Outfitters,WFX-2700,1000,733.47,2025-06-05,Shipped
SO-01036,Gulf Fashion Trading,WFX-2938,1500,1597.31,2025-08-04,Cancelled
SO-01037,Maple Leaf Fashion,WFX-2501,800,900.19,2025-09-29,Delivered
SO-01038,Iberia Moda SL,WFX-3245,500,807.65,2025-06-19,In Production
SO-01039,Prairie Wholesale Inc,WFX-3448,5000,2384.33,2026-11-17,Confirmed
SO-01040,Sakura Style KK,WFX-2971,2000,2898.31,2025-09-22,Delivered
SO-01041,Gulf Fashion Trading,WFX-3091,2000,894.44,2025-12-01,Shipped
SO-01042,Thames & Co,WFX-3040,1500,1492.76,2025-09-09,Delivered
SO-01043,Nordic Retail AB,WFX-2732,3000,1523.77,2025-12-03,Shipped
SO-01044,Gulf Fashion Trading,WFX-3463,1500,1436.61,2026-02-19,Shipped
SO-01045,Lion City Apparel,WFX-2553,1500,1480.22,2025-09-21,Delivered
SO-01046,Thames & Co,WFX-2610,1000,1037.77,2025-08-13,Delivered
SO-01047,Bayside Brands,WFX-3402,5000,1379.73,2025-04-11,Delivered
SO-01048,Gulf Fashion Trading,WFX-3215,2000,2216.63,2026-02-14,Shipped
SO-01049,Lion City Apparel,WFX-2930,2000,1366.0,2025-09-06,In Production
SO-01050,Lion City Apparel,WFX-2667,5000,869.32,2026-11-10,Delivered
SO-01051,Sakura Style KK,WFX-2568,300,1145.18,2026-03-19,Shipped
SO-01052,Outback Outfitters,WFX-2658,5000,1087.02,2025-12-08,Cancelled
SO-01053,Sakura Style KK,WFX-3461,500,703.81,2026-05-14,In Production
SO-01054,Iberia Moda SL,WFX-3401,3000,720.8,2026-02-20,Shipped
SO-01055,Bayside Brands,WFX-2941,1500,762.13,2025-06-18,In Production
SO-01056,Thames & Co,WFX-2845,2000,666.33,2025-03-26,Shipped
SO-01057,Maple Leaf Fashion,WFX-2604,500,1527.12,2025-01-09,Delivered
SO-01058,Gulf Fashion Trading,WFX-2654,3000,997.1,2025-04-05,Shipped
SO-01059,Alpine Casuals SA,WFX-3457,800,824.41,2025-01-03,Cancelled
SO-01060,Thames & Co,WFX-2983,300,978.96,2026-01-11,Confirmed
SO-01061,Prairie Wholesale Inc,WFX-3196,2000,780.37,2025-03-31,Delivered
SO-01062,Thames & Co,WFX-2542,1500,1417.35,2025-02-09,In Production
SO-01063,Maple Leaf Fashion,WFX-3097,300,1653.34,2025-07-16,Shipped
SO-01064,Thames & Co,WFX-3309,3000,759.47,2026-05-18,Delivered
SO-01065,Rhine Mode GmbH,WFX-2611,1500,848.87,2026-06-23,Shipped
SO-01066,Lion City Apparel,WFX-2574,1500,2702.4,2026-04-19,Confirmed
SO-01067,Rhine Mode GmbH,WFX-3121,800,1178.82,2026-12-18,Shipped
SO-01068,Maple Leaf Fashion,WFX-3028,5000,1217.4,2026-12-07,Shipped
SO-01069,Nordic Retail AB,WFX-2791,3000,1168.63,2026-11-12,Delivered
SO-01070,Alpine Casuals SA,WFX-2667,5000,869.32,2026-01-03,Delivered
SO-01071,Gulf Fashion Trading,WFX-3475,1500,634.11,2026-12-24,In Production
SO-01072,Outback Outfitters,WFX-3335,3000,1054.23,2025-08-29,Delivered
SO-01073,Rhine Mode GmbH,WFX-3314,2000,1284.08,2026-04-18,In Production
SO-01074,Alpine Casuals SA,WFX-2653,800,1137.95,2025-03-02,Confirmed
SO-01075,Maple Leaf Fashion,WFX-3102,800,472.68,2026-04-05,Confirmed
SO-01076,Thames & Co,WFX-2630,500,715.83,2025-12-07,In Production
SO-01077,Sakura Style KK,WFX-3205,1000,1355.0,2026-03-22,Delivered
SO-01078,Maple Leaf Fashion,WFX-2920,1500,1322.09,2025-08-03,Delivered
SO-01079,Iberia Moda SL,WFX-3418,300,1207.91,2026-02-05,In Production
SO-01080,Sakura Style KK,WFX-2697,500,756.94,2025-09-16,Confirmed
SO-01081,Thames & Co,WFX-2899,5000,749.21,2026-02-12,Shipped
SO-01082,Alpine Casuals SA,WFX-3303,2000,3115.04,2025-12-01,Shipped
SO-01083,Alpine Casuals SA,WFX-3264,3000,809.16,2026-08-04,Delivered
SO-01084,Alpine Casuals SA,WFX-3389,800,956.59,2025-06-18,Confirmed
SO-01085,Rhine Mode GmbH,WFX-3478,3000,1738.01,2025-12-09,Confirmed
SO-01086,Nordic Retail AB,WFX-2652,800,1165.34,2026-09-11,In Production
SO-01087,Rhine Mode GmbH,WFX-3008,1000,1350.16,2026-03-04,Delivered
SO-01088,Nordic Retail AB,WFX-2540,2000,1257.89,2026-09-22,Delivered
SO-01089,Sakura Style KK,WFX-2882,300,1015.19,2026-05-29,Confirmed
SO-01090,Bayside Brands,WFX-2707,800,1266.62,2026-11-06,In Production
SO-01091,Alpine Casuals SA,WFX-3379,1500,1381.81,2026-06-26,Shipped
SO-01092,Lion City Apparel,WFX-3105,1000,975.5,2025-02-10,Shipped
SO-01093,Alpine Casuals SA,WFX-2966,1500,1966.56,2026-04-13,Shipped
SO-01094,Rhine Mode GmbH,WFX-2546,2000,1564.9,2026-08-27,Confirmed
SO-01095,Maple Leaf Fashion,WFX-3143,5000,436.25,2026-03-04,Delivered
SO-01096,Iberia Moda SL,WFX-3452,1000,1592.69,2026-08-29,Delivered
SO-01097,Iberia Moda SL,WFX-2729,1500,1831.55,2026-10-30,In Production
SO-01098,Nordic Retail AB,WFX-3373,1000,840.68,2026-08-17,Delivered
SO-01099,Outback Outfitters,WFX-2761,1500,762.51,2025-08-23,Confirmed
SO-01100,Bayside Brands,WFX-2542,5000,1417.35,2025-01-03,In Production
SO-01101,Nordic Retail AB,WFX-2941,500,762.13,2025-10-08,Delivered
SO-01102,Gulf Fashion Trading,WFX-3049,3000,1544.78,2026-10-18,Confirmed
SO-01103,Rhine Mode GmbH,WFX-3307,300,851.22,2026-08-18,Shipped
SO-01104,Gulf Fashion Trading,WFX-2719,1500,1213.44,2025-08-29,Delivered
SO-01105,Outback Outfitters,WFX-3448,2000,2384.33,2026-11-03,In Production
SO-01106,Nordic Retail AB,WFX-2706,3000,1597.6,2026-10-25,Confirmed
SO-01107,Iberia Moda SL,WFX-2752,300,848.33,2025-09-22,Confirmed
SO-01108,Prairie Wholesale Inc,WFX-2674,1500,3853.75,2026-03-02,Delivered
SO-01109,Outback Outfitters,WFX-2666,1000,2808.2,2026-01-06,Delivered
SO-01110,Rhine Mode GmbH,WFX-2600,1500,585.8,2026-12-10,Cancelled
SO-01111,Prairie Wholesale Inc,WFX-3062,500,962.41,2025-06-09,Confirmed
SO-01112,Maple Leaf Fashion,WFX-3395,300,771.72,2025-03-09,Cancelled
SO-01113,Rhine Mode GmbH,WFX-3298,800,1080.71,2026-04-08,Confirmed
SO-01114,Maple Leaf Fashion,WFX-2846,5000,1294.63,2026-05-08,Shipped
SO-01115,Lion City Apparel,WFX-3185,1500,631.52,2025-12-31,Delivered
SO-01116,Maple Leaf Fashion,WFX-3308,2000,3028.11,2025-07-13,In Production
SO-01117,Rhine Mode GmbH,WFX-3059,300,1235.56,2026-09-28,Delivered
SO-01118,Maple Leaf Fashion,WFX-3324,500,1973.42,2025-12-17,In Production
SO-01119,Gulf Fashion Trading,WFX-2665,1000,2284.04,2026-10-09,Shipped
SO-01120,Nordic Retail AB,WFX-2860,2000,623.47,2026-03-19,Delivered
SO-01121,Gulf Fashion Trading,WFX-2607,3000,608.57,2025-07-14,In Production
SO-01122,Prairie Wholesale Inc,WFX-3136,5000,1778.83,2026-12-16,Delivered
SO-01123,Alpine Casuals SA,WFX-2569,1000,991.89,2026-05-22,Delivered
SO-01124,Iberia Moda SL,WFX-3071,3000,1322.39,2026-01-13,In Production
SO-01125,Nordic Retail AB,WFX-2704,300,1240.8,2025-01-04,Shipped
SO-01126,Sakura Style KK,WFX-3085,300,894.91,2026-01-17,Cancelled
SO-01127,Sakura Style KK,WFX-3165,3000,1386.98,2025-01-08,Delivered
SO-01128,Sakura Style KK,WFX-3493,5000,1176.47,2025-04-09,Confirmed
SO-01129,Gulf Fashion Trading,WFX-3109,500,883.85,2026-04-30,Shipped
SO-01130,Gulf Fashion Trading,WFX-3007,2000,928.57,2025-02-03,Confirmed
SO-01131,Prairie Wholesale Inc,WFX-3306,2000,2251.3,2026-07-04,In Production
SO-01132,Outback Outfitters,WFX-3342,1500,2003.11,2025-04-20,Confirmed
SO-01133,Rhine Mode GmbH,WFX-2557,800,382.49,2026-01-24,Delivered
SO-01134,Rhine Mode GmbH,WFX-2657,2000,900.56,2025-03-18,Delivered
SO-01135,Gulf Fashion Trading,WFX-3499,2000,1350.02,2025-11-12,Confirmed
SO-01136,Rhine Mode GmbH,WFX-3257,3000,1740.56,2025-10-19,Confirmed
SO-01137,Thames & Co,WFX-2836,500,1045.95,2026-06-22,Delivered
SO-01138,Lion City Apparel,WFX-3118,500,2077.12,2025-04-08,In Production
SO-01139,Rhine Mode GmbH,WFX-3499,2000,1350.02,2025-05-07,In Production
SO-01140,Lion City Apparel,WFX-2688,1000,629.96,2025-03-22,Shipped
SO-01141,Nordic Retail AB,WFX-2738,1500,1097.53,2026-07-18,In Production
SO-01142,Gulf Fashion Trading,WFX-3273,500,1698.93,2026-07-17,Delivered
SO-01143,Lion City Apparel,WFX-3458,1500,1324.51,2026-11-05,Delivered
SO-01144,Maple Leaf Fashion,WFX-2805,3000,2939.61,2025-02-11,Delivered
SO-01145,Outback Outfitters,WFX-2820,500,1301.28,2025-10-03,Delivered
SO-01146,Nordic Retail AB,WFX-3259,800,901.32,2026-08-26,Confirmed
SO-01147,Maple Leaf Fashion,WFX-2505,5000,1669.07,2026-01-05,Confirmed
SO-01148,Gulf Fashion Trading,WFX-2916,500,1149.49,2026-08-29,In Production
SO-01149,Gulf Fashion Trading,WFX-3463,1000,1436.61,2025-06-22,Confirmed
SO-01150,Prairie Wholesale Inc,WFX-2690,500,1102.26,2025-01-18,Shipped
SO-01151,Bayside Brands,WFX-2982,800,1087.81,2026-11-30,In Production
SO-01152,Bayside Brands,WFX-3022,3000,974.32,2026-06-20,Confirmed
SO-01153,Rhine Mode GmbH,WFX-3397,1000,662.12,2025-09-01,Shipped
SO-01154,Outback Outfitters,WFX-2561,1000,746.89,2026-02-02,Shipped
SO-01155,Gulf Fashion Trading,WFX-2698,1500,657.19,2026-02-19,In Production
SO-01156,Lion City Apparel,WFX-3498,3000,800.67,2025-10-22,Delivered
SO-01157,Bayside Brands,WFX-2776,500,669.47,2025-09-19,Delivered
SO-01158,Lion City Apparel,WFX-3164,5000,1178.25,2025-04-28,Confirmed
SO-01159,Lion City Apparel,WFX-2916,1000,1149.49,2026-12-09,Delivered
SO-01160,Lion City Apparel,WFX-2632,800,1191.5,2026-08-18,Delivered
SO-01161,Prairie Wholesale Inc,WFX-2623,1000,1545.43,2025-02-11,Confirmed
SO-01162,Bayside Brands,WFX-2737,300,1363.3,2026-12-02,Delivered
SO-01163,Thames & Co,WFX-2905,1000,2422.04,2025-04-26,In Production
SO-01164,Nordic Retail AB,WFX-3089,1000,1101.35,2026-12-14,Delivered
SO-01165,Outback Outfitters,WFX-2515,500,785.99,2026-04-03,In Production
SO-01166,Thames & Co,WFX-2648,500,2721.57,2025-11-29,Delivered
SO-01167,Outback Outfitters,WFX-2921,1500,800.9,2025-07-26,Shipped
SO-01168,Prairie Wholesale Inc,WFX-3379,800,1381.81,2025-12-28,In Production
SO-01169,Prairie Wholesale Inc,WFX-2693,1000,1257.02,2025-10-08,Shipped
SO-01170,Nordic Retail AB,WFX-2948,1500,703.09,2026-04-20,Confirmed
SO-01171,Nordic Retail AB,WFX-2663,300,1111.54,2026-06-21,Delivered
SO-01172,Bayside Brands,WFX-2797,3000,1062.91,2025-10-22,Confirmed
SO-01173,Rhine Mode GmbH,WFX-2645,1500,1333.47,2025-01-15,In Production
SO-01174,Gulf Fashion Trading,WFX-2985,500,1103.23,2025-12-23,Shipped
SO-01175,Prairie Wholesale Inc,WFX-2811,1000,1475.22,2026-12-06,Shipped
SO-01176,Rhine Mode GmbH,WFX-3385,5000,900.57,2025-10-04,Cancelled
SO-01177,Iberia Moda SL,WFX-2665,1000,2284.04,2025-05-17,Shipped
SO-01178,Bayside Brands,WFX-2518,5000,1425.3,2026-07-19,In Production
SO-01179,Prairie Wholesale Inc,WFX-3022,800,974.32,2026-01-15,Confirmed
SO-01180,Rhine Mode GmbH,WFX-3035,500,1313.7,2026-11-06,In Production
SO-01181,Rhine Mode GmbH,WFX-3029,3000,1604.44,2026-08-04,Confirmed
SO-01182,Maple Leaf Fashion,WFX-3481,1000,2244.96,2025-09-16,Delivered
SO-01183,Bayside Brands,WFX-3330,800,841.27,2026-06-26,Shipped
SO-01184,Thames & Co,WFX-2504,300,1072.43,2026-12-08,In Production
SO-01185,Gulf Fashion Trading,WFX-3289,3000,1134.72,2025-01-02,Shipped
SO-01186,Bayside Brands,WFX-2993,800,669.71,2025-11-10,Confirmed
SO-01187,Outback Outfitters,WFX-3239,1500,986.96,2025-10-06,Delivered
SO-01188,Bayside Brands,WFX-3101,3000,1947.68,2026-09-09,Delivered
SO-01189,Lion City Apparel,WFX-3079,2000,3795.91,2026-04-29,Confirmed
SO-01190,Bayside Brands,WFX-3140,1000,1232.94,2025-12-11,In Production
SO-01191,Iberia Moda SL,WFX-2866,1000,698.99,2026-05-20,Shipped
SO-01192,Outback Outfitters,WFX-2734,300,688.18,2025-04-16,Delivered
SO-01193,Thames & Co,WFX-3079,1000,3795.91,2025-02-14,Shipped
SO-01194,Iberia Moda SL,WFX-2710,3000,910.01,2025-03-16,Shipped
SO-01195,Prairie Wholesale Inc,WFX-2606,5000,1236.37,2025-08-15,Delivered
SO-01196,Bayside Brands,WFX-3256,1000,2337.09,2025-02-07,In Production
SO-01197,Nordic Retail AB,WFX-2763,3000,817.56,2025-10-15,Confirmed
SO-01198,Lion City Apparel,WFX-3159,5000,1827.59,2025-04-06,Delivered
SO-01199,Bayside Brands,WFX-2849,500,2255.31,2025-09-14,Confirmed
SO-01200,Lion City Apparel,WFX-3311,1000,1563.49,2026-12-07,Confirmed
SO-01201,Gulf Fashion Trading,WFX-2784,800,600.61,2026-12-14,Delivered
SO-01202,Nordic Retail AB,WFX-3247,5000,1366.22,2025-08-10,Delivered
SO-01203,Outback Outfitters,WFX-3315,2000,575.9,2026-05-31,Confirmed
SO-01204,Bayside Brands,WFX-3097,1500,1653.34,2026-12-15,Confirmed
SO-01205,Sakura Style KK,WFX-2858,5000,1551.88,2025-06-18,Shipped
SO-01206,Alpine Casuals SA,WFX-2528,500,1235.24,2026-08-09,Cancelled
SO-01207,Prairie Wholesale Inc,WFX-2522,1500,1115.21,2025-06-10,In Production
SO-01208,Alpine Casuals SA,WFX-2740,300,1366.9,2025-07-20,Delivered
SO-01209,Bayside Brands,WFX-3348,1000,1991.76,2026-04-17,Confirmed
SO-01210,Prairie Wholesale Inc,WFX-2563,5000,1364.82,2025-05-18,In Production
SO-01211,Maple Leaf Fashion,WFX-2533,1000,3368.79,2025-11-03,In Production
SO-01212,Prairie Wholesale Inc,WFX-3355,3000,3434.48,2025-03-06,In Production
SO-01213,Thames & Co,WFX-3354,5000,819.95,2025-06-25,In Production
SO-01214,Nordic Retail AB,WFX-2884,800,954.08,2026-03-07,Delivered
SO-01215,Maple Leaf Fashion,WFX-2612,800,605.82,2025-06-07,In Production
SO-01216,Maple Leaf Fashion,WFX-2926,3000,517.43,2025-06-20,In Production
SO-01217,Alpine Casuals SA,WFX-2773,2000,1044.79,2025-06-11,Delivered
SO-01218,Lion City Apparel,WFX-3349,1000,549.11,2026-03-12,Cancelled
SO-01219,Lion City Apparel,WFX-2677,5000,942.84,2025-09-24,In Production
SO-01220,Bayside Brands,WFX-3121,300,1178.82,2025-10-30,In Production
SO-01221,Gulf Fashion Trading,WFX-2885,5000,1276.06,2026-08-19,Delivered
SO-01222,Alpine Casuals SA,WFX-2619,800,403.07,2025-08-24,Delivered
SO-01223,Alpine Casuals SA,WFX-3255,500,1059.62,2026-02-09,Shipped
SO-01224,Prairie Wholesale Inc,WFX-3432,800,2171.66,2025-07-04,Confirmed
SO-01225,Bayside Brands,WFX-3052,800,1814.61,2025-02-21,In Production
SO-01226,Lion City Apparel,WFX-3021,500,2008.07,2026-07-20,In Production
SO-01227,Sakura Style KK,WFX-2586,500,1150.2,2025-12-07,In Production
SO-01228,Thames & Co,WFX-3063,800,1156.6,2026-05-18,Confirmed
SO-01229,Bayside Brands,WFX-3371,800,671.82,2025-08-14,Delivered
SO-01230,Prairie Wholesale Inc,WFX-3216,500,764.04,2026-10-02,Shipped
SO-01231,Maple Leaf Fashion,WFX-2953,3000,934.57,2026-07-14,Delivered
SO-01232,Alpine Casuals SA,WFX-2583,2000,630.04,2026-11-29,Shipped
SO-01233,Sakura Style KK,WFX-2783,300,310.9,2025-01-12,Confirmed
SO-01234,Nordic Retail AB,WFX-3299,300,1419.14,2025-02-01,Delivered
SO-01235,Sakura Style KK,WFX-2586,800,1150.2,2026-10-15,Delivered
SO-01236,Maple Leaf Fashion,WFX-3100,500,1345.37,2026-05-08,Delivered
SO-01237,Maple Leaf Fashion,WFX-3476,5000,399.46,2026-07-06,Delivered
SO-01238,Sakura Style KK,WFX-3164,300,1178.25,2026-09-12,Delivered
SO-01239,Alpine Casuals SA,WFX-2527,800,1385.2,2025-11-17,Cancelled
SO-01240,Prairie Wholesale Inc,WFX-2889,500,2417.54,2026-06-01,Delivered
SO-01241,Rhine Mode GmbH,WFX-3162,1500,1456.99,2025-03-29,In Production
SO-01242,Thames & Co,WFX-3059,5000,1235.56,2026-06-19,In Production
SO-01243,Maple Leaf Fashion,WFX-3433,800,896.37,2025-10-23,In Production
SO-01244,Lion City Apparel,WFX-3014,300,961.89,2026-04-26,In Production
SO-01245,Gulf Fashion Trading,WFX-2542,3000,1417.35,2025-02-15,Shipped
SO-01246,Nordic Retail AB,WFX-3114,300,1098.2,2025-09-09,Delivered
SO-01247,Sakura Style KK,WFX-2887,2000,1936.77,2026-06-13,Confirmed
SO-01248,Gulf Fashion Trading,WFX-2782,800,946.47,2026-07-31,Shipped
SO-01249,Bayside Brands,WFX-2626,3000,1612.52,2025-10-03,Confirmed
SO-01250,Bayside Brands,WFX-3024,2000,864.29,2025-02-20,In Production
SO-01251,Rhine Mode GmbH,WFX-2875,800,1120.74,2026-01-20,Delivered
SO-01252,Nordic Retail AB,WFX-3248,300,1605.24,2025-02-24,Shipped
SO-01253,Bayside Brands,WFX-2917,1000,2196.83,2026-09-21,Shipped
SO-01254,Iberia Moda SL,WFX-3072,2000,1805.43,2025-01-18,Delivered
SO-01255,Lion City Apparel,WFX-3291,800,1705.65,2025-03-04,Confirmed
SO-01256,Nordic Retail AB,WFX-2775,500,1364.68,2025-09-16,Delivered
SO-01257,Gulf Fashion Trading,WFX-3355,500,3434.48,2026-06-26,Delivered
SO-01258,Nordic Retail AB,WFX-3257,1500,1740.56,2025-09-22,Shipped
SO-01259,Prairie Wholesale Inc,WFX-3486,800,921.47,2026-05-01,Shipped
SO-01260,Bayside Brands,WFX-3011,1000,1168.11,2025-07-12,In Production
SO-01261,Prairie Wholesale Inc,WFX-3042,500,1519.11,2025-09-06,In Production
SO-01262,Prairie Wholesale Inc,WFX-2659,500,1268.57,2026-02-14,Confirmed
SO-01263,Prairie Wholesale Inc,WFX-3134,1500,621.36,2026-06-19,Delivered
SO-01264,Prairie Wholesale Inc,WFX-3086,1500,523.61,2025-06-12,Shipped
SO-01265,Bayside Brands,WFX-2522,3000,1115.21,2025-05-14,Delivered
SO-01266,Alpine Casuals SA,WFX-2878,3000,1519.2,2025-11-14,In Production
SO-01267,Rhine Mode GmbH,WFX-3484,500,1032.8,2025-02-11,Shipped
SO-01268,Outback Outfitters,WFX-3342,1500,2003.11,2026-10-09,Delivered
SO-01269,Thames & Co,WFX-2900,2000,1826.99,2026-01-18,Delivered
SO-01270,Rhine Mode GmbH,WFX-3276,300,1266.59,2025-08-23,In Production
SO-01271,Prairie Wholesale Inc,WFX-3239,2000,986.96,2026-12-01,In Production
SO-01272,Rhine Mode GmbH,WFX-2692,1000,1546.58,2025-01-24,Cancelled
SO-01273,Maple Leaf Fashion,WFX-3185,5000,631.52,2026-02-26,In Production
SO-01274,Rhine Mode GmbH,WFX-3312,1500,929.01,2026-06-28,Shipped
SO-01275,Nordic Retail AB,WFX-3018,1000,2863.06,2026-01-13,Delivered
SO-01276,Gulf Fashion Trading,WFX-2748,800,2919.54,2025-10-10,Delivered
SO-01277,Alpine Casuals SA,WFX-2840,800,2989.58,2026-12-15,Shipped
SO-01278,Prairie Wholesale Inc,WFX-2564,2000,1465.01,2026-12-05,Confirmed
SO-01279,Nordic Retail AB,WFX-3155,1500,758.34,2025-08-10,In Production
SO-01280,Sakura Style KK,WFX-2714,1000,774.75,2025-09-21,Delivered
SO-01281,Sakura Style KK,WFX-3102,500,472.68,2025-08-16,In Production
SO-01282,Thames & Co,WFX-3327,500,1412.46,2026-12-30,Confirmed
SO-01283,Iberia Moda SL,WFX-3115,5000,1154.56,2025-05-07,Delivered
SO-01284,Nordic Retail AB,WFX-3058,1000,562.15,2025-04-04,In Production
SO-01285,Prairie Wholesale Inc,WFX-3147,1000,738.4,2025-05-18,Shipped
SO-01286,Prairie Wholesale Inc,WFX-2915,2000,949.13,2025-02-10,Cancelled
SO-01287,Outback Outfitters,WFX-3404,300,2185.17,2025-03-27,Delivered
SO-01288,Lion City Apparel,WFX-3441,5000,1693.85,2025-12-02,Delivered
SO-01289,Maple Leaf Fashion,WFX-2899,5000,749.21,2026-02-21,Cancelled
SO-01290,Gulf Fashion Trading,WFX-3298,300,1080.71,2025-07-09,Confirmed
SO-01291,Nordic Retail AB,WFX-2714,300,774.75,2025-12-09,Shipped
SO-01292,Outback Outfitters,WFX-3298,500,1080.71,2026-09-04,Shipped
SO-01293,Nordic Retail AB,WFX-3037,1000,658.17,2025-12-08,Delivered
SO-01294,Prairie Wholesale Inc,WFX-2984,5000,810.85,2025-10-18,In Production
SO-01295,Lion City Apparel,WFX-3343,500,981.43,2026-03-02,Cancelled
SO-01296,Nordic Retail AB,WFX-3439,1000,879.68,2026-09-17,In Production
SO-01297,Sakura Style KK,WFX-3312,800,929.01,2025-03-20,Delivered
SO-01298,Lion City Apparel,WFX-2819,500,933.12,2026-06-23,Delivered
SO-01299,Lion City Apparel,WFX-3155,1500,758.34,2025-10-27,Confirmed
SO-01300,Bayside Brands,WFX-2732,3000,1523.77,2025-12-18,Shipped
SO-01301,Nordic Retail AB,WFX-3359,800,2932.14,2026-02-22,Delivered
SO-01302,Thames & Co,WFX-2700,800,733.47,2026-09-14,Delivered
SO-01303,Gulf Fashion Trading,WFX-3117,800,688.41,2026-04-08,Confirmed
SO-01304,Sakura Style KK,WFX-2782,2000,946.47,2025-04-05,Shipped
SO-01305,Nordic Retail AB,WFX-2762,1500,1159.83,2026-07-03,Confirmed
SO-01306,Alpine Casuals SA,WFX-2918,300,872.17,2026-10-08,Delivered
SO-01307,Sakura Style KK,WFX-2522,1000,1115.21,2026-02-09,Shipped
SO-01308,Outback Outfitters,WFX-2939,300,2122.22,2025-04-09,Shipped
SO-01309,Alpine Casuals SA,WFX-2620,800,1330.63,2025-01-19,Shipped
SO-01310,Nordic Retail AB,WFX-3462,1000,1522.53,2025-02-26,Delivered
SO-01311,Bayside Brands,WFX-3033,2000,493.4,2026-09-15,In Production
SO-01312,Nordic Retail AB,WFX-2591,3000,2649.47,2026-04-12,In Production
SO-01313,Sakura Style KK,WFX-2575,1000,1150.13,2025-06-29,Confirmed
SO-01314,Bayside Brands,WFX-3287,1500,782.12,2025-12-31,Delivered
SO-01315,Outback Outfitters,WFX-2554,800,1643.89,2025-04-22,Shipped
SO-01316,Prairie Wholesale Inc,WFX-2998,5000,1479.54,2026-07-29,Shipped
SO-01317,Thames & Co,WFX-3160,1000,1001.75,2025-09-28,Cancelled
SO-01318,Alpine Casuals SA,WFX-2798,300,856.1,2025-11-08,Confirmed
SO-01319,Gulf Fashion Trading,WFX-3418,300,1207.91,2026-04-04,Delivered
SO-01320,Bayside Brands,WFX-3299,2000,1419.14,2026-05-04,In Production
SO-01321,Prairie Wholesale Inc,WFX-3384,800,900.89,2025-08-06,Shipped
SO-01322,Prairie Wholesale Inc,WFX-2740,2000,1366.9,2025-05-08,Shipped
SO-01323,Maple Leaf Fashion,WFX-2555,2000,3263.89,2026-12-12,Shipped
SO-01324,Lion City Apparel,WFX-2519,300,1158.92,2026-08-02,Shipped
SO-01325,Alpine Casuals SA,WFX-3095,500,1661.08,2025-10-20,Delivered
SO-01326,Thames & Co,WFX-3088,300,1647.84,2026-04-09,Delivered
SO-01327,Lion City Apparel,WFX-2762,800,1159.83,2026-09-05,Shipped
SO-01328,Lion City Apparel,WFX-3224,3000,2118.83,2026-08-10,Delivered
SO-01329,Outback Outfitters,WFX-3328,1500,2020.73,2026-10-20,Delivered
SO-01330,Lion City Apparel,WFX-3120,5000,3608.71,2026-06-19,Confirmed
SO-01331,Thames & Co,WFX-2803,2000,1188.88,2026-10-15,Shipped
SO-01332,Lion City Apparel,WFX-3475,1000,634.11,2026-08-02,Confirmed
SO-01333,Rhine Mode GmbH,WFX-2606,300,1236.37,2025-11-14,Delivered
SO-01334,Lion City Apparel,WFX-3084,1000,2001.76,2025-07-14,Cancelled
SO-01335,Thames & Co,WFX-2611,1000,848.87,2025-05-25,In Production
SO-01336,Outback Outfitters,WFX-3295,3000,615.59,2025-02-26,Shipped
SO-01337,Lion City Apparel,WFX-2918,300,872.17,2026-04-30,Cancelled
SO-01338,Outback Outfitters,WFX-2659,500,1268.57,2026-03-04,Shipped
SO-01339,Nordic Retail AB,WFX-3496,5000,1192.24,2025-08-10,In Production
SO-01340,Gulf Fashion Trading,WFX-2817,1000,1277.7,2025-08-14,Shipped
SO-01341,Prairie Wholesale Inc,WFX-2834,2000,999.35,2026-06-17,Delivered
SO-01342,Prairie Wholesale Inc,WFX-2642,300,1601.94,2025-10-19,Delivered
SO-01343,Nordic Retail AB,WFX-3348,2000,1991.76,2026-11-11,Cancelled
SO-01344,Thames & Co,WFX-2621,3000,453.98,2026-07-17,In Production
SO-01345,Thames & Co,WFX-3324,3000,1973.42,2026-01-03,Shipped
SO-01346,Prairie Wholesale Inc,WFX-3058,800,562.15,2025-09-30,Shipped
SO-01347,Gulf Fashion Trading,WFX-2596,3000,2742.92,2025-12-19,Shipped
SO-01348,Prairie Wholesale Inc,WFX-2917,500,2196.83,2025-08-10,Delivered
SO-01349,Gulf Fashion Trading,WFX-2516,5000,1627.25,2025-04-11,Delivered
SO-01350,Prairie Wholesale Inc,WFX-3189,800,1462.0,2026-06-26,Delivered
SO-01351,Lion City Apparel,WFX-2822,2000,1489.24,2025-05-04,Cancelled
SO-01352,Bayside Brands,WFX-2758,1500,917.56,2025-06-02,In Production
SO-01353,Lion City Apparel,WFX-2747,1500,1428.79,2025-10-06,Delivered
SO-01354,Nordic Retail AB,WFX-3142,300,1596.08,2025-06-18,Delivered
SO-01355,Bayside Brands,WFX-2990,300,1047.37,2026-06-11,Confirmed
SO-01356,Lion City Apparel,WFX-2945,3000,1011.55,2026-02-03,Delivered
SO-01357,Nordic Retail AB,WFX-2565,500,4056.51,2026-02-01,Delivered
SO-01358,Bayside Brands,WFX-3016,500,1315.36,2025-07-17,Confirmed
SO-01359,Lion City Apparel,WFX-3334,2000,488.76,2025-01-27,Delivered
SO-01360,Maple Leaf Fashion,WFX-2550,3000,655.43,2026-09-19,Shipped
SO-01361,Rhine Mode GmbH,WFX-3164,500,1178.25,2026-09-14,In Production
SO-01362,Alpine Casuals SA,WFX-2575,2000,1150.13,2026-02-22,Confirmed
SO-01363,Thames & Co,WFX-3293,1000,849.75,2026-03-30,Delivered
SO-01364,Outback Outfitters,WFX-3158,800,1126.01,2026-01-13,Confirmed
SO-01365,Prairie Wholesale Inc,WFX-2726,1500,1594.03,2026-05-23,In Production
SO-01366,Iberia Moda SL,WFX-2952,1500,875.72,2025-03-01,In Production
SO-01367,Iberia Moda SL,WFX-3232,800,991.45,2026-02-26,Delivered
SO-01368,Thames & Co,WFX-3188,800,472.21,2026-07-23,In Production
SO-01369,Maple Leaf Fashion,WFX-3318,5000,807.32,2026-05-01,Delivered
SO-01370,Outback Outfitters,WFX-3445,300,1013.27,2026-08-02,Cancelled
SO-01371,Lion City Apparel,WFX-3217,500,937.42,2025-09-27,Delivered
SO-01372,Outback Outfitters,WFX-2524,1500,1195.75,2025-07-19,Confirmed
SO-01373,Bayside Brands,WFX-2704,5000,1240.8,2025-05-16,In Production
SO-01374,Sakura Style KK,WFX-3478,2000,1738.01,2025-06-25,Delivered
SO-01375,Sakura Style KK,WFX-2708,3000,468.64,2026-07-12,Confirmed
SO-01376,Maple Leaf Fashion,WFX-3450,5000,1923.22,2025-06-18,Confirmed
SO-01377,Maple Leaf Fashion,WFX-3195,500,894.19,2025-01-01,Shipped
SO-01378,Maple Leaf Fashion,WFX-2889,1000,2417.54,2025-09-01,Delivered
SO-01379,Gulf Fashion Trading,WFX-3345,2000,1258.65,2026-05-23,Confirmed
SO-01380,Lion City Apparel,WFX-3060,2000,2670.11,2025-07-14,In Production
SO-01381,Iberia Moda SL,WFX-2724,500,483.66,2026-07-13,Delivered
SO-01382,Rhine Mode GmbH,WFX-2804,1500,1373.57,2025-06-22,Shipped
SO-01383,Lion City Apparel,WFX-3386,2000,1354.09,2026-02-10,Confirmed
SO-01384,Gulf Fashion Trading,WFX-2802,300,2029.58,2025-04-07,Cancelled
SO-01385,Rhine Mode GmbH,WFX-2942,1500,1915.53,2025-08-31,Cancelled
SO-01386,Bayside Brands,WFX-2963,1500,961.45,2026-02-12,Delivered
SO-01387,Gulf Fashion Trading,WFX-2982,500,1087.81,2026-04-20,Delivered
SO-01388,Iberia Moda SL,WFX-3259,800,901.32,2025-03-18,Delivered
SO-01389,Thames & Co,WFX-2515,500,785.99,2026-08-27,Delivered
SO-01390,Thames & Co,WFX-3050,500,1578.01,2025-09-25,Shipped
SO-01391,Outback Outfitters,WFX-3032,800,1811.82,2025-12-15,Shipped
SO-01392,Iberia Moda SL,WFX-3253,5000,1375.36,2026-03-13,In Production
SO-01393,Bayside Brands,WFX-3388,1000,651.27,2026-06-12,Delivered
SO-01394,Gulf Fashion Trading,WFX-2682,2000,1050.19,2025-12-13,Shipped
SO-01395,Lion City Apparel,WFX-2735,5000,1116.88,2025-01-24,Cancelled
SO-01396,Alpine Casuals SA,WFX-3005,3000,915.11,2025-05-02,Shipped
SO-01397,Iberia Moda SL,WFX-2965,300,1148.0,2026-05-24,Shipped
SO-01398,Outback Outfitters,WFX-2742,800,1342.15,2025-01-16,Delivered
SO-01399,Nordic Retail AB,WFX-2874,3000,851.65,2025-03-28,Shipped
SO-01400,Thames & Co,WFX-3175,800,1178.49,2025-12-24,In Production
SO-01401,Prairie Wholesale Inc,WFX-2836,800,1045.95,2026-02-07,Confirmed
SO-01402,Prairie Wholesale Inc,WFX-3196,2000,780.37,2025-12-10,Confirmed
SO-01403,Iberia Moda SL,WFX-3053,500,1427.97,2026-02-19,Delivered
SO-01404,Thames & Co,WFX-3084,500,2001.76,2025-06-28,Shipped
SO-01405,Lion City Apparel,WFX-2575,800,1150.13,2026-02-12,In Production
SO-01406,Iberia Moda SL,WFX-3493,300,1176.47,2026-07-02,Shipped
SO-01407,Prairie Wholesale Inc,WFX-3292,1500,1025.06,2026-10-01,In Production
SO-01408,Gulf Fashion Trading,WFX-3124,1500,913.81,2025-01-17,Delivered
SO-01409,Thames & Co,WFX-3476,800,399.46,2025-02-08,Delivered
SO-01410,Sakura Style KK,WFX-3372,300,3253.4,2026-12-10,Cancelled
SO-01411,Bayside Brands,WFX-3248,3000,1605.24,2026-09-05,Cancelled
SO-01412,Alpine Casuals SA,WFX-3234,1500,844.6,2025-10-26,Shipped
SO-01413,Thames & Co,WFX-3164,1500,1178.25,2025-12-12,Delivered
SO-01414,Alpine Casuals SA,WFX-3367,500,2334.16,2025-10-18,Shipped
SO-01415,Iberia Moda SL,WFX-2856,5000,1027.65,2025-02-06,Cancelled
SO-01416,Prairie Wholesale Inc,WFX-3212,5000,908.08,2025-07-03,Confirmed
SO-01417,Gulf Fashion Trading,WFX-2741,3000,2709.43,2026-05-05,Shipped
SO-01418,Gulf Fashion Trading,WFX-2701,800,823.32,2026-09-23,Confirmed
SO-01419,Rhine Mode GmbH,WFX-2963,3000,961.45,2026-09-21,Delivered
SO-01420,Alpine Casuals SA,WFX-2566,5000,2263.69,2026-06-29,Shipped
SO-01421,Outback Outfitters,WFX-3005,800,915.11,2026-08-12,Delivered
SO-01422,Outback Outfitters,WFX-3438,5000,991.99,2025-06-07,Delivered
SO-01423,Thames & Co,WFX-3358,2000,1862.74,2025-07-20,Shipped
SO-01424,Alpine Casuals SA,WFX-3006,300,849.2,2026-06-29,Delivered
SO-01425,Prairie Wholesale Inc,WFX-2826,300,739.19,2025-07-10,In Production
SO-01426,Prairie Wholesale Inc,WFX-3199,1000,747.41,2026-12-14,In Production
SO-01427,Nordic Retail AB,WFX-2776,2000,669.47,2026-02-04,Delivered
SO-01428,Alpine Casuals SA,WFX-2891,2000,630.51,2026-08-06,Delivered
SO-01429,Nordic Retail AB,WFX-2540,500,1257.89,2026-07-09,In Production
SO-01430,Alpine Casuals SA,WFX-2681,2000,2000.84,2025-10-02,Delivered
SO-01431,Thames & Co,WFX-2758,3000,917.56,2026-02-08,Shipped
SO-01432,Thames & Co,WFX-2701,2000,823.32,2026-09-19,Delivered
SO-01433,Thames & Co,WFX-2802,1000,2029.58,2025-05-17,Shipped
SO-01434,Gulf Fashion Trading,WFX-3200,1500,2184.18,2025-08-16,Delivered
SO-01435,Bayside Brands,WFX-3388,500,651.27,2025-06-18,In Production
SO-01436,Maple Leaf Fashion,WFX-2767,2000,907.86,2025-12-12,In Production
SO-01437,Iberia Moda SL,WFX-3240,800,1937.95,2025-12-18,Delivered
SO-01438,Thames & Co,WFX-2899,800,749.21,2026-08-27,Shipped
SO-01439,Alpine Casuals SA,WFX-2727,1000,1738.77,2026-09-15,In Production
SO-01440,Prairie Wholesale Inc,WFX-3301,2000,819.71,2026-06-01,Confirmed
SO-01441,Gulf Fashion Trading,WFX-2609,3000,1271.52,2025-01-27,In Production
SO-01442,Prairie Wholesale Inc,WFX-3475,5000,634.11,2026-01-31,Shipped
SO-01443,Gulf Fashion Trading,WFX-3473,2000,959.97,2025-11-25,Confirmed
SO-01444,Iberia Moda SL,WFX-3275,1500,524.06,2025-08-18,Delivered
SO-01445,Bayside Brands,WFX-2508,1500,1898.33,2025-05-03,Shipped
SO-01446,Prairie Wholesale Inc,WFX-3399,500,827.83,2025-04-26,Delivered
SO-01447,Iberia Moda SL,WFX-3436,5000,545.28,2025-07-23,In Production
SO-01448,Alpine Casuals SA,WFX-3035,2000,1313.7,2025-10-03,Shipped
SO-01449,Nordic Retail AB,WFX-3313,500,2566.72,2025-08-04,Delivered
SO-01450,Rhine Mode GmbH,WFX-2904,500,737.79,2026-04-10,In Production
SO-01451,Sakura Style KK,WFX-2611,2000,848.87,2025-08-10,In Production
SO-01452,Thames & Co,WFX-3247,2000,1366.22,2025-08-08,Shipped
SO-01453,Outback Outfitters,WFX-3338,5000,463.15,2026-06-22,Delivered
SO-01454,Bayside Brands,WFX-2600,3000,585.8,2025-11-21,Shipped
SO-01455,Nordic Retail AB,WFX-2547,1500,713.66,2025-06-03,Cancelled
SO-01456,Prairie Wholesale Inc,WFX-3214,500,697.38,2025-03-31,In Production
SO-01457,Sakura Style KK,WFX-2537,800,1505.03,2026-09-23,Shipped
SO-01458,Maple Leaf Fashion,WFX-3042,5000,1519.11,2026-09-12,Shipped
SO-01459,Thames & Co,WFX-3251,5000,951.91,2026-01-05,Confirmed
SO-01460,Bayside Brands,WFX-2633,2000,1216.0,2025-05-21,Shipped
SO-01461,Sakura Style KK,WFX-3458,3000,1324.51,2025-11-29,Shipped
SO-01462,Lion City Apparel,WFX-3385,3000,900.57,2026-04-06,Delivered
SO-01463,Iberia Moda SL,WFX-3052,1500,1814.61,2025-06-21,In Production
SO-01464,Iberia Moda SL,WFX-2642,2000,1601.94,2026-11-17,Shipped
SO-01465,Gulf Fashion Trading,WFX-2787,2000,2050.11,2026-03-09,Delivered
SO-01466,Sakura Style KK,WFX-3488,2000,639.38,2026-09-21,Delivered
SO-01467,Thames & Co,WFX-2795,800,975.08,2026-09-22,In Production
SO-01468,Maple Leaf Fashion,WFX-3433,500,896.37,2026-03-15,Delivered
SO-01469,Nordic Retail AB,WFX-2841,800,2000.99,2025-01-07,Delivered
SO-01470,Nordic Retail AB,WFX-3404,300,2185.17,2025-11-11,In Production
SO-01471,Prairie Wholesale Inc,WFX-2882,1000,1015.19,2025-08-26,Shipped
SO-01472,Bayside Brands,WFX-2575,800,1150.13,2025-04-29,Shipped
SO-01473,Sakura Style KK,WFX-3319,2000,2197.48,2025-01-06,Confirmed
SO-01474,Sakura Style KK,WFX-2832,5000,1107.13,2025-07-28,Confirmed
SO-01475,Prairie Wholesale Inc,WFX-3149,3000,834.99,2025-07-06,Shipped
SO-01476,Maple Leaf Fashion,WFX-3199,1500,747.41,2026-06-17,In Production
SO-01477,Lion City Apparel,WFX-3038,3000,840.1,2026-09-27,In Production
SO-01478,Iberia Moda SL,WFX-3234,800,844.6,2026-12-08,Shipped
SO-01479,Bayside Brands,WFX-3460,3000,736.77,2026-10-15,Shipped
SO-01480,Iberia Moda SL,WFX-3308,1500,3028.11,2025-06-03,Shipped
SO-01481,Nordic Retail AB,WFX-3265,800,838.33,2026-06-12,In Production
SO-01482,Alpine Casuals SA,WFX-3257,800,1740.56,2025-10-22,Delivered
SO-01483,Maple Leaf Fashion,WFX-2715,1000,1314.55,2025-06-27,Delivered
SO-01484,Gulf Fashion Trading,WFX-3225,500,1277.89,2025-07-14,Delivered
SO-01485,Maple Leaf Fashion,WFX-3357,800,721.74,2025-05-27,In Production
SO-01486,Prairie Wholesale Inc,WFX-3400,300,761.27,2026-10-02,Shipped
SO-01487,Nordic Retail AB,WFX-2595,3000,1264.01,2025-04-03,Delivered
SO-01488,Bayside Brands,WFX-3033,3000,493.4,2025-06-13,In Production
SO-01489,Alpine Casuals SA,WFX-2709,5000,1201.88,2026-06-30,In Production
SO-01490,Iberia Moda SL,WFX-2670,3000,824.45,2025-03-31,Shipped
SO-01491,Iberia Moda SL,WFX-3182,800,2899.7,2025-12-25,Delivered
SO-01492,Iberia Moda SL,WFX-2992,2000,623.55,2026-01-07,In Production
SO-01493,Prairie Wholesale Inc,WFX-3076,1500,454.98,2026-01-24,Shipped
SO-01494,Lion City Apparel,WFX-2659,300,1268.57,2026-09-26,In Production
SO-01495,Gulf Fashion Trading,WFX-2593,5000,1027.28,2026-11-05,In Production
SO-01496,Bayside Brands,WFX-3068,500,3796.86,2026-07-17,In Production
SO-01497,Thames & Co,WFX-3390,5000,1068.29,2026-10-23,Cancelled
SO-01498,Thames & Co,WFX-2981,500,2584.35,2025-08-09,Shipped
SO-01499,Iberia Moda SL,WFX-2704,1000,1240.8,2026-11-03,Delivered
SO-01500,Thames & Co,WFX-3097,300,1653.34,2025-06-26,In Production
