tech_pack_id,style_number,fabric_details,construction,wash_instructions
TP-WFX-2501,WFX-2501,"Cotton Twill, 211 GSM, Plum, Solid",Twill Weave 3/1,Dry clean only
TP-WFX-2502,WFX-2502,"Chambray, 131 GSM, Grey Melange, Printed",Fleece Brushed,Dry clean only
TP-WFX-2503,WFX-2503,"Denim 12oz, 250 GSM, Grey Melange, Solid",Pique Knit,"Machine wash cold inside out, do not iron print"
TP-WFX-2504,WFX-2504,"Cotton/Spandex 95/5, 226 GSM, Blue, Solid",Pique Knit,"Hand wash only, dry flat in shade"
TP-WFX-2505,WFX-2505,"Denim 14oz, 385 GSM, Charcoal, Solid",Satin Weave,"Machine wash cold inside out, do not iron print"
TP-WFX-2506,WFX-2506,"Polyester Shell, 345 GSM, Charcoal, Solid",Single Jersey,Dry clean only
TP-WFX-2507,WFX-2507,"Rayon Challis, 106 GSM, Brown, Solid",2x2 Rib,"Machine wash cold, tumble dry low, do not bleach"
TP-WFX-2508,WFX-2508,"Nylon Taslan, 258 GSM, Black, Printed",Plain Weave,"Machine wash cold, tumble dry low, do not bleach"
TP-WFX-2509,WFX-2509,"Polyester Pique, 218 GSM, Charcoal, Solid",Fleece Brushed,"Machine wash cold, tumble dry low, do not bleach"
TP-WFX-2510,WFX-2510,"Polyester Pique, 207 GSM, Brown, Solid",Fleece Brushed,"Machine wash cold inside out, do not iron print"
TP-WFX-2511,WFX-2511,"Polyester Crepe, 224 GSM, Indigo, Printed",Interlock,"Hand wash only, dry flat in shade"
TP-WFX-2512,WFX-2512,"Cotton/Polyester Fleece 80/20, 368 GSM, Grey Melange, Printed",Interlock,"Hand wash only, dry flat in shade"
TP-WFX-2513,WFX-2513,"Polyester Shell, 287 GSM, Navy, Solid",Twill Weave 3/1,"Hand wash only, dry flat in shade"
TP-WFX-2514,WFX-2514,"Viscose, 256 GSM, Black, Solid",Pique Knit,"Machine wash warm with like colors, line dry"
TP-WFX-2515,WFX-2515,"100% Cotton, 199 GSM, Sky Blue, Solid",Plain Weave,"Machine wash cold, tumble dry low, do not bleach"
TP-WFX-2516,WFX-2516,"Chambray, 112 GSM, Grey Melange, Printed",Interlock,"Machine wash cold inside out, do not iron print"
TP-WFX-2517,WFX-2517,"French Terry, 267 GSM, Black, Solid",2x2 Rib,"Machine wash cold inside out, do not iron print"
TP-WFX-2518,WFX-2518,"Denim 10oz, 206 GSM, Beige, Solid",Interlock,"Machine wash cold, tumble dry low, do not bleach"
TP-WFX-2519,WFX-2519,"Chino Twill, 244 GSM, Charcoal, Printed",Pique Knit,Dry clean only
TP-WFX-2520,WFX-2520,"Denim 14oz, 442 GSM, Grey Melange, Solid",Plain Weave,Dry clean only
TP-WFX-2521,WFX-2521,"Cotton Twill, 258 GSM, Beige, Printed",French Terry Loopback,"Machine wash cold, tumble dry low, do not bleach"
TP-WFX-2522,WFX-2522,"Oxford Cotton, 143 GSM, Off White, Solid",Fleece Brushed,"Hand wash only, dry flat in shade"
TP-WFX-2523,WFX-2523,"Cotton/Polyester 60/40, 176 GSM, Olive, Solid",Dobby Weave,"Hand wash only, dry flat in shade"
TP-WFX-2524,WFX-2524,"French Terry, 281 GSM, Beige, Solid",Fleece Brushed,"Hand wash only, dry flat in shade"
TP-WFX-2525,WFX-2525,"Polyester Crepe, 205 GSM, Charcoal, Solid",Dobby Weave,"Machine wash cold, tumble dry low, do not bleach"
TP-WFX-2526,WFX-2526,"Poly/Viscose Suiting, 218 GSM, Teal, Solid",Single Jersey,"Machine wash warm with like colors, line dry"
TP-WFX-2527,WFX-2527,"Denim 10oz, 183 GSM, Navy, Solid",Twill Weave 3/1,"Machine wash cold inside out, do not iron print"
TP-WFX-2528,WFX-2528,"Chino Twill, 268 GSM, Grey Melange, Solid",Pique Knit,"Hand wash only, dry flat in shade"
TP-WFX-2529,WFX-2529,"Cotton/Polyester 60/40, 213 GSM, Black, Solid",Fleece Brushed,Dry clean only
TP-WFX-2530,WFX-2530,"Cotton/Spandex 95/5, 222 GSM, Charcoal, Printed",Dobby Weave,"Machine wash cold inside out, do not iron print"
TP-WFX-2531,WFX-2531,"Cotton Twill, 251 GSM, Charcoal, Solid",French Terry Loopback,Dry clean only
TP-WFX-2532,WFX-2532,"Cotton Twill, 209 GSM, Black, Solid",Pique Knit,"Hand wash only, dry flat in shade"
TP-WFX-2533,WFX-2533,"Cotton Canvas, 301 GSM, Charcoal, Solid",Single Jersey,"Machine wash cold gentle cycle, medium iron"
TP-WFX-2534,WFX-2534,"Organic Cotton, 169 GSM, Charcoal, Solid",Fleece Brushed,"Machine wash cold gentle cycle, medium iron"
TP-WFX-2535,WFX-2535,"Cotton Fleece, 298 GSM, Navy, Solid",Pique Knit,"Machine wash cold gentle cycle, medium iron"
TP-WFX-2536,WFX-2536,"Cotton Fleece, 311 GSM, Black, Solid",Pique Knit,"Machine wash warm with like colors, line dry"
TP-WFX-2537,WFX-2537,"French Terry, 367 GSM, Black, Printed",Satin Weave,Dry clean only
TP-WFX-2538,WFX-2538,"Organic Cotton, 141 GSM, Off White, Solid",Plain Weave,"Machine wash cold, tumble dry low, do not bleach"
TP-WFX-2539,WFX-2539,"Linen, 147 GSM, Olive, Solid",Twill Weave 3/1,"Machine wash cold gentle cycle, medium iron"
TP-WFX-2540,WFX-2540,"Cotton/Polyester Fleece 80/20, 389 GSM, Charcoal, Printed",2x2 Rib,"Machine wash cold gentle cycle, medium iron"
TP-WFX-2541,WFX-2541,"Cotton/Linen 70/30, 127 GSM, Charcoal, Printed",Dobby Weave,"Machine wash cold inside out, do not iron print"
TP-WFX-2542,WFX-2542,"Cotton Twill, 277 GSM, Charcoal, Solid",French Terry Loopback,"Machine wash warm with like colors, line dry"
TP-WFX-2543,WFX-2543,"Stretch Denim 98/2, 350 GSM, Black, Solid",French Terry Loopback,"Hand wash only, dry flat in shade"
TP-WFX-2544,WFX-2544,"Cotton Voile, 153 GSM, Pink, Solid",French Terry Loopback,Dry clean only
TP-WFX-2545,WFX-2545,"Polyester Crepe, 137 GSM, Teal, Printed",Plain Weave,"Hand wash only, dry flat in shade"
TP-WFX-2546,WFX-2546,"French Terry, 372 GSM, Off White, Solid",Satin Weave,Dry clean only
TP-WFX-2547,WFX-2547,"Linen, 144 GSM, Off White, Solid",2x2 Rib,"Hand wash only, dry flat in shade"
TP-WFX-2548,WFX-2548,"Chino Twill, 213 GSM, Black, Solid",Interlock,"Hand wash only, dry flat in shade"
TP-WFX-2549,WFX-2549,"Cotton Slub, 178 GSM, Black, Solid",Satin Weave,"Hand wash only, dry flat in shade"
TP-WFX-2550,WFX-2550,"100% Cotton, 170 GSM, Navy, Printed",Interlock,"Machine wash cold gentle cycle, medium iron"
TP-WFX-2551,WFX-2551,"100% Cotton, 202 GSM, Black, Solid",Interlock,"Machine wash cold, tumble dry low, do not bleach"
TP-WFX-2552,WFX-2552,"Cotton Canvas, 280 GSM, Black, Solid",2x2 Rib,"Machine wash cold, tumble dry low, do not bleach"
TP-WFX-2553,WFX-2553,"Cotton/Spandex 95/5, 192 GSM, Charcoal, Solid",Pique Knit,Dry clean only
TP-WFX-2554,WFX-2554,"Polyester Crepe, 171 GSM, Black, Solid",Single Jersey,"Machine wash cold, tumble dry low, do not bleach"
TP-WFX-2555,WFX-2555,"Denim 12oz, 257 GSM, Navy, Printed",Plain Weave,Dry clean only
TP-WFX-2556,WFX-2556,"100% Cotton, 143 GSM, Red, Solid",French Terry Loopback,"Machine wash cold, tumble dry low, do not bleach"
TP-WFX-2557,WFX-2557,"Organic Cotton, 146 GSM, Pink, Solid",Satin Weave,"Machine wash cold gentle cycle, medium iron"
TP-WFX-2558,WFX-2558,"Cotton Voile, 165 GSM, Black, Solid",Fleece Brushed,"Machine wash cold gentle cycle, medium iron"
TP-WFX-2559,WFX-2559,"Nylon Taslan, 235 GSM, Black, Solid",Pique Knit,"Machine wash cold inside out, do not iron print"
TP-WFX-2560,WFX-2560,"Cotton Twill, 255 GSM, Grey Melange, Solid",French Terry Loopback,Dry clean only
TP-WFX-2561,WFX-2561,"Polyester Pique, 213 GSM, Sky Blue, Solid",Fleece Brushed,"Machine wash cold gentle cycle, medium iron"
TP-WFX-2562,WFX-2562,"Nylon Ripstop, 273 GSM, Sky Blue, Solid",Interlock,"Machine wash cold inside out, do not iron print"
TP-WFX-2563,WFX-2563,"Loopback Cotton, 300 GSM, Grey Melange, Solid",Single Jersey,Dry clean only
TP-WFX-2564,WFX-2564,"Viscose, 111 GSM, Coral, Printed",2x2 Rib,"Machine wash cold gentle cycle, medium iron"
TP-WFX-2565,WFX-2565,"Cotton Canvas, 310 GSM, Charcoal, Solid",Single Jersey,"Machine wash cold gentle cycle, medium iron"
TP-WFX-2566,WFX-2566,"Denim 12oz, 246 GSM, Brown, Solid",Satin Weave,"Machine wash cold gentle cycle, medium iron"
TP-WFX-2567,WFX-2567,"Denim 12oz, 249 GSM, Grey Melange, Solid",Fleece Brushed,"Machine wash cold gentle cycle, medium iron"
TP-WFX-2568,WFX-2568,"Oxford Cotton, 127 GSM, Grey Melange, Solid",Twill Weave 3/1,"Machine wash warm with like colors, line dry"
TP-WFX-2569,WFX-2569,"Cotton Fleece, 344 GSM, Black, Solid",Fleece Brushed,"Machine wash cold gentle cycle, medium iron"
TP-WFX-2570,WFX-2570,"Cotton/Spandex 95/5, 209 GSM, Charcoal, Solid",Dobby Weave,"Machine wash cold, tumble dry low, do not bleach"
TP-WFX-2571,WFX-2571,"Cotton Twill, 256 GSM, Sky Blue, Solid",Dobby Weave,"Machine wash cold inside out, do not iron print"
TP-WFX-2572,WFX-2572,"Cotton Canvas, 289 GSM, Black, Printed",Pique Knit,"Machine wash cold gentle cycle, medium iron"
TP-WFX-2573,WFX-2573,"Chambray, 152 GSM, Sky Blue, Solid",Fleece Brushed,"Machine wash warm with like colors, line dry"
TP-WFX-2574,WFX-2574,"Polyester Shell, 255 GSM, Black, Printed",Pique Knit,"Machine wash cold, tumble dry low, do not bleach"
TP-WFX-2575,WFX-2575,"French Terry, 308 GSM, Grey Melange, Solid",Twill Weave 3/1,"Machine wash warm with like colors, line dry"
TP-WFX-2576,WFX-2576,"French Terry, 285 GSM, Black, Solid",Fleece Brushed,"Hand wash only, dry flat in shade"
TP-WFX-2577,WFX-2577,"Chino Twill, 237 GSM, Grey Melange, Solid",Single Jersey,"Machine wash cold inside out, do not iron print"
TP-WFX-2578,WFX-2578,"Nylon Ripstop, 268 GSM, Grey Melange, Solid",French Terry Loopback,"Machine wash cold inside out, do not iron print"
TP-WFX-2579,WFX-2579,"Poly/Viscose Suiting, 243 GSM, Charcoal, Solid",Pique Knit,"Hand wash only, dry flat in shade"
TP-WFX-2580,WFX-2580,"Cotton/Spandex 95/5, 226 GSM, Sky Blue, Solid",Interlock,"Hand wash only, dry flat in shade"
TP-WFX-2581,WFX-2581,"Cotton/Polyester 60/40, 162 GSM, Off White, Solid",2x2 Rib,Dry clean only
TP-WFX-2582,WFX-2582,"French Terry, 377 GSM, Red, Solid",Interlock,"Hand wash only, dry flat in shade"
TP-WFX-2583,WFX-2583,"Cotton Slub, 148 GSM, Maroon, Solid",Plain Weave,"Machine wash cold inside out, do not iron print"
TP-WFX-2584,WFX-2584,"Cotton/Spandex 95/5, 209 GSM, Teal, Solid",Plain Weave,"Hand wash only, dry flat in shade"
TP-WFX-2585,WFX-2585,"Linen, 170 GSM, Indigo, Solid",2x2 Rib,"Machine wash cold, tumble dry low, do not bleach"
TP-WFX-2586,WFX-2586,"Polyester Pique, 189 GSM, Navy, Solid",Dobby Weave,"Machine wash cold inside out, do not iron print"
TP-WFX-2587,WFX-2587,"Oxford Cotton, 155 GSM, Beige, Solid",2x2 Rib,"Hand wash only, dry flat in shade"
TP-WFX-2588,WFX-2588,"Organic Cotton, 189 GSM, Navy, Solid",Fleece Brushed,"Machine wash cold, tumble dry low, do not bleach"
TP-WFX-2589,WFX-2589,"100% Cotton, 211 GSM, Mustard, Solid",French Terry Loopback,Dry clean only
TP-WFX-2590,WFX-2590,"Chambray, 152 GSM, Off White, Solid",French Terry Loopback,"Machine wash cold, tumble dry low, do not bleach"
TP-WFX-2591,WFX-2591,"Denim 12oz, 363 GSM, Black, Solid",Twill Weave 3/1,"Machine wash cold, tumble dry low, do not bleach"
TP-WFX-2592,WFX-2592,"Cotton Twill, 186 GSM, Olive, Printed",Dobby Weave,"Machine wash cold inside out, do not iron print"
TP-WFX-2593,WFX-2593,"Viscose, 149 GSM, Grey Melange, Solid",Twill Weave 3/1,"Hand wash only, dry flat in shade"
TP-WFX-2594,WFX-2594,"French Terry, 328 GSM, Black, Solid",Twill Weave 3/1,"Machine wash cold, tumble dry low, do not bleach"
TP-WFX-2595,WFX-2595,"Loopback Cotton, 306 GSM, Sky Blue, Solid",Single Jersey,"Hand wash only, dry flat in shade"
TP-WFX-2596,WFX-2596,"Denim 12oz, 419 GSM, Charcoal, Solid",Pique Knit,"Machine wash cold inside out, do not iron print"
TP-WFX-2597,WFX-2597,"Cotton/Spandex 95/5, 212 GSM, Off White, Solid",Twill Weave 3/1,"Machine wash cold, tumble dry low, do not bleach"
TP-WFX-2598,WFX-2598,"Denim 14oz, 435 GSM, Charcoal, Printed",Interlock,"Machine wash cold inside out, do not iron print"
TP-WFX-2599,WFX-2599,"Cotton/Spandex 95/5, 208 GSM, Beige, Solid",French Terry Loopback,"Machine wash warm with like colors, line dry"
TP-WFX-2600,WFX-2600,"Cotton Pique, 206 GSM, Lavender, Solid",Interlock,Dry clean only
TP-WFX-2601,WFX-2601,"100% Cotton, 180 GSM, Red, Solid",Fleece Brushed,"Machine wash warm with like colors, line dry"
TP-WFX-2602,WFX-2602,"Cotton/Polyester Fleece 80/20, 397 GSM, Charcoal, Solid",Satin Weave,"Machine wash cold, tumble dry low, do not bleach"
TP-WFX-2603,WFX-2603,"Cotton Fleece, 282 GSM, Charcoal, Solid",French Terry Loopback,"Machine wash cold, tumble dry low, do not bleach"
TP-WFX-2604,WFX-2604,"Polyester Shell, 297 GSM, Grey Melange, Solid",Pique Knit,"Machine wash cold gentle cycle, medium iron"
TP-WFX-2605,WFX-2605,"Cotton/Linen 70/30, 148 GSM, Blue, Solid",Plain Weave,"Machine wash warm with like colors, line dry"
TP-WFX-2606,WFX-2606,"French Terry, 338 GSM, Black, Solid",French Terry Loopback,"Machine wash cold inside out, do not iron print"
TP-WFX-2607,WFX-2607,"100% Cotton, 189 GSM, Teal, Solid",Twill Weave 3/1,"Hand wash only, dry flat in shade"
TP-WFX-2608,WFX-2608,"Denim 12oz, 428 GSM, Navy, Solid",Twill Weave 3/1,"Machine wash cold inside out, do not iron print"
TP-WFX-2609,WFX-2609,"Cotton Voile, 169 GSM, Blue, Solid",Pique Knit,Dry clean only
TP-WFX-2610,WFX-2610,"Cotton Twill, 251 GSM, Pink, Solid",Plain Weave,"Machine wash cold, tumble dry low, do not bleach"
TP-WFX-2611,WFX-2611,"Polyester Crepe, 259 GSM, Charcoal, Solid",French Terry Loopback,"Machine wash cold gentle cycle, medium iron"
TP-WFX-2612,WFX-2612,"Organic Cotton, 185 GSM, Black, Solid",French Terry Loopback,"Machine wash warm with like colors, line dry"
TP-WFX-2613,WFX-2613,"Chino Twill, 251 GSM, Black, Solid",Pique Knit,"Hand wash only, dry flat in shade"
TP-WFX-2614,WFX-2614,"Cotton/Spandex 95/5, 239 GSM, Red, Solid",Satin Weave,"Machine wash cold, tumble dry low, do not bleach"
TP-WFX-2615,WFX-2615,"Cotton Fleece, 283 GSM, Black, Solid",Twill Weave 3/1,"Machine wash cold gentle cycle, medium iron"
TP-WFX-2616,WFX-2616,"Cotton Canvas, 262 GSM, Off White, Solid",2x2 Rib,"Machine wash cold, tumble dry low, do not bleach"
TP-WFX-2617,WFX-2617,"Cotton Poplin, 114 GSM, Grey Melange, Printed",2x2 Rib,"Hand wash only, dry flat in shade"
TP-WFX-2618,WFX-2618,"Chambray, 153 GSM, Green, Solid",Single Jersey,"Machine wash warm with like colors, line dry"
TP-WFX-2619,WFX-2619,"100% Cotton, 217 GSM, Grey Melange, Solid",Satin Weave,"Machine wash cold inside out, do not iron print"
TP-WFX-2620,WFX-2620,"Cotton Fleece, 306 GSM, Red, Solid",Twill Weave 3/1,"Machine wash cold, tumble dry low, do not bleach"
TP-WFX-2621,WFX-2621,"Cotton Slub, 211 GSM, Pink, Solid",Pique Knit,"Machine wash cold gentle cycle, medium iron"
TP-WFX-2622,WFX-2622,"Cotton Fleece, 295 GSM, Black, Solid",2x2 Rib,"Machine wash cold inside out, do not iron print"
TP-WFX-2623,WFX-2623,"Cotton Fleece, 304 GSM, Forest Green, Solid",Plain Weave,"Machine wash cold, tumble dry low, do not bleach"
TP-WFX-2624,WFX-2624,"Poly/Viscose Suiting, 228 GSM, Indigo, Solid",Satin Weave,"Machine wash cold inside out, do not iron print"
TP-WFX-2625,WFX-2625,"Cotton Fleece, 333 GSM, Grey Melange, Solid",Fleece Brushed,"Machine wash cold inside out, do not iron print"
TP-WFX-2626,WFX-2626,"Polyester Crepe, 161 GSM, Charcoal, Solid",Pique Knit,"Hand wash only, dry flat in shade"
TP-WFX-2627,WFX-2627,"Denim 14oz, 459 GSM, Black, Solid",Satin Weave,Dry clean only
TP-WFX-2628,WFX-2628,"Chino Twill, 264 GSM, Off White, Solid",Satin Weave,"Machine wash warm with like colors, line dry"
TP-WFX-2629,WFX-2629,"French Terry, 301 GSM, Red, Solid",Interlock,"Machine wash cold, tumble dry low, do not bleach"
TP-WFX-2630,WFX-2630,"Organic Cotton, 156 GSM, Orange, Solid",Single Jersey,"Machine wash warm with like colors, line dry"
TP-WFX-2631,WFX-2631,"Stretch Denim 98/2, 426 GSM, Grey Melange, Solid",Pique Knit,"Hand wash only, dry flat in shade"
TP-WFX-2632,WFX-2632,"French Terry, 333 GSM, Navy, Solid",Fleece Brushed,"Machine wash cold, tumble dry low, do not bleach"
TP-WFX-2633,WFX-2633,"Viscose, 243 GSM, Grey Melange, Printed",2x2 Rib,"Machine wash cold, tumble dry low, do not bleach"
TP-WFX-2634,WFX-2634,"Denim 14oz, 458 GSM, Charcoal, Solid",Twill Weave 3/1,"Machine wash cold inside out, do not iron print"
TP-WFX-2635,WFX-2635,"Cotton Fleece, 377 GSM, Charcoal, Solid",Dobby Weave,"Machine wash cold gentle cycle, medium iron"
TP-WFX-2636,WFX-2636,"Cotton/Spandex 95/5, 195 GSM, Teal, Solid",Single Jersey,"Machine wash cold inside out, do not iron print"
TP-WFX-2637,WFX-2637,"Linen, 146 GSM, Charcoal, Printed",French Terry Loopback,"Hand wash only, dry flat in shade"
TP-WFX-2638,WFX-2638,"Loopback Cotton, 262 GSM, Grey Melange, Solid",Plain Weave,"Machine wash cold inside out, do not iron print"
TP-WFX-2639,WFX-2639,"Cotton Poplin, 128 GSM, Beige, Solid",Interlock,"Machine wash cold inside out, do not iron print"
TP-WFX-2640,WFX-2640,"Cotton Fleece, 335 GSM, Blush Pink, Solid",2x2 Rib,Dry clean only
TP-WFX-2641,WFX-2641,"Stretch Denim 98/2, 389 GSM, Sky Blue, Solid",Pique Knit,"Machine wash cold gentle cycle, medium iron"
TP-WFX-2642,WFX-2642,"Cotton Fleece, 292 GSM, Beige, Solid",Fleece Brushed,"Machine wash warm with like colors, line dry"
TP-WFX-2643,WFX-2643,"Linen, 165 GSM, Charcoal, Solid",2x2 Rib,"Hand wash only, dry flat in shade"
TP-WFX-2644,WFX-2644,"Cotton Fleece, 357 GSM, Forest Green, Printed",Interlock,"Hand wash only, dry flat in shade"
TP-WFX-2645,WFX-2645,"Cotton Fleece, 303 GSM, Brown, Solid",2x2 Rib,"Machine wash cold gentle cycle, medium iron"
TP-WFX-2646,WFX-2646,"Cotton Voile, 142 GSM, Plum, Printed",Satin Weave,"Machine wash warm with like colors, line dry"
TP-WFX-2647,WFX-2647,"Polyester Pique, 230 GSM, Brown, Solid",French Terry Loopback,"Machine wash cold gentle cycle, medium iron"
TP-WFX-2648,WFX-2648,"Cotton Canvas, 257 GSM, Grey Melange, Printed",Interlock,"Machine wash cold gentle cycle, medium iron"
TP-WFX-2649,WFX-2649,"Loopback Cotton, 300 GSM, Grey Melange, Printed",Fleece Brushed,Dry clean only
TP-WFX-2650,WFX-2650,"French Terry, 306 GSM, Plum, Solid",Pique Knit,"Machine wash warm with like colors, line dry"
TP-WFX-2651,WFX-2651,"Denim 10oz, 256 GSM, Grey Melange, Solid",Dobby Weave,"Machine wash cold gentle cycle, medium iron"
TP-WFX-2652,WFX-2652,"French Terry, 295 GSM, Black, Solid",Pique Knit,"Machine wash warm with like colors, line dry"
TP-WFX-2653,WFX-2653,"Cotton/Spandex 95/5, 202 GSM, Grey Melange, Solid",Interlock,"Machine wash warm with like colors, line dry"
TP-WFX-2654,WFX-2654,"Cotton Slub, 184 GSM, Sky Blue, Solid",Satin Weave,"Machine wash cold, tumble dry low, do not bleach"
TP-WFX-2655,WFX-2655,"Cotton/Polyester Fleece 80/20, 363 GSM, Black, Printed",Plain Weave,"Machine wash warm with like colors, line dry"
TP-WFX-2656,WFX-2656,"Cotton Twill, 218 GSM, Black, Solid",Pique Knit,"Machine wash cold inside out, do not iron print"
TP-WFX-2657,WFX-2657,"Cotton Twill, 192 GSM, Black, Solid",Single Jersey,Dry clean only
TP-WFX-2658,WFX-2658,"Cotton Fleece, 320 GSM, Grey Melange, Solid",2x2 Rib,"Machine wash cold, tumble dry low, do not bleach"
TP-WFX-2659,WFX-2659,"Chambray, 124 GSM, Brown, Solid",Single Jersey,"Machine wash cold inside out, do not iron print"
TP-WFX-2660,WFX-2660,"Loopback Cotton, 360 GSM, Grey Melange, Printed",Satin Weave,Dry clean only
TP-WFX-2661,WFX-2661,"Linen, 128 GSM, Grey Melange, Solid",Plain Weave,"Machine wash cold gentle cycle, medium iron"
TP-WFX-2662,WFX-2662,"Cotton Fleece, 383 GSM, Off White, Solid",2x2 Rib,"Machine wash warm with like colors, line dry"
TP-WFX-2663,WFX-2663,"Polyester Pique, 201 GSM, Charcoal, Printed",Twill Weave 3/1,"Machine wash cold inside out, do not iron print"
TP-WFX-2664,WFX-2664,"100% Cotton, 191 GSM, Grey Melange, Solid",French Terry Loopback,"Machine wash cold, tumble dry low, do not bleach"
TP-WFX-2665,WFX-2665,"Denim 12oz, 318 GSM, Charcoal, Solid",Fleece Brushed,"Machine wash cold inside out, do not iron print"
TP-WFX-2666,WFX-2666,"Polyester Shell, 235 GSM, Brown, Solid",Single Jersey,"Hand wash only, dry flat in shade"
TP-WFX-2667,WFX-2667,"Nylon Ripstop, 238 GSM, Grey Melange, Solid",Interlock,"Hand wash only, dry flat in shade"
TP-WFX-2668,WFX-2668,"Linen, 160 GSM, Blush Pink, Solid",Twill Weave 3/1,"Hand wash only, dry flat in shade"
TP-WFX-2669,WFX-2669,"Cotton Poplin, 146 GSM, Sky Blue, Solid",Twill Weave 3/1,"Machine wash cold gentle cycle, medium iron"
TP-WFX-2670,WFX-2670,"Cotton Fleece, 316 GSM, Charcoal, Solid",Satin Weave,"Machine wash warm with like colors, line dry"
TP-WFX-2671,WFX-2671,"Loopback Cotton, 276 GSM, Beige, Solid",Twill Weave 3/1,"Machine wash cold, tumble dry low, do not bleach"
TP-WFX-2672,WFX-2672,"Cotton Canvas, 285 GSM, Sky Blue, Solid",Pique Knit,"Machine wash cold, tumble dry low, do not bleach"
TP-WFX-2673,WFX-2673,"Viscose, 169 GSM, Indigo, Solid",Single Jersey,"Machine wash cold, tumble dry low, do not bleach"
TP-WFX-2674,WFX-2674,"Polyester Shell, 254 GSM, Charcoal, Solid",Twill Weave 3/1,"Machine wash warm with like colors, line dry"
TP-WFX-2675,WFX-2675,"Nylon Ripstop, 208 GSM, Charcoal, Printed",Plain Weave,"Machine wash cold inside out, do not iron print"
TP-WFX-2676,WFX-2676,"Cotton Slub, 207 GSM, Grey Melange, Solid",Plain Weave,Dry clean only
TP-WFX-2677,WFX-2677,"French Terry, 208 GSM, Black, Solid",Interlock,"Machine wash cold inside out, do not iron print"
TP-WFX-2678,WFX-2678,"Poly/Viscose Suiting, 297 GSM, Charcoal, Solid",Pique Knit,"Hand wash only, dry flat in shade"
TP-WFX-2679,WFX-2679,"Viscose, 112 GSM, Black, Solid",French Terry Loopback,"Hand wash only, dry flat in shade"
TP-WFX-2680,WFX-2680,"Cotton/Spandex 95/5, 208 GSM, Charcoal, Solid",Twill Weave 3/1,"Hand wash only, dry flat in shade"
TP-WFX-2681,WFX-2681,"Linen, 176 GSM, Charcoal, Solid",Interlock,"Machine wash cold, tumble dry low, do not bleach"
TP-WFX-2682,WFX-2682,"Cotton Voile, 135 GSM, Red, Solid",Single Jersey,"Machine wash cold gentle cycle, medium iron"
TP-WFX-2683,WFX-2683,"Nylon Ripstop, 280 GSM, Grey Melange, Solid",Fleece Brushed,"Machine wash warm with like colors, line dry"
TP-WFX-2684,WFX-2684,"Polyester Crepe, 188 GSM, Black, Solid",Twill Weave 3/1,"Hand wash only, dry flat in shade"
TP-WFX-2685,WFX-2685,"Cotton Twill, 231 GSM, Maroon, Solid",Twill Weave 3/1,"Machine wash cold gentle cycle, medium iron"
TP-WFX-2686,WFX-2686,"French Terry, 302 GSM, Black, Solid",Dobby Weave,Dry clean only
TP-WFX-2687,WFX-2687,"Nylon Ripstop, 246 GSM, Charcoal, Solid",Dobby Weave,"Hand wash only, dry flat in shade"
TP-WFX-2688,WFX-2688,"Organic Cotton, 178 GSM, Charcoal, Printed",2x2 Rib,"Machine wash cold gentle cycle, medium iron"
TP-WFX-2689,WFX-2689,"Polyester Pique, 218 GSM, Olive, Solid",Plain Weave,"Machine wash warm with like colors, line dry"
TP-WFX-2690,WFX-2690,"Cotton/Linen 70/30, 144 GSM, Navy, Solid",Dobby Weave,"Machine wash cold inside out, do not iron print"
TP-WFX-2691,WFX-2691,"Cotton Slub, 180 GSM, Grey Melange, Solid",Interlock,"Machine wash cold, tumble dry low, do not bleach"
TP-WFX-2692,WFX-2692,"Linen, 145 GSM, Charcoal, Solid",Pique Knit,"Machine wash cold gentle cycle, medium iron"
TP-WFX-2693,WFX-2693,"Rayon Challis, 148 GSM, Forest Green, Solid",Dobby Weave,"Machine wash cold, tumble dry low, do not bleach"
TP-WFX-2694,WFX-2694,"Denim 10oz, 198 GSM, Maroon, Printed",Single Jersey,Dry clean only
TP-WFX-2695,WFX-2695,"Linen, 104 GSM, Charcoal, Solid",2x2 Rib,"Machine wash warm with like colors, line dry"
TP-WFX-2696,WFX-2696,"Stretch Denim 98/2, 399 GSM, Grey Melange, Solid",French Terry Loopback,"Machine wash cold, tumble dry low, do not bleach"
TP-WFX-2697,WFX-2697,"Denim 10oz, 224 GSM, Black, Solid",Interlock,Dry clean only
TP-WFX-2698,WFX-2698,"French Terry, 196 GSM, Black, Solid",Dobby Weave,"Hand wash only, dry flat in shade"
TP-WFX-2699,WFX-2699,"French Terry, 299 GSM, Off White, Printed",Plain Weave,"Machine wash cold gentle cycle, medium iron"
TP-WFX-2700,WFX-2700,"Nylon Ripstop, 211 GSM, Grey Melange, Solid",French Terry Loopback,"Machine wash warm with like colors, line dry"
TP-WFX-2701,WFX-2701,"Cotton Pique, 205 GSM, Navy, Solid",Fleece Brushed,"Machine wash cold gentle cycle, medium iron"
TP-WFX-2702,WFX-2702,"Cotton/Polyester Fleece 80/20, 388 GSM, Beige, Printed",Pique Knit,"Machine wash cold, tumble dry low, do not bleach"
TP-WFX-2703,WFX-2703,"French Terry, 393 GSM, Off White, Solid",Pique Knit,"Machine wash warm with like colors, line dry"
TP-WFX-2704,WFX-2704,"Cotton/Spandex 95/5, 181 GSM, White, Solid",Satin Weave,Dry clean only
TP-WFX-2705,WFX-2705,"Cotton Fleece, 290 GSM, Teal, Solid",Plain Weave,Dry clean only
TP-WFX-2706,WFX-2706,"Cotton Twill, 288 GSM, Charcoal, Solid",Twill Weave 3/1,"Hand wash only, dry flat in shade"
TP-WFX-2707,WFX-2707,"Cotton Poplin, 131 GSM, Sky Blue, Printed",French Terry Loopback,"Machine wash cold gentle cycle, medium iron"
TP-WFX-2708,WFX-2708,"Cotton Slub, 202 GSM, Charcoal, Solid",Interlock,"Machine wash cold inside out, do not iron print"
TP-WFX-2709,WFX-2709,"Polyester Pique, 198 GSM, Pink, Solid",Interlock,"Machine wash cold inside out, do not iron print"
TP-WFX-2710,WFX-2710,"Cotton Fleece, 309 GSM, Grey Melange, Solid",Satin Weave,Dry clean only
TP-WFX-2711,WFX-2711,"Cotton Twill, 156 GSM, Brown, Solid",Fleece Brushed,"Machine wash cold, tumble dry low, do not bleach"
TP-WFX-2712,WFX-2712,"Cotton Poplin, 132 GSM, Charcoal, Printed",Pique Knit,Dry clean only
TP-WFX-2713,WFX-2713,"Denim 12oz, 402 GSM, Indigo, Printed",Plain Weave,"Machine wash cold gentle cycle, medium iron"
TP-WFX-2714,WFX-2714,"Cotton Voile, 163 GSM, Red, Solid",Pique Knit,"Hand wash only, dry flat in shade"
TP-WFX-2715,WFX-2715,"Cotton/Spandex 95/5, 196 GSM, Navy, Solid",Single Jersey,Dry clean only
TP-WFX-2716,WFX-2716,"Denim 14oz, 341 GSM, Black, Solid",Single Jersey,"Machine wash cold gentle cycle, medium iron"
TP-WFX-2717,WFX-2717,"Cotton/Linen 70/30, 151 GSM, Pink, Printed",2x2 Rib,"Machine wash cold gentle cycle, medium iron"
TP-WFX-2718,WFX-2718,"Polyester Shell, 321 GSM, Charcoal, Solid",Satin Weave,"Machine wash cold inside out, do not iron print"
TP-WFX-2719,WFX-2719,"Denim 10oz, 175 GSM, Maroon, Solid",Fleece Brushed,Dry clean only
TP-WFX-2720,WFX-2720,"Denim 10oz, 260 GSM, Charcoal, Solid",Interlock,"Machine wash warm with like colors, line dry"
TP-WFX-2721,WFX-2721,"Denim 12oz, 417 GSM, Grey Melange, Printed",French Terry Loopback,Dry clean only
TP-WFX-2722,WFX-2722,"Polyester Pique, 210 GSM, Charcoal, Solid",Satin Weave,Dry clean only
TP-WFX-2723,WFX-2723,"Cotton Pique, 229 GSM, Grey Melange, Solid",Satin Weave,"Machine wash cold inside out, do not iron print"
TP-WFX-2724,WFX-2724,"Cotton/Spandex 95/5, 186 GSM, Navy, Solid",Dobby Weave,"Hand wash only, dry flat in shade"
TP-WFX-2725,WFX-2725,"Nylon Ripstop, 219 GSM, Charcoal, Solid",2x2 Rib,"Machine wash warm with like colors, line dry"
TP-WFX-2726,WFX-2726,"Viscose, 137 GSM, Pink, Solid",Single Jersey,"Machine wash warm with like colors, line dry"
TP-WFX-2727,WFX-2727,"Cotton Voile, 158 GSM, Grey Melange, Printed",Dobby Weave,"Machine wash warm with like colors, line dry"
TP-WFX-2728,WFX-2728,"Nylon Ripstop, 168 GSM, Navy, Solid",Dobby Weave,"Machine wash cold gentle cycle, medium iron"
TP-WFX-2729,WFX-2729,"Denim 12oz, 402 GSM, Charcoal, Solid",Single Jersey,Dry clean only
TP-WFX-2730,WFX-2730,"Cotton/Linen 70/30, 150 GSM, Grey Melange, Solid",French Terry Loopback,Dry clean only
TP-WFX-2731,WFX-2731,"French Terry, 334 GSM, Charcoal, Solid",Fleece Brushed,"Hand wash only, dry flat in shade"
TP-WFX-2732,WFX-2732,"Denim 12oz, 303 GSM, Charcoal, Solid",Plain Weave,"Machine wash warm with like colors, line dry"
TP-WFX-2733,WFX-2733,"Cotton Twill, 184 GSM, Off White, Printed",Plain Weave,"Machine wash cold gentle cycle, medium iron"
TP-WFX-2734,WFX-2734,"Linen, 117 GSM, Charcoal, Solid",Plain Weave,Dry clean only
TP-WFX-2735,WFX-2735,"Chambray, 118 GSM, Grey Melange, Printed",Interlock,"Machine wash warm with like colors, line dry"
TP-WFX-2736,WFX-2736,"Cotton/Spandex 95/5, 188 GSM, Black, Solid",2x2 Rib,"Machine wash cold, tumble dry low, do not bleach"
TP-WFX-2737,WFX-2737,"Cotton Twill, 184 GSM, Black, Solid",Fleece Brushed,"Machine wash warm with like colors, line dry"
TP-WFX-2738,WFX-2738,"Cotton/Spandex 95/5, 225 GSM, Pink, Solid",Plain Weave,"Machine wash cold, tumble dry low, do not bleach"
TP-WFX-2739,WFX-2739,"Nylon Taslan, 290 GSM, Black, Solid",Pique Knit,"Hand wash only, dry flat in shade"
TP-WFX-2740,WFX-2740,"Polyester Crepe, 239 GSM, Black, Solid",Pique Knit,"Hand wash only, dry flat in shade"
TP-WFX-2741,WFX-2741,"Nylon Taslan, 283 GSM, Forest Green, Solid",Single Jersey,"Machine wash cold gentle cycle, medium iron"
TP-WFX-2742,WFX-2742,"French Terry, 359 GSM, Navy, Solid",2x2 Rib,"Machine wash warm with like colors, line dry"
TP-WFX-2743,WFX-2743,"Cotton/Polyester 60/40, 166 GSM, Beige, Solid",Fleece Brushed,"Machine wash cold, tumble dry low, do not bleach"
TP-WFX-2744,WFX-2744,"Denim 12oz, 294 GSM, Navy, Solid",Single Jersey,"Machine wash cold gentle cycle, medium iron"
TP-WFX-2745,WFX-2745,"100% Cotton, 175 GSM, Charcoal, Solid",Twill Weave 3/1,"Machine wash cold gentle cycle, medium iron"
TP-WFX-2746,WFX-2746,"Polyester Pique, 205 GSM, Maroon, Printed",Dobby Weave,"Hand wash only, dry flat in shade"
TP-WFX-2747,WFX-2747,"Viscose, 111 GSM, Charcoal, Solid",Twill Weave 3/1,"Machine wash cold, tumble dry low, do not bleach"
TP-WFX-2748,WFX-2748,"Nylon Taslan, 243 GSM, Grey Melange, Solid",Fleece Brushed,"Hand wash only, dry flat in shade"
TP-WFX-2749,WFX-2749,"Polyester Shell, 329 GSM, Charcoal, Solid",Pique Knit,"Machine wash cold inside out, do not iron print"
TP-WFX-2750,WFX-2750,"Denim 14oz, 427 GSM, Charcoal, Solid",Dobby Weave,"Hand wash only, dry flat in shade"
TP-WFX-2751,WFX-2751,"Cotton Twill, 216 GSM, Blue, Solid",Twill Weave 3/1,"Machine wash cold, tumble dry low, do not bleach"
TP-WFX-2752,WFX-2752,"Nylon Ripstop, 171 GSM, Grey Melange, Solid",Single Jersey,"Hand wash only, dry flat in shade"
TP-WFX-2753,WFX-2753,"Cotton Voile, 129 GSM, Brown, Solid",2x2 Rib,"Machine wash cold gentle cycle, medium iron"
TP-WFX-2754,WFX-2754,"Cotton Fleece, 355 GSM, Grey Melange, Solid",Plain Weave,"Machine wash warm with like colors, line dry"
TP-WFX-2755,WFX-2755,"Polyester Pique, 188 GSM, Black, Solid",Plain Weave,"Machine wash cold, tumble dry low, do not bleach"
TP-WFX-2756,WFX-2756,"Polyester Crepe, 252 GSM, Black, Solid",Fleece Brushed,"Machine wash cold gentle cycle, medium iron"
TP-WFX-2757,WFX-2757,"Polyester Pique, 221 GSM, Grey Melange, Solid",Dobby Weave,"Machine wash cold, tumble dry low, do not bleach"
TP-WFX-2758,WFX-2758,"Cotton Pique, 185 GSM, Grey Melange, Solid",Satin Weave,"Machine wash cold gentle cycle, medium iron"
TP-WFX-2759,WFX-2759,"Cotton Voile, 117 GSM, Black, Printed",Plain Weave,"Machine wash cold gentle cycle, medium iron"
TP-WFX-2760,WFX-2760,"Cotton Pique, 213 GSM, Off White, Printed",Dobby Weave,Dry clean only
TP-WFX-2761,WFX-2761,"Cotton/Spandex 95/5, 187 GSM, Brown, Solid",2x2 Rib,"Machine wash cold inside out, do not iron print"
TP-WFX-2762,WFX-2762,"Cotton Twill, 209 GSM, Red, Printed",2x2 Rib,"Hand wash only, dry flat in shade"
TP-WFX-2763,WFX-2763,"French Terry, 335 GSM, Black, Solid",Plain Weave,"Machine wash warm with like colors, line dry"
TP-WFX-2764,WFX-2764,"Loopback Cotton, 349 GSM, Charcoal, Printed",Dobby Weave,"Machine wash cold gentle cycle, medium iron"
TP-WFX-2765,WFX-2765,"Cotton/Polyester Fleece 80/20, 290 GSM, Charcoal, Solid",Satin Weave,"Machine wash warm with like colors, line dry"
TP-WFX-2766,WFX-2766,"Loopback Cotton, 349 GSM, Brown, Solid",French Terry Loopback,"Machine wash warm with like colors, line dry"
TP-WFX-2767,WFX-2767,"Cotton Poplin, 139 GSM, Grey Melange, Solid",Satin Weave,"Hand wash only, dry flat in shade"
TP-WFX-2768,WFX-2768,"French Terry, 297 GSM, Blush Pink, Solid",Pique Knit,"Machine wash cold inside out, do not iron print"
TP-WFX-2769,WFX-2769,"French Terry, 355 GSM, Charcoal, Solid",Interlock,"Machine wash cold inside out, do not iron print"
TP-WFX-2770,WFX-2770,"Cotton Fleece, 268 GSM, Black, Solid",Pique Knit,"Machine wash cold inside out, do not iron print"
TP-WFX-2771,WFX-2771,"Viscose, 163 GSM, White, Printed",Pique Knit,"Machine wash warm with like colors, line dry"
TP-WFX-2772,WFX-2772,"100% Cotton, 145 GSM, Beige, Solid",2x2 Rib,Dry clean only
TP-WFX-2773,WFX-2773,"Viscose, 259 GSM, Grey Melange, Solid",French Terry Loopback,"Machine wash cold gentle cycle, medium iron"
TP-WFX-2774,WFX-2774,"Polyester Shell, 326 GSM, Navy, Solid",Pique Knit,"Machine wash cold gentle cycle, medium iron"
TP-WFX-2775,WFX-2775,"Cotton Twill, 188 GSM, Charcoal, Solid",Plain Weave,"Machine wash cold, tumble dry low, do not bleach"
TP-WFX-2776,WFX-2776,"Nylon Ripstop, 171 GSM, Black, Printed",Plain Weave,"Machine wash warm with like colors, line dry"
TP-WFX-2777,WFX-2777,"Cotton/Spandex 95/5, 217 GSM, Charcoal, Solid",Pique Knit,"Machine wash cold inside out, do not iron print"
TP-WFX-2778,WFX-2778,"Nylon Ripstop, 163 GSM, Charcoal, Solid",Dobby Weave,"Machine wash warm with like colors, line dry"
TP-WFX-2779,WFX-2779,"Denim 12oz, 246 GSM, Black, Solid",Interlock,"Machine wash warm with like colors, line dry"
TP-WFX-2780,WFX-2780,"Cotton Poplin, 112 GSM, Grey Melange, Solid",Interlock,"Machine wash cold inside out, do not iron print"
TP-WFX-2781,WFX-2781,"Poly/Viscose Suiting, 210 GSM, Beige, Solid",2x2 Rib,"Machine wash cold inside out, do not iron print"
TP-WFX-2782,WFX-2782,"Cotton Fleece, 276 GSM, Navy, Solid",Satin Weave,"Machine wash cold, tumble dry low, do not bleach"
TP-WFX-2783,WFX-2783,"Organic Cotton, 169 GSM, Red, Solid",Fleece Brushed,"Machine wash warm with like colors, line dry"
TP-WFX-2784,WFX-2784,"Nylon Ripstop, 219 GSM, Black, Solid",Single Jersey,Dry clean only
TP-WFX-2785,WFX-2785,"Cotton Voile, 115 GSM, Lavender, Solid",Interlock,"Machine wash cold inside out, do not iron print"
TP-WFX-2786,WFX-2786,"Rayon Challis, 111 GSM, Indigo, Printed",Satin Weave,"Machine wash cold, tumble dry low, do not bleach"
TP-WFX-2787,WFX-2787,"French Terry, 263 GSM, Grey Melange, Solid",Interlock,"Machine wash cold, tumble dry low, do not bleach"
TP-WFX-2788,WFX-2788,"Viscose, 117 GSM, Off White, Solid",Single Jersey,"Machine wash warm with like colors, line dry"
TP-WFX-2789,WFX-2789,"Nylon Taslan, 369 GSM, Charcoal, Solid",2x2 Rib,"Machine wash cold, tumble dry low, do not bleach"
TP-WFX-2790,WFX-2790,"Cotton Fleece, 291 GSM, Black, Solid",Plain Weave,"Machine wash warm with like colors, line dry"
TP-WFX-2791,WFX-2791,"Oxford Cotton, 146 GSM, Black, Solid",Dobby Weave,"Machine wash cold, tumble dry low, do not bleach"
TP-WFX-2792,WFX-2792,"Polyester Crepe, 167 GSM, Off White, Printed",Single Jersey,"Machine wash cold, tumble dry low, do not bleach"
TP-WFX-2793,WFX-2793,"Cotton Canvas, 325 GSM, Red, Solid",Fleece Brushed,"Machine wash cold gentle cycle, medium iron"
TP-WFX-2794,WFX-2794,"Cotton Pique, 221 GSM, Grey Melange, Solid",Twill Weave 3/1,"Machine wash cold gentle cycle, medium iron"
TP-WFX-2795,WFX-2795,"Nylon Ripstop, 229 GSM, Grey Melange, Solid",Interlock,"Machine wash warm with like colors, line dry"
TP-WFX-2796,WFX-2796,"Cotton Fleece, 283 GSM, Pink, Solid",Pique Knit,"Machine wash cold inside out, do not iron print"
TP-WFX-2797,WFX-2797,"Cotton Twill, 220 GSM, Charcoal, Solid",Dobby Weave,"Machine wash cold inside out, do not iron print"
TP-WFX-2798,WFX-2798,"Linen, 121 GSM, Grey Melange, Solid",Pique Knit,"Hand wash only, dry flat in shade"
TP-WFX-2799,WFX-2799,"Polyester Shell, 364 GSM, Beige, Solid",Twill Weave 3/1,"Machine wash cold inside out, do not iron print"
TP-WFX-2800,WFX-2800,"Chino Twill, 204 GSM, Beige, Solid",Pique Knit,"Machine wash warm with like colors, line dry"
TP-WFX-2801,WFX-2801,"French Terry, 185 GSM, Black, Solid",Single Jersey,Dry clean only
TP-WFX-2802,WFX-2802,"Linen, 118 GSM, Charcoal, Printed",Plain Weave,"Machine wash cold gentle cycle, medium iron"
TP-WFX-2803,WFX-2803,"Linen, 129 GSM, Beige, Solid",Fleece Brushed,"Machine wash cold, tumble dry low, do not bleach"
TP-WFX-2804,WFX-2804,"Polyester Crepe, 168 GSM, Olive, Solid",Single Jersey,"Machine wash cold, tumble dry low, do not bleach"
TP-WFX-2805,WFX-2805,"Nylon Taslan, 366 GSM, Charcoal, Solid",Interlock,Dry clean only
TP-WFX-2806,WFX-2806,"Nylon Taslan, 347 GSM, Charcoal, Solid",Plain Weave,"Machine wash cold, tumble dry low, do not bleach"
TP-WFX-2807,WFX-2807,"French Terry, 245 GSM, Charcoal, Solid",Fleece Brushed,"Machine wash cold inside out, do not iron print"
TP-WFX-2808,WFX-2808,"Cotton Poplin, 132 GSM, Grey Melange, Printed",Pique Knit,"Machine wash cold, tumble dry low, do not bleach"
TP-WFX-2809,WFX-2809,"Cotton Fleece, 393 GSM, Beige, Solid",2x2 Rib,"Machine wash cold, tumble dry low, do not bleach"
TP-WFX-2810,WFX-2810,"Chambray, 151 GSM, Beige, Solid",2x2 Rib,"Machine wash cold inside out, do not iron print"
TP-WFX-2811,WFX-2811,"Cotton Voile, 133 GSM, White, Printed",Satin Weave,"Machine wash warm with like colors, line dry"
TP-WFX-2812,WFX-2812,"Cotton Voile, 176 GSM, Charcoal, Solid",Twill Weave 3/1,"Machine wash cold gentle cycle, medium iron"
TP-WFX-2813,WFX-2813,"Polyester Shell, 233 GSM, Black, Solid",Plain Weave,"Machine wash warm with like colors, line dry"
TP-WFX-2814,WFX-2814,"Cotton/Polyester 60/40, 152 GSM, Brown, Printed",Satin Weave,"Machine wash cold gentle cycle, medium iron"
TP-WFX-2815,WFX-2815,"Denim 10oz, 151 GSM, Grey Melange, Solid",Interlock,"Machine wash cold inside out, do not iron print"
TP-WFX-2816,WFX-2816,"Viscose, 161 GSM, Plum, Solid",Pique Knit,"Machine wash cold, tumble dry low, do not bleach"
TP-WFX-2817,WFX-2817,"Cotton/Polyester Fleece 80/20, 394 GSM, Blush Pink, Solid",2x2 Rib,"Machine wash cold, tumble dry low, do not bleach"
TP-WFX-2818,WFX-2818,"Denim 12oz, 267 GSM, Grey Melange, Solid",Plain Weave,"Hand wash only, dry flat in shade"
TP-WFX-2819,WFX-2819,"Viscose, 236 GSM, Teal, Solid",Interlock,Dry clean only
TP-WFX-2820,WFX-2820,"Polyester Crepe, 166 GSM, Grey Melange, Solid",Twill Weave 3/1,"Machine wash cold, tumble dry low, do not bleach"
TP-WFX-2821,WFX-2821,"Viscose, 150 GSM, Blue, Printed",Twill Weave 3/1,"Machine wash cold, tumble dry low, do not bleach"
TP-WFX-2822,WFX-2822,"Chino Twill, 222 GSM, Charcoal, Solid",Single Jersey,Dry clean only
TP-WFX-2823,WFX-2823,"Cotton Pique, 223 GSM, Pink, Solid",Pique Knit,"Machine wash warm with like colors, line dry"
TP-WFX-2824,WFX-2824,"Cotton Fleece, 329 GSM, Off White, Solid",Satin Weave,Dry clean only
TP-WFX-2825,WFX-2825,"Cotton Fleece, 333 GSM, Charcoal, Solid",Twill Weave 3/1,Dry clean only
TP-WFX-2826,WFX-2826,"French Terry, 272 GSM, Charcoal, Solid",Pique Knit,"Machine wash cold gentle cycle, medium iron"
TP-WFX-2827,WFX-2827,"Cotton Twill, 195 GSM, Charcoal, Printed",Satin Weave,"Machine wash warm with like colors, line dry"
TP-WFX-2828,WFX-2828,"Denim 14oz, 400 GSM, Black, Printed",Plain Weave,Dry clean only
TP-WFX-2829,WFX-2829,"Linen, 127 GSM, White, Solid",Plain Weave,"Hand wash only, dry flat in shade"
TP-WFX-2830,WFX-2830,"Polyester Pique, 208 GSM, Black, Solid",Interlock,"Hand wash only, dry flat in shade"
TP-WFX-2831,WFX-2831,"Denim 14oz, 464 GSM, Navy, Solid",French Terry Loopback,"Machine wash cold gentle cycle, medium iron"
TP-WFX-2832,WFX-2832,"Chino Twill, 290 GSM, Off White, Solid",Twill Weave 3/1,"Hand wash only, dry flat in shade"
TP-WFX-2833,WFX-2833,"Oxford Cotton, 113 GSM, Off White, Solid",Interlock,"Machine wash cold, tumble dry low, do not bleach"
TP-WFX-2834,WFX-2834,"Cotton/Spandex 95/5, 212 GSM, Charcoal, Solid",Pique Knit,"Machine wash cold gentle cycle, medium iron"
TP-WFX-2835,WFX-2835,"Chambray, 138 GSM, Grey Melange, Solid",Pique Knit,"Hand wash only, dry flat in shade"
TP-WFX-2836,WFX-2836,"Cotton Voile, 111 GSM, White, Printed",Pique Knit,"Machine wash cold inside out, do not iron print"
TP-WFX-2837,WFX-2837,"Polyester Pique, 193 GSM, Charcoal, Solid",French Terry Loopback,"Machine wash cold gentle cycle, medium iron"
TP-WFX-2838,WFX-2838,"Viscose, 216 GSM, Black, Solid",French Terry Loopback,"Machine wash cold, tumble dry low, do not bleach"
TP-WFX-2839,WFX-2839,"Denim 12oz, 337 GSM, Olive, Solid",Interlock,Dry clean only
TP-WFX-2840,WFX-2840,"Denim 12oz, 363 GSM, Navy, Solid",Satin Weave,"Machine wash cold gentle cycle, medium iron"
TP-WFX-2841,WFX-2841,"Cotton Twill, 243 GSM, White, Solid",Plain Weave,"Machine wash warm with like colors, line dry"
TP-WFX-2842,WFX-2842,"Viscose, 255 GSM, Black, Solid",Interlock,"Hand wash only, dry flat in shade"
TP-WFX-2843,WFX-2843,"Polyester Crepe, 137 GSM, Off White, Solid",Pique Knit,"Machine wash warm with like colors, line dry"
TP-WFX-2844,WFX-2844,"Polyester Shell, 356 GSM, Black, Solid",Satin Weave,"Hand wash only, dry flat in shade"
TP-WFX-2845,WFX-2845,"Organic Cotton, 152 GSM, Maroon, Printed",Twill Weave 3/1,"Machine wash cold inside out, do not iron print"
TP-WFX-2846,WFX-2846,"French Terry, 305 GSM, Beige, Solid",Satin Weave,"Machine wash cold inside out, do not iron print"
TP-WFX-2847,WFX-2847,"Cotton/Polyester Fleece 80/20, 388 GSM, Beige, Printed",Satin Weave,Dry clean only
TP-WFX-2848,WFX-2848,"Cotton Twill, 251 GSM, Grey Melange, Solid",Twill Weave 3/1,"Machine wash warm with like colors, line dry"
TP-WFX-2849,WFX-2849,"Chino Twill, 252 GSM, Black, Solid",2x2 Rib,"Machine wash cold inside out, do not iron print"
TP-WFX-2850,WFX-2850,"Denim 10oz, 182 GSM, Charcoal, Printed",Satin Weave,Dry clean only
TP-WFX-2851,WFX-2851,"French Terry, 357 GSM, Charcoal, Printed",French Terry Loopback,Dry clean only
TP-WFX-2852,WFX-2852,"Cotton Canvas, 323 GSM, Grey Melange, Solid",Fleece Brushed,"Machine wash cold inside out, do not iron print"
TP-WFX-2853,WFX-2853,"Cotton Voile, 167 GSM, Charcoal, Printed",Fleece Brushed,Dry clean only
TP-WFX-2854,WFX-2854,"Cotton/Spandex 95/5, 188 GSM, Grey Melange, Printed",2x2 Rib,"Machine wash cold inside out, do not iron print"
TP-WFX-2855,WFX-2855,"Loopback Cotton, 318 GSM, Black, Printed",Interlock,Dry clean only
TP-WFX-2856,WFX-2856,"Linen, 158 GSM, Grey Melange, Printed",Satin Weave,Dry clean only
TP-WFX-2857,WFX-2857,"Cotton Twill, 253 GSM, Blush Pink, Solid",Dobby Weave,"Machine wash cold gentle cycle, medium iron"
TP-WFX-2858,WFX-2858,"Cotton Twill, 216 GSM, Charcoal, Printed",2x2 Rib,"Machine wash cold gentle cycle, medium iron"
TP-WFX-2859,WFX-2859,"Cotton Canvas, 317 GSM, Black, Solid",Interlock,"Machine wash warm with like colors, line dry"
TP-WFX-2860,WFX-2860,"Cotton/Spandex 95/5, 222 GSM, Charcoal, Solid",Twill Weave 3/1,"Machine wash cold, tumble dry low, do not bleach"
TP-WFX-2861,WFX-2861,"French Terry, 252 GSM, Charcoal, Solid",2x2 Rib,"Machine wash cold, tumble dry low, do not bleach"
TP-WFX-2862,WFX-2862,"Polyester Pique, 192 GSM, White, Solid",Twill Weave 3/1,Dry clean only
TP-WFX-2863,WFX-2863,"Linen, 125 GSM, Grey Melange, Solid",French Terry Loopback,"Machine wash warm with like colors, line dry"
TP-WFX-2864,WFX-2864,"Cotton Fleece, 269 GSM, Grey Melange, Solid",Interlock,"Machine wash cold, tumble dry low, do not bleach"
TP-WFX-2865,WFX-2865,"Nylon Ripstop, 219 GSM, Black, Printed",Twill Weave 3/1,"Hand wash only, dry flat in shade"
TP-WFX-2866,WFX-2866,"French Terry, 174 GSM, Black, Solid",Pique Knit,"Hand wash only, dry flat in shade"
TP-WFX-2867,WFX-2867,"Cotton Voile, 156 GSM, Black, Solid",French Terry Loopback,"Machine wash warm with like colors, line dry"
TP-WFX-2868,WFX-2868,"Cotton Pique, 205 GSM, Black, Printed",Fleece Brushed,"Machine wash cold inside out, do not iron print"
TP-WFX-2869,WFX-2869,"Cotton Poplin, 118 GSM, Charcoal, Solid",2x2 Rib,"Machine wash warm with like colors, line dry"
TP-WFX-2870,WFX-2870,"French Terry, 338 GSM, Grey Melange, Solid",2x2 Rib,"Machine wash cold, tumble dry low, do not bleach"
TP-WFX-2871,WFX-2871,"Cotton Twill, 253 GSM, Charcoal, Solid",Pique Knit,"Machine wash cold, tumble dry low, do not bleach"
TP-WFX-2872,WFX-2872,"French Terry, 391 GSM, Charcoal, Solid",Pique Knit,"Machine wash cold inside out, do not iron print"
TP-WFX-2873,WFX-2873,"Nylon Ripstop, 204 GSM, Grey Melange, Solid",Single Jersey,"Machine wash cold gentle cycle, medium iron"
TP-WFX-2874,WFX-2874,"Denim 10oz, 249 GSM, Black, Solid",Satin Weave,"Hand wash only, dry flat in shade"
TP-WFX-2875,WFX-2875,"Viscose, 164 GSM, Grey Melange, Printed",Single Jersey,"Machine wash cold gentle cycle, medium iron"
TP-WFX-2876,WFX-2876,"Chambray, 138 GSM, Grey Melange, Solid",Interlock,"Machine wash cold gentle cycle, medium iron"
TP-WFX-2877,WFX-2877,"Cotton Canvas, 325 GSM, Brown, Solid",Dobby Weave,"Machine wash cold, tumble dry low, do not bleach"
TP-WFX-2878,WFX-2878,"Polyester Crepe, 186 GSM, Grey Melange, Solid",French Terry Loopback,Dry clean only
TP-WFX-2879,WFX-2879,"Cotton Twill, 172 GSM, Black, Printed",Pique Knit,"Machine wash cold, tumble dry low, do not bleach"
TP-WFX-2880,WFX-2880,"100% Cotton, 161 GSM, Grey Melange, Solid",Pique Knit,"Hand wash only, dry flat in shade"
TP-WFX-2881,WFX-2881,"Chambray, 122 GSM, Sky Blue, Solid",Pique Knit,"Machine wash cold, tumble dry low, do not bleach"
TP-WFX-2882,WFX-2882,"Cotton Twill, 256 GSM, Grey Melange, Solid",2x2 Rib,"Machine wash cold, tumble dry low, do not bleach"
TP-WFX-2883,WFX-2883,"Linen, 164 GSM, Blush Pink, Solid",Single Jersey,Dry clean only
TP-WFX-2884,WFX-2884,"French Terry, 259 GSM, Brown, Solid",Satin Weave,"Machine wash warm with like colors, line dry"
TP-WFX-2885,WFX-2885,"Cotton Fleece, 336 GSM, Grey Melange, Solid",Pique Knit,"Machine wash cold inside out, do not iron print"
TP-WFX-2886,WFX-2886,"Polyester Crepe, 177 GSM, Blush Pink, Solid",Pique Knit,"Machine wash cold gentle cycle, medium iron"
TP-WFX-2887,WFX-2887,"Poly/Viscose Suiting, 294 GSM, Pink, Solid",Fleece Brushed,"Machine wash cold gentle cycle, medium iron"
TP-WFX-2888,WFX-2888,"Oxford Cotton, 142 GSM, Brown, Solid",Plain Weave,"Machine wash cold inside out, do not iron print"
TP-WFX-2889,WFX-2889,"Stretch Denim 98/2, 446 GSM, Charcoal, Solid",Satin Weave,"Machine wash cold gentle cycle, medium iron"
TP-WFX-2890,WFX-2890,"Cotton Poplin, 134 GSM, Charcoal, Solid",Twill Weave 3/1,"Machine wash cold inside out, do not iron print"
TP-WFX-2891,WFX-2891,"Cotton/Polyester 60/40, 147 GSM, Blue, Solid",Single Jersey,"Hand wash only, dry flat in shade"
TP-WFX-2892,WFX-2892,"Polyester Shell, 363 GSM, Red, Printed",Interlock,"Machine wash warm with like colors, line dry"
TP-WFX-2893,WFX-2893,"Cotton/Polyester Fleece 80/20, 380 GSM, Charcoal, Solid",Single Jersey,"Machine wash cold gentle cycle, medium iron"
TP-WFX-2894,WFX-2894,"Denim 10oz, 246 GSM, Black, Solid",Single Jersey,Dry clean only
TP-WFX-2895,WFX-2895,"Denim 12oz, 334 GSM, Blush Pink, Solid",Pique Knit,Dry clean only
TP-WFX-2896,WFX-2896,"Cotton/Linen 70/30, 127 GSM, Green, Solid",Pique Knit,"Machine wash cold, tumble dry low, do not bleach"
TP-WFX-2897,WFX-2897,"Cotton/Polyester 60/40, 145 GSM, Blue, Solid",Satin Weave,"Machine wash cold inside out, do not iron print"
TP-WFX-2898,WFX-2898,"Cotton Poplin, 160 GSM, Charcoal, Solid",French Terry Loopback,Dry clean only
TP-WFX-2899,WFX-2899,"French Terry, 228 GSM, Yellow, Printed",Plain Weave,Dry clean only
TP-WFX-2900,WFX-2900,"Loopback Cotton, 287 GSM, Maroon, Solid",Fleece Brushed,"Hand wash only, dry flat in shade"
TP-WFX-2901,WFX-2901,"Cotton/Polyester Fleece 80/20, 310 GSM, Sky Blue, Solid",2x2 Rib,"Machine wash cold inside out, do not iron print"
TP-WFX-2902,WFX-2902,"Cotton Fleece, 329 GSM, Navy, Solid",Pique Knit,"Hand wash only, dry flat in shade"
TP-WFX-2903,WFX-2903,"100% Cotton, 177 GSM, Grey Melange, Solid",Interlock,Dry clean only
TP-WFX-2904,WFX-2904,"Polyester Pique, 184 GSM, Sky Blue, Solid",Satin Weave,"Machine wash warm with like colors, line dry"
TP-WFX-2905,WFX-2905,"Stretch Denim 98/2, 451 GSM, Black, Solid",2x2 Rib,"Machine wash cold inside out, do not iron print"
TP-WFX-2906,WFX-2906,"Denim 12oz, 229 GSM, Grey Melange, Solid",Dobby Weave,"Machine wash cold, tumble dry low, do not bleach"
TP-WFX-2907,WFX-2907,"Cotton Slub, 189 GSM, Beige, Printed",2x2 Rib,"Machine wash cold inside out, do not iron print"
TP-WFX-2908,WFX-2908,"Poly/Viscose Suiting, 200 GSM, Lavender, Printed",Pique Knit,"Machine wash cold gentle cycle, medium iron"
TP-WFX-2909,WFX-2909,"100% Cotton, 177 GSM, Charcoal, Printed",Fleece Brushed,Dry clean only
TP-WFX-2910,WFX-2910,"Cotton Twill, 200 GSM, Off White, Solid",Interlock,"Machine wash cold gentle cycle, medium iron"
TP-WFX-2911,WFX-2911,"Organic Cotton, 141 GSM, Lavender, Solid",French Terry Loopback,"Machine wash cold inside out, do not iron print"
TP-WFX-2912,WFX-2912,"Cotton/Polyester Fleece 80/20, 306 GSM, Red, Solid",Twill Weave 3/1,"Machine wash cold gentle cycle, medium iron"
TP-WFX-2913,WFX-2913,"French Terry, 288 GSM, Black, Solid",Satin Weave,"Machine wash cold inside out, do not iron print"
TP-WFX-2914,WFX-2914,"Denim 12oz, 414 GSM, Sky Blue, Solid",Pique Knit,"Machine wash cold, tumble dry low, do not bleach"
TP-WFX-2915,WFX-2915,"Rayon Challis, 130 GSM, Grey Melange, Solid",Twill Weave 3/1,"Machine wash cold gentle cycle, medium iron"
TP-WFX-2916,WFX-2916,"Polyester Crepe, 228 GSM, Red, Solid",Satin Weave,"Machine wash warm with like colors, line dry"
TP-WFX-2917,WFX-2917,"Denim 12oz, 396 GSM, Navy, Solid",Plain Weave,"Machine wash cold, tumble dry low, do not bleach"
TP-WFX-2918,WFX-2918,"Cotton/Linen 70/30, 138 GSM, Grey Melange, Solid",Interlock,"Machine wash cold, tumble dry low, do not bleach"
TP-WFX-2919,WFX-2919,"Cotton Fleece, 394 GSM, Plum, Solid",Twill Weave 3/1,Dry clean only
TP-WFX-2920,WFX-2920,"Linen, 174 GSM, Plum, Solid",Twill Weave 3/1,"Machine wash cold, tumble dry low, do not bleach"
TP-WFX-2921,WFX-2921,"Nylon Ripstop, 210 GSM, Indigo, Solid",2x2 Rib,"Hand wash only, dry flat in shade"
TP-WFX-2922,WFX-2922,"Denim 10oz, 186 GSM, Sky Blue, Solid",Pique Knit,Dry clean only
TP-WFX-2923,WFX-2923,"Cotton/Polyester 60/40, 162 GSM, Charcoal, Solid",Interlock,"Machine wash cold, tumble dry low, do not bleach"
TP-WFX-2924,WFX-2924,"Cotton Fleece, 377 GSM, Blush Pink, Solid",2x2 Rib,Dry clean only
TP-WFX-2925,WFX-2925,"Loopback Cotton, 320 GSM, Black, Solid",Single Jersey,"Hand wash only, dry flat in shade"
TP-WFX-2926,WFX-2926,"Organic Cotton, 214 GSM, Mustard, Printed",2x2 Rib,Dry clean only
TP-WFX-2927,WFX-2927,"Cotton Slub, 168 GSM, Charcoal, Printed",2x2 Rib,"Machine wash cold gentle cycle, medium iron"
TP-WFX-2928,WFX-2928,"Cotton/Spandex 95/5, 190 GSM, Off White, Solid",Single Jersey,"Machine wash warm with like colors, line dry"
TP-WFX-2929,WFX-2929,"Denim 12oz, 374 GSM, Black, Solid",Plain Weave,"Machine wash cold, tumble dry low, do not bleach"
TP-WFX-2930,WFX-2930,"Cotton Fleece, 321 GSM, Blush Pink, Solid",Dobby Weave,Dry clean only
TP-WFX-2931,WFX-2931,"Polyester Shell, 366 GSM, White, Printed",Single Jersey,Dry clean only
TP-WFX-2932,WFX-2932,"Organic Cotton, 163 GSM, Beige, Solid",French Terry Loopback,"Machine wash cold, tumble dry low, do not bleach"
TP-WFX-2933,WFX-2933,"Cotton/Polyester 60/40, 197 GSM, Brown, Solid",Single Jersey,"Hand wash only, dry flat in shade"
TP-WFX-2934,WFX-2934,"Linen, 123 GSM, Black, Solid",Interlock,"Hand wash only, dry flat in shade"
TP-WFX-2935,WFX-2935,"French Terry, 308 GSM, Grey Melange, Solid",Single Jersey,"Hand wash only, dry flat in shade"
TP-WFX-2936,WFX-2936,"Cotton Fleece, 340 GSM, Off White, Solid",Plain Weave,"Machine wash cold inside out, do not iron print"
TP-WFX-2937,WFX-2937,"Denim 12oz, 478 GSM, Black, Solid",Fleece Brushed,"Machine wash warm with like colors, line dry"
TP-WFX-2938,WFX-2938,"Viscose, 167 GSM, Grey Melange, Printed",Twill Weave 3/1,"Machine wash cold inside out, do not iron print"
TP-WFX-2939,WFX-2939,"Polyester Shell, 285 GSM, Black, Solid",Twill Weave 3/1,"Machine wash warm with like colors, line dry"
TP-WFX-2940,WFX-2940,"Cotton Twill, 230 GSM, Grey Melange, Solid",Interlock,"Hand wash only, dry flat in shade"
TP-WFX-2941,WFX-2941,"Polyester Crepe, 192 GSM, Black, Solid",Satin Weave,"Machine wash cold gentle cycle, medium iron"
TP-WFX-2942,WFX-2942,"Linen, 146 GSM, Black, Printed",Fleece Brushed,"Machine wash cold, tumble dry low, do not bleach"
TP-WFX-2943,WFX-2943,"Cotton/Polyester Fleece 80/20, 351 GSM, Blue, Solid",Fleece Brushed,"Machine wash warm with like colors, line dry"
TP-WFX-2944,WFX-2944,"French Terry, 295 GSM, Grey Melange, Solid",Single Jersey,Dry clean only
TP-WFX-2945,WFX-2945,"Nylon Ripstop, 262 GSM, Black, Printed",Satin Weave,"Machine wash cold inside out, do not iron print"
TP-WFX-2946,WFX-2946,"Cotton Twill, 211 GSM, Grey Melange, Solid",Dobby Weave,"Machine wash cold, tumble dry low, do not bleach"
TP-WFX-2947,WFX-2947,"Cotton Twill, 207 GSM, Yellow, Solid",Plain Weave,"Machine wash warm with like colors, line dry"
TP-WFX-2948,WFX-2948,"French Terry, 223 GSM, Grey Melange, Solid",Pique Knit,"Machine wash cold gentle cycle, medium iron"
TP-WFX-2949,WFX-2949,"Cotton/Polyester 60/40, 218 GSM, Sky Blue, Solid",French Terry Loopback,"Machine wash cold, tumble dry low, do not bleach"
TP-WFX-2950,WFX-2950,"Loopback Cotton, 359 GSM, Black, Solid",Interlock,"Machine wash cold gentle cycle, medium iron"
TP-WFX-2951,WFX-2951,"Cotton Twill, 210 GSM, Charcoal, Printed",2x2 Rib,"Machine wash warm with like colors, line dry"
TP-WFX-2952,WFX-2952,"Cotton/Polyester 60/40, 198 GSM, Red, Solid",Pique Knit,"Machine wash cold gentle cycle, medium iron"
TP-WFX-2953,WFX-2953,"Linen, 137 GSM, Charcoal, Printed",Pique Knit,Dry clean only
TP-WFX-2954,WFX-2954,"Linen, 161 GSM, Navy, Solid",Fleece Brushed,"Machine wash cold gentle cycle, medium iron"
TP-WFX-2955,WFX-2955,"100% Cotton, 173 GSM, Plum, Solid",Dobby Weave,"Machine wash cold gentle cycle, medium iron"
TP-WFX-2956,WFX-2956,"Denim 12oz, 352 GSM, Lavender, Solid",Fleece Brushed,"Hand wash only, dry flat in shade"
TP-WFX-2957,WFX-2957,"Organic Cotton, 149 GSM, Red, Solid",French Terry Loopback,"Machine wash warm with like colors, line dry"
TP-WFX-2958,WFX-2958,"Viscose, 203 GSM, Teal, Solid",Twill Weave 3/1,"Hand wash only, dry flat in shade"
TP-WFX-2959,WFX-2959,"Rayon Challis, 179 GSM, Grey Melange, Solid",Twill Weave 3/1,Dry clean only
TP-WFX-2960,WFX-2960,"Poly/Viscose Suiting, 205 GSM, Grey Melange, Printed",Satin Weave,"Machine wash cold, tumble dry low, do not bleach"
TP-WFX-2961,WFX-2961,"Denim 12oz, 321 GSM, Red, Solid",Satin Weave,"Machine wash warm with like colors, line dry"
TP-WFX-2962,WFX-2962,"Polyester Crepe, 190 GSM, Charcoal, Solid",2x2 Rib,Dry clean only
TP-WFX-2963,WFX-2963,"Viscose, 126 GSM, Red, Solid",Dobby Weave,"Machine wash cold, tumble dry low, do not bleach"
TP-WFX-2964,WFX-2964,"Cotton Fleece, 314 GSM, Off White, Solid",Pique Knit,Dry clean only
TP-WFX-2965,WFX-2965,"Denim 10oz, 229 GSM, Beige, Solid",French Terry Loopback,"Machine wash cold, tumble dry low, do not bleach"
TP-WFX-2966,WFX-2966,"Linen, 129 GSM, Grey Melange, Printed",Single Jersey,"Machine wash warm with like colors, line dry"
TP-WFX-2967,WFX-2967,"Stretch Denim 98/2, 378 GSM, Black, Solid",Plain Weave,Dry clean only
TP-WFX-2968,WFX-2968,"Nylon Ripstop, 192 GSM, Black, Solid",Interlock,"Machine wash cold inside out, do not iron print"
TP-WFX-2969,WFX-2969,"Polyester Crepe, 200 GSM, Black, Printed",Interlock,"Machine wash cold inside out, do not iron print"
TP-WFX-2970,WFX-2970,"Chino Twill, 271 GSM, Beige, Solid",Twill Weave 3/1,"Machine wash warm with like colors, line dry"
TP-WFX-2971,WFX-2971,"Polyester Shell, 367 GSM, Charcoal, Solid",Plain Weave,"Machine wash warm with like colors, line dry"
TP-WFX-2972,WFX-2972,"French Terry, 337 GSM, Plum, Solid",Interlock,"Hand wash only, dry flat in shade"
TP-WFX-2973,WFX-2973,"Loopback Cotton, 340 GSM, Black, Printed",Dobby Weave,"Hand wash only, dry flat in shade"
TP-WFX-2974,WFX-2974,"Nylon Ripstop, 200 GSM, Beige, Solid",Twill Weave 3/1,"Machine wash cold, tumble dry low, do not bleach"
TP-WFX-2975,WFX-2975,"Linen, 157 GSM, Off White, Solid",Interlock,"Machine wash warm with like colors, line dry"
TP-WFX-2976,WFX-2976,"French Terry, 190 GSM, Red, Printed",French Terry Loopback,"Hand wash only, dry flat in shade"
TP-WFX-2977,WFX-2977,"Cotton Canvas, 246 GSM, Sky Blue, Printed",French Terry Loopback,"Hand wash only, dry flat in shade"
TP-WFX-2978,WFX-2978,"100% Cotton, 153 GSM, Pink, Solid",French Terry Loopback,"Machine wash cold gentle cycle, medium iron"
TP-WFX-2979,WFX-2979,"Denim 12oz, 333 GSM, Navy, Solid",Pique Knit,"Machine wash cold, tumble dry low, do not bleach"
TP-WFX-2980,WFX-2980,"Cotton/Linen 70/30, 139 GSM, Charcoal, Solid",Dobby Weave,"Machine wash cold inside out, do not iron print"
TP-WFX-2981,WFX-2981,"Cotton Canvas, 364 GSM, Brown, Solid",Single Jersey,"Hand wash only, dry flat in shade"
TP-WFX-2982,WFX-2982,"Viscose, 156 GSM, Charcoal, Printed",Plain Weave,"Machine wash cold inside out, do not iron print"
TP-WFX-2983,WFX-2983,"Cotton Voile, 136 GSM, Charcoal, Solid",Satin Weave,Dry clean only
TP-WFX-2984,WFX-2984,"Chino Twill, 276 GSM, Charcoal, Solid",Pique Knit,"Machine wash cold inside out, do not iron print"
TP-WFX-2985,WFX-2985,"Cotton Twill, 180 GSM, Grey Melange, Solid",Twill Weave 3/1,Dry clean only
TP-WFX-2986,WFX-2986,"Denim 12oz, 472 GSM, Black, Solid",Dobby Weave,"Hand wash only, dry flat in shade"
TP-WFX-2987,WFX-2987,"Loopback Cotton, 284 GSM, Red, Solid",Twill Weave 3/1,"Machine wash cold, tumble dry low, do not bleach"
TP-WFX-2988,WFX-2988,"Linen, 162 GSM, Black, Solid",Satin Weave,Dry clean only
TP-WFX-2989,WFX-2989,"Chino Twill, 234 GSM, Black, Solid",French Terry Loopback,"Hand wash only, dry flat in shade"
TP-WFX-2990,WFX-2990,"Cotton Twill, 263 GSM, Brown, Printed",Single Jersey,Dry clean only
TP-WFX-2991,WFX-2991,"Viscose, 118 GSM, Black, Solid",Single Jersey,"Machine wash cold gentle cycle, medium iron"
TP-WFX-2992,WFX-2992,"Organic Cotton, 188 GSM, White, Solid",2x2 Rib,"Machine wash cold gentle cycle, medium iron"
TP-WFX-2993,WFX-2993,"100% Cotton, 165 GSM, Black, Solid",Fleece Brushed,"Machine wash cold, tumble dry low, do not bleach"
TP-WFX-2994,WFX-2994,"Polyester Pique, 199 GSM, Off White, Printed",Pique Knit,"Machine wash cold, tumble dry low, do not bleach"
TP-WFX-2995,WFX-2995,"Polyester Crepe, 165 GSM, Black, Solid",Plain Weave,"Machine wash cold inside out, do not iron print"
TP-WFX-2996,WFX-2996,"Denim 12oz, 223 GSM, Charcoal, Solid",Pique Knit,Dry clean only
TP-WFX-2997,WFX-2997,"Linen, 160 GSM, White, Solid",Satin Weave,"Machine wash cold, tumble dry low, do not bleach"
TP-WFX-2998,WFX-2998,"Cotton Fleece, 339 GSM, Off White, Solid",2x2 Rib,"Machine wash cold inside out, do not iron print"
TP-WFX-2999,WFX-2999,"French Terry, 228 GSM, Charcoal, Solid",French Terry Loopback,"Machine wash cold gentle cycle, medium iron"
TP-WFX-3000,WFX-3000,"Cotton Twill, 228 GSM, Brown, Solid",Interlock,"Hand wash only, dry flat in shade"
TP-WFX-3001,WFX-3001,"Denim 10oz, 164 GSM, Maroon, Solid",French Terry Loopback,"Machine wash cold inside out, do not iron print"
TP-WFX-3002,WFX-3002,"Cotton Fleece, 347 GSM, Black, Printed",Fleece Brushed,"Machine wash cold inside out, do not iron print"
TP-WFX-3003,WFX-3003,"Chambray, 134 GSM, Grey Melange, Printed",Interlock,"Machine wash cold, tumble dry low, do not bleach"
TP-WFX-3004,WFX-3004,"French Terry, 348 GSM, Charcoal, Solid",Pique Knit,"Machine wash cold gentle cycle, medium iron"
TP-WFX-3005,WFX-3005,"Polyester Crepe, 141 GSM, Maroon, Solid",Interlock,"Machine wash cold inside out, do not iron print"
TP-WFX-3006,WFX-3006,"Oxford Cotton, 116 GSM, Pink, Solid",Satin Weave,"Machine wash warm with like colors, line dry"
TP-WFX-3007,WFX-3007,"Cotton Twill, 186 GSM, Brown, Solid",Satin Weave,"Hand wash only, dry flat in shade"
TP-WFX-3008,WFX-3008,"Cotton Twill, 186 GSM, Brown, Solid",Interlock,"Hand wash only, dry flat in shade"
TP-WFX-3009,WFX-3009,"French Terry, 289 GSM, Blush Pink, Solid",Twill Weave 3/1,Dry clean only
TP-WFX-3010,WFX-3010,"French Terry, 209 GSM, Black, Solid",French Terry Loopback,"Machine wash warm with like colors, line dry"
TP-WFX-3011,WFX-3011,"Cotton Fleece, 333 GSM, Charcoal, Solid",French Terry Loopback,"Machine wash cold, tumble dry low, do not bleach"
TP-WFX-3012,WFX-3012,"French Terry, 331 GSM, Black, Solid",Plain Weave,"Machine wash cold inside out, do not iron print"
TP-WFX-3013,WFX-3013,"Denim 12oz, 315 GSM, Grey Melange, Solid",Single Jersey,Dry clean only
TP-WFX-3014,WFX-3014,"French Terry, 278 GSM, Charcoal, Solid",Pique Knit,"Machine wash cold inside out, do not iron print"
TP-WFX-3015,WFX-3015,"Organic Cotton, 216 GSM, Off White, Solid",Pique Knit,"Machine wash cold gentle cycle, medium iron"
TP-WFX-3016,WFX-3016,"Cotton/Spandex 95/5, 181 GSM, Off White, Solid",2x2 Rib,"Hand wash only, dry flat in shade"
TP-WFX-3017,WFX-3017,"Nylon Ripstop, 205 GSM, Black, Printed",Dobby Weave,"Machine wash cold, tumble dry low, do not bleach"
TP-WFX-3018,WFX-3018,"Nylon Taslan, 366 GSM, Red, Solid",Dobby Weave,"Machine wash cold inside out, do not iron print"
TP-WFX-3019,WFX-3019,"Cotton Twill, 262 GSM, Red, Solid",Single Jersey,"Hand wash only, dry flat in shade"
TP-WFX-3020,WFX-3020,"French Terry, 359 GSM, Grey Melange, Printed",Satin Weave,"Machine wash cold inside out, do not iron print"
TP-WFX-3021,WFX-3021,"Cotton Fleece, 343 GSM, Plum, Solid",2x2 Rib,"Machine wash cold, tumble dry low, do not bleach"
TP-WFX-3022,WFX-3022,"Chambray, 112 GSM, Black, Solid",2x2 Rib,"Machine wash cold, tumble dry low, do not bleach"
TP-WFX-3023,WFX-3023,"French Terry, 253 GSM, Red, Solid",Satin Weave,"Hand wash only, dry flat in shade"
TP-WFX-3024,WFX-3024,"Cotton Voile, 150 GSM, Black, Solid",Plain Weave,"Machine wash cold gentle cycle, medium iron"
TP-WFX-3025,WFX-3025,"Cotton Fleece, 331 GSM, Sky Blue, Solid",Pique Knit,"Machine wash cold, tumble dry low, do not bleach"
TP-WFX-3026,WFX-3026,"Cotton/Spandex 95/5, 221 GSM, White, Solid",Pique Knit,"Machine wash cold, tumble dry low, do not bleach"
TP-WFX-3027,WFX-3027,"Cotton Voile, 155 GSM, Blue, Solid",Plain Weave,"Machine wash cold inside out, do not iron print"
TP-WFX-3028,WFX-3028,"Cotton Voile, 124 GSM, Charcoal, Solid",Interlock,"Hand wash only, dry flat in shade"
TP-WFX-3029,WFX-3029,"Linen, 118 GSM, Grey Melange, Printed",French Terry Loopback,"Machine wash cold inside out, do not iron print"
TP-WFX-3030,WFX-3030,"100% Cotton, 146 GSM, Red, Printed",Fleece Brushed,"Machine wash warm with like colors, line dry"
TP-WFX-3031,WFX-3031,"Polyester Crepe, 197 GSM, Red, Solid",Plain Weave,"Machine wash warm with like colors, line dry"
TP-WFX-3032,WFX-3032,"Cotton Fleece, 321 GSM, Black, Solid",Single Jersey,"Machine wash cold, tumble dry low, do not bleach"
TP-WFX-3033,WFX-3033,"Cotton/Spandex 95/5, 190 GSM, Forest Green, Solid",Satin Weave,"Hand wash only, dry flat in shade"
TP-WFX-3034,WFX-3034,"Cotton Poplin, 114 GSM, Grey Melange, Solid",Plain Weave,"Machine wash warm with like colors, line dry"
TP-WFX-3035,WFX-3035,"Stretch Denim 98/2, 438 GSM, Charcoal, Solid",2x2 Rib,"Hand wash only, dry flat in shade"
TP-WFX-3036,WFX-3036,"French Terry, 285 GSM, Charcoal, Printed",Satin Weave,"Machine wash cold inside out, do not iron print"
TP-WFX-3037,WFX-3037,"Nylon Ripstop, 222 GSM, Grey Melange, Solid",French Terry Loopback,Dry clean only
TP-WFX-3038,WFX-3038,"Rayon Challis, 164 GSM, Black, Printed",Pique Knit,"Machine wash cold gentle cycle, medium iron"
TP-WFX-3039,WFX-3039,"Cotton Pique, 201 GSM, Off White, Solid",Satin Weave,"Hand wash only, dry flat in shade"
TP-WFX-3040,WFX-3040,"Stretch Denim 98/2, 379 GSM, Charcoal, Solid",Dobby Weave,"Machine wash cold inside out, do not iron print"
TP-WFX-3041,WFX-3041,"Polyester Shell, 368 GSM, Mustard, Solid",Single Jersey,Dry clean only
TP-WFX-3042,WFX-3042,"Cotton Fleece, 332 GSM, Black, Solid",Dobby Weave,"Machine wash warm with like colors, line dry"
TP-WFX-3043,WFX-3043,"Viscose, 233 GSM, Grey Melange, Printed",Interlock,"Machine wash cold gentle cycle, medium iron"
TP-WFX-3044,WFX-3044,"Cotton/Polyester 60/40, 164 GSM, Grey Melange, Solid",Dobby Weave,Dry clean only
TP-WFX-3045,WFX-3045,"Cotton Fleece, 367 GSM, Off White, Printed",Pique Knit,"Hand wash only, dry flat in shade"
TP-WFX-3046,WFX-3046,"Cotton/Linen 70/30, 141 GSM, Forest Green, Solid",Twill Weave 3/1,"Machine wash cold, tumble dry low, do not bleach"
TP-WFX-3047,WFX-3047,"Loopback Cotton, 288 GSM, Black, Printed",Pique Knit,"Machine wash cold inside out, do not iron print"
TP-WFX-3048,WFX-3048,"French Terry, 321 GSM, Black, Printed",Pique Knit,"Machine wash cold inside out, do not iron print"
TP-WFX-3049,WFX-3049,"Cotton/Linen 70/30, 149 GSM, Grey Melange, Solid",Twill Weave 3/1,"Machine wash cold, tumble dry low, do not bleach"
TP-WFX-3050,WFX-3050,"Polyester Crepe, 105 GSM, Grey Melange, Printed",Satin Weave,"Hand wash only, dry flat in shade"
TP-WFX-3051,WFX-3051,"French Terry, 297 GSM, Charcoal, Solid",Fleece Brushed,"Machine wash cold gentle cycle, medium iron"
TP-WFX-3052,WFX-3052,"Cotton Fleece, 266 GSM, Off White, Solid",Single Jersey,"Machine wash cold inside out, do not iron print"
TP-WFX-3053,WFX-3053,"Oxford Cotton, 159 GSM, Grey Melange, Printed",Pique Knit,"Machine wash cold gentle cycle, medium iron"
TP-WFX-3054,WFX-3054,"Chino Twill, 257 GSM, Beige, Solid",French Terry Loopback,"Machine wash cold gentle cycle, medium iron"
TP-WFX-3055,WFX-3055,"Nylon Ripstop, 248 GSM, Grey Melange, Solid",Dobby Weave,"Machine wash cold, tumble dry low, do not bleach"
TP-WFX-3056,WFX-3056,"Cotton Slub, 186 GSM, Brown, Solid",Single Jersey,"Machine wash warm with like colors, line dry"
TP-WFX-3057,WFX-3057,"Viscose, 121 GSM, Grey Melange, Solid",2x2 Rib,"Machine wash cold inside out, do not iron print"
TP-WFX-3058,WFX-3058,"100% Cotton, 193 GSM, Pink, Solid",Fleece Brushed,"Machine wash warm with like colors, line dry"
TP-WFX-3059,WFX-3059,"French Terry, 260 GSM, Blue, Solid",Dobby Weave,"Machine wash cold inside out, do not iron print"
TP-WFX-3060,WFX-3060,"Polyester Shell, 275 GSM, Grey Melange, Solid",2x2 Rib,"Hand wash only, dry flat in shade"
TP-WFX-3061,WFX-3061,"Organic Cotton, 219 GSM, Red, Solid",2x2 Rib,"Machine wash warm with like colors, line dry"
TP-WFX-3062,WFX-3062,"Denim 14oz, 349 GSM, Black, Solid",Dobby Weave,"Machine wash cold, tumble dry low, do not bleach"
TP-WFX-3063,WFX-3063,"Cotton Fleece, 293 GSM, Black, Printed",Twill Weave 3/1,"Hand wash only, dry flat in shade"
TP-WFX-3064,WFX-3064,"French Terry, 271 GSM, Black, Solid",Single Jersey,"Hand wash only, dry flat in shade"
TP-WFX-3065,WFX-3065,"Cotton/Linen 70/30, 118 GSM, Sky Blue, Solid",Plain Weave,Dry clean only
TP-WFX-3066,WFX-3066,"Polyester Pique, 183 GSM, Indigo, Printed",Interlock,"Machine wash cold gentle cycle, medium iron"
TP-WFX-3067,WFX-3067,"Nylon Ripstop, 237 GSM, Black, Solid",French Terry Loopback,"Machine wash cold gentle cycle, medium iron"
TP-WFX-3068,WFX-3068,"Cotton Canvas, 346 GSM, Maroon, Solid",French Terry Loopback,"Machine wash cold inside out, do not iron print"
TP-WFX-3069,WFX-3069,"Cotton Fleece, 283 GSM, Black, Solid",Satin Weave,"Hand wash only, dry flat in shade"
TP-WFX-3070,WFX-3070,"Loopback Cotton, 304 GSM, White, Solid",Twill Weave 3/1,Dry clean only
TP-WFX-3071,WFX-3071,"Cotton Fleece, 319 GSM, Off White, Solid",Satin Weave,Dry clean only
TP-WFX-3072,WFX-3072,"Chino Twill, 292 GSM, Mustard, Solid",Twill Weave 3/1,"Machine wash cold, tumble dry low, do not bleach"
TP-WFX-3073,WFX-3073,"Nylon Ripstop, 262 GSM, Charcoal, Solid",Pique Knit,"Machine wash cold inside out, do not iron print"
TP-WFX-3074,WFX-3074,"Denim 10oz, 258 GSM, Teal, Solid",Satin Weave,"Hand wash only, dry flat in shade"
TP-WFX-3075,WFX-3075,"Denim 12oz, 310 GSM, Pink, Solid",Pique Knit,Dry clean only
TP-WFX-3076,WFX-3076,"Cotton/Polyester 60/40, 216 GSM, Black, Solid",Dobby Weave,"Machine wash warm with like colors, line dry"
TP-WFX-3077,WFX-3077,"Nylon Ripstop, 171 GSM, Beige, Printed",Fleece Brushed,"Machine wash cold inside out, do not iron print"
TP-WFX-3078,WFX-3078,"100% Cotton, 187 GSM, Grey Melange, Solid",Satin Weave,"Hand wash only, dry flat in shade"
TP-WFX-3079,WFX-3079,"Polyester Shell, 307 GSM, Plum, Solid",Satin Weave,"Machine wash cold gentle cycle, medium iron"
TP-WFX-3080,WFX-3080,"Polyester Shell, 272 GSM, Red, Solid",Plain Weave,"Machine wash cold gentle cycle, medium iron"
TP-WFX-3081,WFX-3081,"French Terry, 347 GSM, Charcoal, Solid",Dobby Weave,"Machine wash cold, tumble dry low, do not bleach"
TP-WFX-3082,WFX-3082,"Cotton Twill, 213 GSM, Grey Melange, Printed",Interlock,"Machine wash cold, tumble dry low, do not bleach"
TP-WFX-3083,WFX-3083,"Denim 12oz, 356 GSM, Pink, Printed",Interlock,"Machine wash cold gentle cycle, medium iron"
TP-WFX-3084,WFX-3084,"Cotton Fleece, 281 GSM, Grey Melange, Solid",Single Jersey,Dry clean only
TP-WFX-3085,WFX-3085,"Cotton Twill, 280 GSM, Black, Solid",Satin Weave,"Machine wash cold, tumble dry low, do not bleach"
TP-WFX-3086,WFX-3086,"Chambray, 138 GSM, Grey Melange, Solid",French Terry Loopback,"Machine wash cold gentle cycle, medium iron"
TP-WFX-3087,WFX-3087,"Nylon Taslan, 329 GSM, Charcoal, Solid",Dobby Weave,Dry clean only
TP-WFX-3088,WFX-3088,"Loopback Cotton, 285 GSM, Olive, Solid",Interlock,"Machine wash cold gentle cycle, medium iron"
TP-WFX-3089,WFX-3089,"Stretch Denim 98/2, 459 GSM, Black, Solid",French Terry Loopback,Dry clean only
TP-WFX-3090,WFX-3090,"Rayon Challis, 118 GSM, Grey Melange, Solid",Dobby Weave,"Machine wash cold, tumble dry low, do not bleach"
TP-WFX-3091,WFX-3091,"Loopback Cotton, 322 GSM, Black, Printed",Plain Weave,"Machine wash cold inside out, do not iron print"
TP-WFX-3092,WFX-3092,"Nylon Ripstop, 237 GSM, Grey Melange, Solid",2x2 Rib,"Machine wash warm with like colors, line dry"
TP-WFX-3093,WFX-3093,"Loopback Cotton, 328 GSM, Black, Solid",French Terry Loopback,Dry clean only
TP-WFX-3094,WFX-3094,"Cotton/Linen 70/30, 114 GSM, Grey Melange, Solid",Satin Weave,"Machine wash cold, tumble dry low, do not bleach"
TP-WFX-3095,WFX-3095,"French Terry, 344 GSM, Charcoal, Solid",2x2 Rib,"Machine wash cold inside out, do not iron print"
TP-WFX-3096,WFX-3096,"Denim 14oz, 423 GSM, Black, Solid",Interlock,"Hand wash only, dry flat in shade"
TP-WFX-3097,WFX-3097,"Stretch Denim 98/2, 437 GSM, Grey Melange, Solid",French Terry Loopback,"Machine wash cold inside out, do not iron print"
TP-WFX-3098,WFX-3098,"Rayon Challis, 119 GSM, Red, Printed",Satin Weave,"Machine wash cold, tumble dry low, do not bleach"
TP-WFX-3099,WFX-3099,"Cotton Fleece, 300 GSM, Navy, Solid",Twill Weave 3/1,"Machine wash warm with like colors, line dry"
TP-WFX-3100,WFX-3100,"Cotton Twill, 218 GSM, Charcoal, Printed",Fleece Brushed,"Hand wash only, dry flat in shade"
TP-WFX-3101,WFX-3101,"Cotton Fleece, 370 GSM, Grey Melange, Solid",Plain Weave,"Machine wash cold gentle cycle, medium iron"
TP-WFX-3102,WFX-3102,"Cotton Slub, 220 GSM, Grey Melange, Solid",Plain Weave,"Hand wash only, dry flat in shade"
TP-WFX-3103,WFX-3103,"Cotton Fleece, 304 GSM, Coral, Solid",Satin Weave,"Machine wash cold gentle cycle, medium iron"
TP-WFX-3104,WFX-3104,"Cotton/Polyester 60/40, 141 GSM, Grey Melange, Printed",2x2 Rib,"Machine wash cold, tumble dry low, do not bleach"
TP-WFX-3105,WFX-3105,"Cotton/Polyester 60/40, 193 GSM, Grey Melange, Solid",Satin Weave,"Machine wash cold, tumble dry low, do not bleach"
TP-WFX-3106,WFX-3106,"Cotton Slub, 210 GSM, Off White, Solid",Single Jersey,"Machine wash cold, tumble dry low, do not bleach"
TP-WFX-3107,WFX-3107,"Oxford Cotton, 155 GSM, Charcoal, Solid",Pique Knit,"Hand wash only, dry flat in shade"
TP-WFX-3108,WFX-3108,"Polyester Pique, 210 GSM, Beige, Solid",Fleece Brushed,"Machine wash cold gentle cycle, medium iron"
TP-WFX-3109,WFX-3109,"Cotton/Linen 70/30, 143 GSM, Navy, Printed",Dobby Weave,"Hand wash only, dry flat in shade"
TP-WFX-3110,WFX-3110,"Cotton Fleece, 266 GSM, Pink, Solid",Twill Weave 3/1,"Machine wash warm with like colors, line dry"
TP-WFX-3111,WFX-3111,"Loopback Cotton, 305 GSM, Plum, Solid",Dobby Weave,"Machine wash cold inside out, do not iron print"
TP-WFX-3112,WFX-3112,"100% Cotton, 220 GSM, Black, Printed",2x2 Rib,Dry clean only
TP-WFX-3113,WFX-3113,"Denim 10oz, 150 GSM, Red, Solid",Satin Weave,"Machine wash warm with like colors, line dry"
TP-WFX-3114,WFX-3114,"Cotton/Spandex 95/5, 180 GSM, Blue, Solid",Dobby Weave,"Machine wash cold gentle cycle, medium iron"
TP-WFX-3115,WFX-3115,"Oxford Cotton, 126 GSM, Off White, Solid",Satin Weave,"Machine wash cold, tumble dry low, do not bleach"
TP-WFX-3116,WFX-3116,"Cotton Twill, 218 GSM, Plum, Solid",Dobby Weave,"Machine wash cold inside out, do not iron print"
TP-WFX-3117,WFX-3117,"French Terry, 241 GSM, Charcoal, Solid",Pique Knit,"Machine wash cold gentle cycle, medium iron"
TP-WFX-3118,WFX-3118,"Polyester Shell, 338 GSM, Black, Solid",Satin Weave,"Machine wash cold gentle cycle, medium iron"
TP-WFX-3119,WFX-3119,"Polyester Crepe, 133 GSM, Maroon, Solid",Pique Knit,"Machine wash cold inside out, do not iron print"
TP-WFX-3120,WFX-3120,"Nylon Taslan, 244 GSM, Black, Solid",Twill Weave 3/1,Dry clean only
TP-WFX-3121,WFX-3121,"Cotton/Polyester Fleece 80/20, 382 GSM, Rust, Solid",Pique Knit,"Machine wash cold inside out, do not iron print"
TP-WFX-3122,WFX-3122,"French Terry, 368 GSM, Pink, Solid",2x2 Rib,"Machine wash cold, tumble dry low, do not bleach"
TP-WFX-3123,WFX-3123,"Denim 12oz, 474 GSM, Charcoal, Solid",Pique Knit,Dry clean only
TP-WFX-3124,WFX-3124,"Cotton Poplin, 111 GSM, Navy, Solid",Interlock,"Machine wash cold gentle cycle, medium iron"
TP-WFX-3125,WFX-3125,"Cotton Pique, 234 GSM, Charcoal, Solid",Dobby Weave,"Machine wash cold inside out, do not iron print"
TP-WFX-3126,WFX-3126,"Cotton/Polyester Fleece 80/20, 317 GSM, Pink, Solid",Plain Weave,Dry clean only
TP-WFX-3127,WFX-3127,"Denim 12oz, 261 GSM, Grey Melange, Solid",Pique Knit,"Hand wash only, dry flat in shade"
TP-WFX-3128,WFX-3128,"Loopback Cotton, 293 GSM, Black, Printed",2x2 Rib,"Machine wash cold, tumble dry low, do not bleach"
TP-WFX-3129,WFX-3129,"Viscose, 118 GSM, Indigo, Solid",Interlock,"Machine wash cold, tumble dry low, do not bleach"
TP-WFX-3130,WFX-3130,"Cotton Pique, 182 GSM, Yellow, Solid",Satin Weave,"Machine wash cold, tumble dry low, do not bleach"
TP-WFX-3131,WFX-3131,"Cotton Poplin, 112 GSM, Grey Melange, Printed",Dobby Weave,"Machine wash warm with like colors, line dry"
TP-WFX-3132,WFX-3132,"Loopback Cotton, 315 GSM, Red, Printed",Single Jersey,Dry clean only
TP-WFX-3133,WFX-3133,"Polyester Crepe, 115 GSM, Red, Solid",Fleece Brushed,"Machine wash cold, tumble dry low, do not bleach"
TP-WFX-3134,WFX-3134,"French Terry, 242 GSM, Beige, Solid",Dobby Weave,"Machine wash cold inside out, do not iron print"
TP-WFX-3135,WFX-3135,"Cotton Twill, 230 GSM, Sky Blue, Solid",Single Jersey,"Machine wash cold gentle cycle, medium iron"
TP-WFX-3136,WFX-3136,"Polyester Crepe, 110 GSM, Black, Printed",Pique Knit,"Machine wash cold inside out, do not iron print"
TP-WFX-3137,WFX-3137,"Cotton/Polyester 60/40, 202 GSM, Blue, Solid",Twill Weave 3/1,"Machine wash warm with like colors, line dry"
TP-WFX-3138,WFX-3138,"Viscose, 143 GSM, Black, Solid",2x2 Rib,"Machine wash cold gentle cycle, medium iron"
TP-WFX-3139,WFX-3139,"French Terry, 271 GSM, Grey Melange, Solid",2x2 Rib,"Hand wash only, dry flat in shade"
TP-WFX-3140,WFX-3140,"Cotton/Polyester Fleece 80/20, 363 GSM, Charcoal, Solid",2x2 Rib,Dry clean only
TP-WFX-3141,WFX-3141,"Cotton Pique, 220 GSM, Yellow, Solid",2x2 Rib,"Machine wash cold gentle cycle, medium iron"
TP-WFX-3142,WFX-3142,"Cotton Twill, 214 GSM, Black, Solid",Satin Weave,"Hand wash only, dry flat in shade"
TP-WFX-3143,WFX-3143,"Cotton Slub, 181 GSM, Sky Blue, Solid",Single Jersey,"Hand wash only, dry flat in shade"
TP-WFX-3144,WFX-3144,"Poly/Viscose Suiting, 222 GSM, Charcoal, Solid",Interlock,"Machine wash warm with like colors, line dry"
TP-WFX-3145,WFX-3145,"Denim 14oz, 402 GSM, Charcoal, Solid",Single Jersey,"Machine wash cold gentle cycle, medium iron"
TP-WFX-3146,WFX-3146,"Denim 10oz, 150 GSM, Black, Solid",Dobby Weave,"Machine wash cold, tumble dry low, do not bleach"
TP-WFX-3147,WFX-3147,"Polyester Pique, 188 GSM, Navy, Solid",Interlock,"Machine wash cold inside out, do not iron print"
TP-WFX-3148,WFX-3148,"100% Cotton, 216 GSM, Beige, Solid",Dobby Weave,"Machine wash cold, tumble dry low, do not bleach"
TP-WFX-3149,WFX-3149,"Viscose, 171 GSM, Plum, Solid",Interlock,"Machine wash warm with like colors, line dry"
TP-WFX-3150,WFX-3150,"Viscose, 175 GSM, Black, Solid",Plain Weave,"Hand wash only, dry flat in shade"
TP-WFX-3151,WFX-3151,"French Terry, 345 GSM, Black, Solid",Pique Knit,"Machine wash cold, tumble dry low, do not bleach"
TP-WFX-3152,WFX-3152,"Organic Cotton, 218 GSM, Purple, Solid",Interlock,"Machine wash cold inside out, do not iron print"
TP-WFX-3153,WFX-3153,"Viscose, 162 GSM, Brown, Printed",Twill Weave 3/1,"Machine wash warm with like colors, line dry"
TP-WFX-3154,WFX-3154,"Rayon Challis, 141 GSM, Coral, Printed",Satin Weave,"Machine wash cold, tumble dry low, do not bleach"
TP-WFX-3155,WFX-3155,"Cotton/Linen 70/30, 124 GSM, Brown, Solid",French Terry Loopback,"Machine wash cold, tumble dry low, do not bleach"
TP-WFX-3156,WFX-3156,"Viscose, 189 GSM, Black, Solid",Satin Weave,"Machine wash cold, tumble dry low, do not bleach"
TP-WFX-3157,WFX-3157,"Cotton/Spandex 95/5, 188 GSM, Black, Solid",French Terry Loopback,"Machine wash cold gentle cycle, medium iron"
TP-WFX-3158,WFX-3158,"Cotton/Linen 70/30, 120 GSM, Off White, Solid",Interlock,"Machine wash warm with like colors, line dry"
TP-WFX-3159,WFX-3159,"Cotton Fleece, 332 GSM, Indigo, Solid",Satin Weave,"Machine wash cold inside out, do not iron print"
TP-WFX-3160,WFX-3160,"Cotton Pique, 226 GSM, Red, Solid",Twill Weave 3/1,"Machine wash cold gentle cycle, medium iron"
TP-WFX-3161,WFX-3161,"Polyester Pique, 237 GSM, Grey Melange, Solid",French Terry Loopback,"Machine wash warm with like colors, line dry"
TP-WFX-3162,WFX-3162,"Denim 14oz, 365 GSM, Charcoal, Solid",Pique Knit,"Hand wash only, dry flat in shade"
TP-WFX-3163,WFX-3163,"Cotton/Spandex 95/5, 198 GSM, White, Printed",Single Jersey,"Machine wash warm with like colors, line dry"
TP-WFX-3164,WFX-3164,"French Terry, 255 GSM, Grey Melange, Solid",Dobby Weave,"Machine wash cold gentle cycle, medium iron"
TP-WFX-3165,WFX-3165,"Polyester Crepe, 100 GSM, Black, Printed",Dobby Weave,"Machine wash cold, tumble dry low, do not bleach"
TP-WFX-3166,WFX-3166,"Linen, 154 GSM, Brown, Solid",Interlock,"Hand wash only, dry flat in shade"
TP-WFX-3167,WFX-3167,"Linen, 146 GSM, Sky Blue, Solid",Twill Weave 3/1,"Machine wash cold inside out, do not iron print"
TP-WFX-3168,WFX-3168,"Cotton Pique, 221 GSM, Charcoal, Solid",Dobby Weave,Dry clean only
TP-WFX-3169,WFX-3169,"100% Cotton, 201 GSM, Grey Melange, Solid",Fleece Brushed,"Machine wash cold, tumble dry low, do not bleach"
TP-WFX-3170,WFX-3170,"Cotton/Polyester Fleece 80/20, 344 GSM, Black, Printed",Pique Knit,Dry clean only
TP-WFX-3171,WFX-3171,"Chambray, 143 GSM, Off White, Solid",Plain Weave,"Machine wash cold, tumble dry low, do not bleach"
TP-WFX-3172,WFX-3172,"Nylon Taslan, 268 GSM, Black, Solid",2x2 Rib,Dry clean only
TP-WFX-3173,WFX-3173,"Cotton Fleece, 301 GSM, Charcoal, Solid",Single Jersey,Dry clean only
TP-WFX-3174,WFX-3174,"Nylon Ripstop, 247 GSM, Grey Melange, Solid",Single Jersey,Dry clean only
TP-WFX-3175,WFX-3175,"Cotton Fleece, 288 GSM, Maroon, Printed",Fleece Brushed,"Machine wash warm with like colors, line dry"
TP-WFX-3176,WFX-3176,"Polyester Pique, 221 GSM, Teal, Solid",2x2 Rib,"Hand wash only, dry flat in shade"
TP-WFX-3177,WFX-3177,"French Terry, 296 GSM, Sky Blue, Printed",Interlock,"Machine wash warm with like colors, line dry"
TP-WFX-3178,WFX-3178,"Cotton Fleece, 298 GSM, Grey Melange, Solid",Single Jersey,"Hand wash only, dry flat in shade"
TP-WFX-3179,WFX-3179,"Cotton Twill, 267 GSM, Charcoal, Printed",Pique Knit,"Machine wash warm with like colors, line dry"
TP-WFX-3180,WFX-3180,"Organic Cotton, 213 GSM, Olive, Solid",Interlock,"Machine wash cold gentle cycle, medium iron"
TP-WFX-3181,WFX-3181,"French Terry, 307 GSM, Grey Melange, Solid",Pique Knit,"Hand wash only, dry flat in shade"
TP-WFX-3182,WFX-3182,"Denim 14oz, 377 GSM, Grey Melange, Solid",Plain Weave,"Machine wash cold inside out, do not iron print"
TP-WFX-3183,WFX-3183,"Cotton Voile, 173 GSM, Charcoal, Printed",2x2 Rib,"Machine wash cold, tumble dry low, do not bleach"
TP-WFX-3184,WFX-3184,"Nylon Taslan, 255 GSM, Off White, Solid",Twill Weave 3/1,"Machine wash cold gentle cycle, medium iron"
TP-WFX-3185,WFX-3185,"Cotton Pique, 200 GSM, Navy, Solid",Fleece Brushed,"Machine wash cold gentle cycle, medium iron"
TP-WFX-3186,WFX-3186,"Cotton Twill, 150 GSM, Off White, Solid",Plain Weave,"Machine wash cold inside out, do not iron print"
TP-WFX-3187,WFX-3187,"Polyester Crepe, 217 GSM, Grey Melange, Solid",French Terry Loopback,"Machine wash cold inside out, do not iron print"
TP-WFX-3188,WFX-3188,"Organic Cotton, 189 GSM, Blush Pink, Solid",Fleece Brushed,"Machine wash cold inside out, do not iron print"
TP-WFX-3189,WFX-3189,"Cotton Fleece, 316 GSM, Brown, Solid",2x2 Rib,"Hand wash only, dry flat in shade"
TP-WFX-3190,WFX-3190,"Cotton Fleece, 386 GSM, Grey Melange, Printed",Pique Knit,"Machine wash warm with like colors, line dry"
TP-WFX-3191,WFX-3191,"French Terry, 376 GSM, Charcoal, Solid",Plain Weave,"Machine wash cold inside out, do not iron print"
TP-WFX-3192,WFX-3192,"Polyester Pique, 216 GSM, Grey Melange, Solid",Interlock,Dry clean only
TP-WFX-3193,WFX-3193,"Nylon Ripstop, 266 GSM, Teal, Solid",Dobby Weave,"Hand wash only, dry flat in shade"
TP-WFX-3194,WFX-3194,"Cotton Twill, 193 GSM, Grey Melange, Solid",Pique Knit,"Machine wash warm with like colors, line dry"
TP-WFX-3195,WFX-3195,"Cotton/Polyester 60/40, 202 GSM, Black, Printed",French Terry Loopback,"Machine wash cold inside out, do not iron print"
TP-WFX-3196,WFX-3196,"French Terry, 255 GSM, Off White, Printed",French Terry Loopback,"Machine wash cold inside out, do not iron print"
TP-WFX-3197,WFX-3197,"Linen, 173 GSM, Grey Melange, Solid",Dobby Weave,"Machine wash cold gentle cycle, medium iron"
TP-WFX-3198,WFX-3198,"Rayon Challis, 145 GSM, Off White, Solid",Plain Weave,"Hand wash only, dry flat in shade"
TP-WFX-3199,WFX-3199,"Nylon Ripstop, 227 GSM, Charcoal, Solid",Dobby Weave,"Machine wash cold, tumble dry low, do not bleach"
TP-WFX-3200,WFX-3200,"French Terry, 321 GSM, Off White, Solid",Dobby Weave,"Machine wash cold inside out, do not iron print"
TP-WFX-3201,WFX-3201,"French Terry, 354 GSM, Charcoal, Solid",Satin Weave,"Machine wash warm with like colors, line dry"
TP-WFX-3202,WFX-3202,"Cotton Canvas, 307 GSM, Charcoal, Solid",Dobby Weave,"Hand wash only, dry flat in shade"
TP-WFX-3203,WFX-3203,"Loopback Cotton, 318 GSM, Grey Melange, Solid",Twill Weave 3/1,"Machine wash cold gentle cycle, medium iron"
TP-WFX-3204,WFX-3204,"Denim 12oz, 255 GSM, Charcoal, Solid",Interlock,"Machine wash cold inside out, do not iron print"
TP-WFX-3205,WFX-3205,"French Terry, 355 GSM, Sky Blue, Solid",Pique Knit,"Machine wash cold, tumble dry low, do not bleach"
TP-WFX-3206,WFX-3206,"Denim 12oz, 360 GSM, Navy, Solid",Fleece Brushed,"Hand wash only, dry flat in shade"
TP-WFX-3207,WFX-3207,"Viscose, 125 GSM, Off White, Solid",Dobby Weave,"Machine wash cold inside out, do not iron print"
TP-WFX-3208,WFX-3208,"Loopback Cotton, 265 GSM, Off White, Printed",Plain Weave,Dry clean only
TP-WFX-3209,WFX-3209,"Denim 14oz, 347 GSM, Black, Solid",Fleece Brushed,"Hand wash only, dry flat in shade"
TP-WFX-3210,WFX-3210,"French Terry, 259 GSM, Sky Blue, Solid",Satin Weave,"Machine wash cold, tumble dry low, do not bleach"
TP-WFX-3211,WFX-3211,"Stretch Denim 98/2, 389 GSM, Black, Solid",Interlock,"Machine wash warm with like colors, line dry"
TP-WFX-3212,WFX-3212,"Nylon Ripstop, 249 GSM, Grey Melange, Solid",Twill Weave 3/1,"Machine wash cold inside out, do not iron print"
TP-WFX-3213,WFX-3213,"Polyester Shell, 351 GSM, Red, Solid",Pique Knit,"Hand wash only, dry flat in shade"
TP-WFX-3214,WFX-3214,"Cotton/Spandex 95/5, 228 GSM, Grey Melange, Solid",2x2 Rib,"Machine wash cold, tumble dry low, do not bleach"
TP-WFX-3215,WFX-3215,"Nylon Taslan, 318 GSM, Mustard, Printed",2x2 Rib,"Machine wash cold gentle cycle, medium iron"
TP-WFX-3216,WFX-3216,"Cotton Voile, 154 GSM, Maroon, Printed",Twill Weave 3/1,"Hand wash only, dry flat in shade"
TP-WFX-3217,WFX-3217,"Polyester Pique, 211 GSM, Navy, Solid",Pique Knit,"Hand wash only, dry flat in shade"
TP-WFX-3218,WFX-3218,"Cotton/Linen 70/30, 135 GSM, Grey Melange, Solid",Interlock,"Machine wash cold, tumble dry low, do not bleach"
TP-WFX-3219,WFX-3219,"Polyester Crepe, 165 GSM, Charcoal, Printed",Twill Weave 3/1,"Machine wash cold gentle cycle, medium iron"
TP-WFX-3220,WFX-3220,"Cotton Fleece, 358 GSM, Plum, Solid",Single Jersey,"Machine wash cold gentle cycle, medium iron"
TP-WFX-3221,WFX-3221,"Cotton/Linen 70/30, 142 GSM, Coral, Solid",Twill Weave 3/1,"Machine wash warm with like colors, line dry"
TP-WFX-3222,WFX-3222,"Cotton/Polyester 60/40, 220 GSM, Pink, Solid",French Terry Loopback,Dry clean only
TP-WFX-3223,WFX-3223,"Denim 12oz, 437 GSM, Charcoal, Solid",Twill Weave 3/1,"Machine wash warm with like colors, line dry"
TP-WFX-3224,WFX-3224,"Cotton Canvas, 271 GSM, Red, Solid",Fleece Brushed,"Machine wash cold, tumble dry low, do not bleach"
TP-WFX-3225,WFX-3225,"Denim 10oz, 252 GSM, Grey Melange, Printed",Satin Weave,"Hand wash only, dry flat in shade"
TP-WFX-3226,WFX-3226,"100% Cotton, 162 GSM, Beige, Solid",Dobby Weave,"Machine wash warm with like colors, line dry"
TP-WFX-3227,WFX-3227,"Oxford Cotton, 129 GSM, Grey Melange, Solid",Fleece Brushed,"Machine wash warm with like colors, line dry"
TP-WFX-3228,WFX-3228,"Cotton/Polyester 60/40, 204 GSM, Off White, Solid",Interlock,Dry clean only
TP-WFX-3229,WFX-3229,"Cotton Twill, 143 GSM, Black, Printed",Plain Weave,"Machine wash cold gentle cycle, medium iron"
TP-WFX-3230,WFX-3230,"Cotton Pique, 207 GSM, Grey Melange, Solid",Dobby Weave,"Machine wash cold gentle cycle, medium iron"
TP-WFX-3231,WFX-3231,"Linen, 147 GSM, Grey Melange, Solid",Interlock,Dry clean only
TP-WFX-3232,WFX-3232,"Cotton Fleece, 301 GSM, Black, Solid",Satin Weave,"Machine wash cold gentle cycle, medium iron"
TP-WFX-3233,WFX-3233,"Polyester Pique, 210 GSM, Maroon, Solid",Satin Weave,"Hand wash only, dry flat in shade"
TP-WFX-3234,WFX-3234,"Cotton/Spandex 95/5, 186 GSM, Navy, Printed",Twill Weave 3/1,"Machine wash warm with like colors, line dry"
TP-WFX-3235,WFX-3235,"Denim 14oz, 451 GSM, Charcoal, Solid",2x2 Rib,"Machine wash cold, tumble dry low, do not bleach"
TP-WFX-3236,WFX-3236,"Cotton Twill, 178 GSM, Red, Solid",French Terry Loopback,"Machine wash cold inside out, do not iron print"
TP-WFX-3237,WFX-3237,"Denim 12oz, 237 GSM, Lavender, Solid",Single Jersey,"Hand wash only, dry flat in shade"
TP-WFX-3238,WFX-3238,"Chambray, 129 GSM, Off White, Solid",Satin Weave,"Machine wash cold, tumble dry low, do not bleach"
TP-WFX-3239,WFX-3239,"Denim 14oz, 480 GSM, Charcoal, Solid",Interlock,"Machine wash cold inside out, do not iron print"
TP-WFX-3240,WFX-3240,"Polyester Crepe, 134 GSM, Lavender, Solid",Pique Knit,Dry clean only
TP-WFX-3241,WFX-3241,"Cotton/Linen 70/30, 119 GSM, Grey Melange, Solid",Twill Weave 3/1,Dry clean only
TP-WFX-3242,WFX-3242,"French Terry, 306 GSM, Black, Printed",Satin Weave,"Machine wash warm with like colors, line dry"
TP-WFX-3243,WFX-3243,"Loopback Cotton, 290 GSM, Charcoal, Solid",Dobby Weave,"Machine wash cold, tumble dry low, do not bleach"
TP-WFX-3244,WFX-3244,"Cotton Slub, 144 GSM, Forest Green, Printed",Plain Weave,"Machine wash cold, tumble dry low, do not bleach"
TP-WFX-3245,WFX-3245,"Polyester Pique, 211 GSM, Grey Melange, Solid",Dobby Weave,"Machine wash cold, tumble dry low, do not bleach"
TP-WFX-3246,WFX-3246,"Cotton/Spandex 95/5, 222 GSM, Off White, Solid",French Terry Loopback,"Hand wash only, dry flat in shade"
TP-WFX-3247,WFX-3247,"Polyester Pique, 222 GSM, Sky Blue, Solid",Pique Knit,"Machine wash cold inside out, do not iron print"
TP-WFX-3248,WFX-3248,"Denim 12oz, 420 GSM, Grey Melange, Solid",Single Jersey,Dry clean only
TP-WFX-3249,WFX-3249,"Cotton Pique, 186 GSM, Navy, Solid",Fleece Brushed,"Machine wash cold, tumble dry low, do not bleach"
TP-WFX-3250,WFX-3250,"Chambray, 133 GSM, Maroon, Solid",Twill Weave 3/1,"Machine wash cold gentle cycle, medium iron"
TP-WFX-3251,WFX-3251,"Viscose, 186 GSM, Black, Solid",Single Jersey,"Machine wash cold, tumble dry low, do not bleach"
TP-WFX-3252,WFX-3252,"Polyester Crepe, 210 GSM, Charcoal, Solid",French Terry Loopback,"Machine wash cold, tumble dry low, do not bleach"
TP-WFX-3253,WFX-3253,"Cotton/Linen 70/30, 110 GSM, Beige, Solid",Satin Weave,"Machine wash cold gentle cycle, medium iron"
TP-WFX-3254,WFX-3254,"Viscose, 250 GSM, Black, Solid",Plain Weave,"Hand wash only, dry flat in shade"
TP-WFX-3255,WFX-3255,"Cotton Pique, 232 GSM, Red, Solid",Twill Weave 3/1,"Hand wash only, dry flat in shade"
TP-WFX-3256,WFX-3256,"Polyester Shell, 286 GSM, Beige, Solid",Satin Weave,"Machine wash cold, tumble dry low, do not bleach"
TP-WFX-3257,WFX-3257,"Cotton Fleece, 362 GSM, Charcoal, Solid",Fleece Brushed,"Hand wash only, dry flat in shade"
TP-WFX-3258,WFX-3258,"French Terry, 319 GSM, Purple, Solid",French Terry Loopback,Dry clean only
TP-WFX-3259,WFX-3259,"Nylon Ripstop, 221 GSM, Grey Melange, Solid",Single Jersey,"Machine wash cold inside out, do not iron print"
TP-WFX-3260,WFX-3260,"Cotton Poplin, 136 GSM, Charcoal, Printed",Plain Weave,"Machine wash cold gentle cycle, medium iron"
TP-WFX-3261,WFX-3261,"French Terry, 242 GSM, Charcoal, Printed",French Terry Loopback,"Machine wash cold inside out, do not iron print"
TP-WFX-3262,WFX-3262,"Cotton Twill, 206 GSM, Charcoal, Solid",Interlock,"Hand wash only, dry flat in shade"
TP-WFX-3263,WFX-3263,"Chambray, 117 GSM, Off White, Solid",Dobby Weave,"Machine wash cold, tumble dry low, do not bleach"
TP-WFX-3264,WFX-3264,"Polyester Pique, 193 GSM, Plum, Solid",Single Jersey,"Machine wash warm with like colors, line dry"
TP-WFX-3265,WFX-3265,"Cotton Slub, 166 GSM, Charcoal, Solid",Single Jersey,"Machine wash cold, tumble dry low, do not bleach"
TP-WFX-3266,WFX-3266,"Cotton Slub, 158 GSM, Off White, Solid",Pique Knit,"Machine wash cold, tumble dry low, do not bleach"
TP-WFX-3267,WFX-3267,"French Terry, 367 GSM, Black, Solid",Twill Weave 3/1,"Machine wash cold gentle cycle, medium iron"
TP-WFX-3268,WFX-3268,"Cotton/Linen 70/30, 155 GSM, Plum, Solid",Satin Weave,"Machine wash warm with like colors, line dry"
TP-WFX-3269,WFX-3269,"French Terry, 320 GSM, Grey Melange, Solid",Pique Knit,"Machine wash cold, tumble dry low, do not bleach"
TP-WFX-3270,WFX-3270,"Denim 10oz, 178 GSM, White, Solid",2x2 Rib,"Machine wash cold gentle cycle, medium iron"
TP-WFX-3271,WFX-3271,"French Terry, 324 GSM, Olive, Solid",Twill Weave 3/1,Dry clean only
TP-WFX-3272,WFX-3272,"Cotton Pique, 196 GSM, Maroon, Solid",Single Jersey,"Machine wash cold gentle cycle, medium iron"
TP-WFX-3273,WFX-3273,"Chino Twill, 233 GSM, Charcoal, Solid",Single Jersey,"Hand wash only, dry flat in shade"
TP-WFX-3274,WFX-3274,"Loopback Cotton, 354 GSM, Purple, Solid",Single Jersey,"Machine wash cold, tumble dry low, do not bleach"
TP-WFX-3275,WFX-3275,"Cotton Twill, 166 GSM, Grey Melange, Solid",Single Jersey,"Hand wash only, dry flat in shade"
TP-WFX-3276,WFX-3276,"Denim 10oz, 145 GSM, Brown, Solid",Interlock,"Hand wash only, dry flat in shade"
TP-WFX-3277,WFX-3277,"French Terry, 270 GSM, Charcoal, Printed",Twill Weave 3/1,"Machine wash cold gentle cycle, medium iron"
TP-WFX-3278,WFX-3278,"Linen, 174 GSM, Charcoal, Printed",Dobby Weave,"Machine wash cold inside out, do not iron print"
TP-WFX-3279,WFX-3279,"Polyester Shell, 347 GSM, Pink, Solid",Plain Weave,"Machine wash cold gentle cycle, medium iron"
TP-WFX-3280,WFX-3280,"French Terry, 398 GSM, Charcoal, Printed",Pique Knit,"Machine wash warm with like colors, line dry"
TP-WFX-3281,WFX-3281,"Cotton Slub, 220 GSM, Charcoal, Solid",Dobby Weave,"Machine wash cold inside out, do not iron print"
TP-WFX-3282,WFX-3282,"Stretch Denim 98/2, 373 GSM, Charcoal, Solid",Interlock,"Machine wash warm with like colors, line dry"
TP-WFX-3283,WFX-3283,"Cotton Fleece, 337 GSM, Charcoal, Printed",Twill Weave 3/1,"Machine wash warm with like colors, line dry"
TP-WFX-3284,WFX-3284,"Viscose, 160 GSM, Navy, Solid",Dobby Weave,"Machine wash cold inside out, do not iron print"
TP-WFX-3285,WFX-3285,"Denim 10oz, 242 GSM, Charcoal, Solid",French Terry Loopback,"Machine wash cold gentle cycle, medium iron"
TP-WFX-3286,WFX-3286,"Nylon Ripstop, 225 GSM, Teal, Solid",Interlock,Dry clean only
TP-WFX-3287,WFX-3287,"Denim 10oz, 243 GSM, Off White, Solid",Fleece Brushed,"Machine wash warm with like colors, line dry"
TP-WFX-3288,WFX-3288,"Nylon Ripstop, 246 GSM, Grey Melange, Solid",Dobby Weave,"Machine wash cold inside out, do not iron print"
TP-WFX-3289,WFX-3289,"Nylon Ripstop, 170 GSM, Indigo, Solid",French Terry Loopback,"Hand wash only, dry flat in shade"
TP-WFX-3290,WFX-3290,"Polyester Crepe, 212 GSM, Grey Melange, Printed",Twill Weave 3/1,"Machine wash cold gentle cycle, medium iron"
TP-WFX-3291,WFX-3291,"Cotton Fleece, 339 GSM, Red, Solid",French Terry Loopback,"Machine wash warm with like colors, line dry"
TP-WFX-3292,WFX-3292,"Cotton Poplin, 157 GSM, Plum, Solid",Interlock,"Hand wash only, dry flat in shade"
TP-WFX-3293,WFX-3293,"French Terry, 198 GSM, Red, Printed",Plain Weave,"Machine wash cold gentle cycle, medium iron"
TP-WFX-3294,WFX-3294,"Cotton Twill, 227 GSM, Black, Solid",Interlock,"Hand wash only, dry flat in shade"
TP-WFX-3295,WFX-3295,"Cotton Twill, 190 GSM, Grey Melange, Solid",Fleece Brushed,"Machine wash warm with like colors, line dry"
TP-WFX-3296,WFX-3296,"Denim 12oz, 321 GSM, Indigo, Printed",2x2 Rib,"Machine wash cold gentle cycle, medium iron"
TP-WFX-3297,WFX-3297,"Polyester Pique, 192 GSM, Blue, Solid",Interlock,"Machine wash cold, tumble dry low, do not bleach"
TP-WFX-3298,WFX-3298,"Cotton Poplin, 129 GSM, Grey Melange, Solid",French Terry Loopback,"Machine wash cold, tumble dry low, do not bleach"
TP-WFX-3299,WFX-3299,"French Terry, 369 GSM, Charcoal, Solid",2x2 Rib,"Machine wash cold, tumble dry low, do not bleach"
TP-WFX-3300,WFX-3300,"Cotton Slub, 146 GSM, Off White, Solid",2x2 Rib,"Machine wash cold inside out, do not iron print"
TP-WFX-3301,WFX-3301,"Cotton Twill, 222 GSM, Plum, Solid",Satin Weave,"Machine wash warm with like colors, line dry"
TP-WFX-3302,WFX-3302,"Chambray, 111 GSM, Grey Melange, Printed",French Terry Loopback,"Machine wash cold, tumble dry low, do not bleach"
TP-WFX-3303,WFX-3303,"Cotton Canvas, 379 GSM, Grey Melange, Solid",Twill Weave 3/1,"Machine wash warm with like colors, line dry"
TP-WFX-3304,WFX-3304,"Polyester Pique, 192 GSM, Blue, Solid",Dobby Weave,Dry clean only
TP-WFX-3305,WFX-3305,"Denim 14oz, 439 GSM, Charcoal, Solid",Fleece Brushed,"Hand wash only, dry flat in shade"
TP-WFX-3306,WFX-3306,"Polyester Shell, 292 GSM, Charcoal, Solid",Plain Weave,"Machine wash cold gentle cycle, medium iron"
TP-WFX-3307,WFX-3307,"Linen, 162 GSM, Brown, Solid",French Terry Loopback,"Machine wash cold gentle cycle, medium iron"
TP-WFX-3308,WFX-3308,"Nylon Taslan, 311 GSM, Black, Printed",Pique Knit,Dry clean only
TP-WFX-3309,WFX-3309,"Cotton/Spandex 95/5, 187 GSM, Charcoal, Solid",Interlock,"Machine wash warm with like colors, line dry"
TP-WFX-3310,WFX-3310,"Cotton Pique, 229 GSM, Brown, Solid",2x2 Rib,"Hand wash only, dry flat in shade"
TP-WFX-3311,WFX-3311,"Denim 10oz, 247 GSM, Indigo, Printed",Satin Weave,"Machine wash cold inside out, do not iron print"
TP-WFX-3312,WFX-3312,"Cotton Fleece, 360 GSM, Grey Melange, Printed",Dobby Weave,Dry clean only
TP-WFX-3313,WFX-3313,"Nylon Taslan, 259 GSM, Navy, Solid",2x2 Rib,"Machine wash cold inside out, do not iron print"
TP-WFX-3314,WFX-3314,"Cotton Twill, 171 GSM, Black, Solid",2x2 Rib,"Machine wash cold, tumble dry low, do not bleach"
TP-WFX-3315,WFX-3315,"Organic Cotton, 193 GSM, Sky Blue, Solid",Plain Weave,"Machine wash cold inside out, do not iron print"
TP-WFX-3316,WFX-3316,"Cotton/Linen 70/30, 136 GSM, Grey Melange, Printed",Pique Knit,"Machine wash cold gentle cycle, medium iron"
TP-WFX-3317,WFX-3317,"Cotton Twill, 258 GSM, Black, Solid",Plain Weave,Dry clean only
TP-WFX-3318,WFX-3318,"Viscose, 195 GSM, Beige, Solid",Interlock,"Machine wash warm with like colors, line dry"
TP-WFX-3319,WFX-3319,"Poly/Viscose Suiting, 284 GSM, Charcoal, Printed",French Terry Loopback,"Machine wash cold, tumble dry low, do not bleach"
TP-WFX-3320,WFX-3320,"Cotton Twill, 235 GSM, Grey Melange, Solid",Interlock,"Machine wash warm with like colors, line dry"
TP-WFX-3321,WFX-3321,"French Terry, 239 GSM, Beige, Printed",Single Jersey,"Machine wash cold inside out, do not iron print"
TP-WFX-3322,WFX-3322,"Cotton Poplin, 112 GSM, Off White, Solid",Pique Knit,"Hand wash only, dry flat in shade"
TP-WFX-3323,WFX-3323,"100% Cotton, 205 GSM, Olive, Solid",Single Jersey,"Machine wash cold inside out, do not iron print"
TP-WFX-3324,WFX-3324,"Cotton Fleece, 386 GSM, Beige, Solid",Fleece Brushed,"Machine wash cold inside out, do not iron print"
TP-WFX-3325,WFX-3325,"Polyester Crepe, 155 GSM, Charcoal, Solid",Twill Weave 3/1,"Hand wash only, dry flat in shade"
TP-WFX-3326,WFX-3326,"Chino Twill, 243 GSM, Teal, Solid",Interlock,Dry clean only
TP-WFX-3327,WFX-3327,"Polyester Crepe, 225 GSM, Navy, Solid",Interlock,"Hand wash only, dry flat in shade"
TP-WFX-3328,WFX-3328,"Stretch Denim 98/2, 389 GSM, Grey Melange, Solid",Satin Weave,"Machine wash warm with like colors, line dry"
TP-WFX-3329,WFX-3329,"100% Cotton, 147 GSM, Black, Solid",Pique Knit,"Machine wash cold inside out, do not iron print"
TP-WFX-3330,WFX-3330,"Polyester Pique, 215 GSM, Charcoal, Printed",Fleece Brushed,"Machine wash cold inside out, do not iron print"
TP-WFX-3331,WFX-3331,"Denim 10oz, 233 GSM, Charcoal, Solid",Fleece Brushed,"Hand wash only, dry flat in shade"
TP-WFX-3332,WFX-3332,"Cotton Twill, 290 GSM, Black, Solid",Single Jersey,"Machine wash cold inside out, do not iron print"
TP-WFX-3333,WFX-3333,"Polyester Shell, 363 GSM, Charcoal, Solid",Plain Weave,"Hand wash only, dry flat in shade"
TP-WFX-3334,WFX-3334,"Organic Cotton, 145 GSM, Charcoal, Solid",Interlock,"Machine wash cold, tumble dry low, do not bleach"
TP-WFX-3335,WFX-3335,"French Terry, 278 GSM, Navy, Solid",Satin Weave,"Machine wash cold gentle cycle, medium iron"
TP-WFX-3336,WFX-3336,"French Terry, 342 GSM, Black, Solid",Satin Weave,"Machine wash warm with like colors, line dry"
TP-WFX-3337,WFX-3337,"French Terry, 337 GSM, Black, Printed",Plain Weave,"Machine wash warm with like colors, line dry"
TP-WFX-3338,WFX-3338,"Cotton Slub, 197 GSM, Off White, Solid",Satin Weave,"Machine wash warm with like colors, line dry"
TP-WFX-3339,WFX-3339,"Cotton/Linen 70/30, 131 GSM, Olive, Solid",Dobby Weave,"Hand wash only, dry flat in shade"
TP-WFX-3340,WFX-3340,"French Terry, 283 GSM, Charcoal, Printed",Fleece Brushed,Dry clean only
TP-WFX-3341,WFX-3341,"Chambray, 144 GSM, Charcoal, Printed",French Terry Loopback,Dry clean only
TP-WFX-3342,WFX-3342,"Denim 12oz, 370 GSM, Charcoal, Solid",Satin Weave,"Machine wash cold, tumble dry low, do not bleach"
TP-WFX-3343,WFX-3343,"Poly/Viscose Suiting, 256 GSM, Black, Solid",Single Jersey,"Machine wash cold gentle cycle, medium iron"
TP-WFX-3344,WFX-3344,"Cotton Voile, 155 GSM, Pink, Solid",2x2 Rib,"Machine wash cold, tumble dry low, do not bleach"
TP-WFX-3345,WFX-3345,"Viscose, 112 GSM, Teal, Printed",2x2 Rib,"Machine wash cold, tumble dry low, do not bleach"
TP-WFX-3346,WFX-3346,"Cotton/Polyester Fleece 80/20, 366 GSM, Off White, Solid",Single Jersey,"Machine wash cold, tumble dry low, do not bleach"
TP-WFX-3347,WFX-3347,"Cotton/Linen 70/30, 116 GSM, Off White, Solid",Dobby Weave,"Hand wash only, dry flat in shade"
TP-WFX-3348,WFX-3348,"Denim 12oz, 400 GSM, Black, Solid",2x2 Rib,"Machine wash cold, tumble dry low, do not bleach"
TP-WFX-3349,WFX-3349,"Cotton Slub, 210 GSM, Black, Solid",Fleece Brushed,"Machine wash cold, tumble dry low, do not bleach"
TP-WFX-3350,WFX-3350,"100% Cotton, 171 GSM, Navy, Printed",Plain Weave,"Machine wash warm with like colors, line dry"
TP-WFX-3351,WFX-3351,"Cotton/Polyester 60/40, 158 GSM, Black, Solid",Dobby Weave,"Machine wash cold gentle cycle, medium iron"
TP-WFX-3352,WFX-3352,"Nylon Taslan, 338 GSM, Black, Solid",Satin Weave,"Machine wash cold inside out, do not iron print"
TP-WFX-3353,WFX-3353,"Cotton/Spandex 95/5, 218 GSM, Charcoal, Solid",Satin Weave,"Machine wash cold, tumble dry low, do not bleach"
TP-WFX-3354,WFX-3354,"Viscose, 234 GSM, Black, Solid",2x2 Rib,"Machine wash cold gentle cycle, medium iron"
TP-WFX-3355,WFX-3355,"Cotton Canvas, 273 GSM, Navy, Printed",Plain Weave,"Machine wash cold inside out, do not iron print"
TP-WFX-3356,WFX-3356,"Organic Cotton, 171 GSM, Red, Solid",2x2 Rib,"Machine wash warm with like colors, line dry"
TP-WFX-3357,WFX-3357,"100% Cotton, 217 GSM, Pink, Solid",2x2 Rib,"Hand wash only, dry flat in shade"
TP-WFX-3358,WFX-3358,"Linen, 110 GSM, Black, Solid",Plain Weave,"Machine wash cold gentle cycle, medium iron"
TP-WFX-3359,WFX-3359,"Denim 12oz, 316 GSM, Black, Solid",Dobby Weave,"Hand wash only, dry flat in shade"
TP-WFX-3360,WFX-3360,"Polyester Crepe, 259 GSM, Grey Melange, Solid",Single Jersey,"Machine wash cold, tumble dry low, do not bleach"
TP-WFX-3361,WFX-3361,"Cotton Pique, 232 GSM, Sky Blue, Solid",Pique Knit,Dry clean only
TP-WFX-3362,WFX-3362,"Cotton Twill, 195 GSM, Sky Blue, Solid",Dobby Weave,"Machine wash cold inside out, do not iron print"
TP-WFX-3363,WFX-3363,"French Terry, 295 GSM, Grey Melange, Solid",Plain Weave,"Machine wash cold gentle cycle, medium iron"
TP-WFX-3364,WFX-3364,"Viscose, 116 GSM, Coral, Printed",2x2 Rib,"Machine wash warm with like colors, line dry"
TP-WFX-3365,WFX-3365,"Denim 12oz, 363 GSM, Charcoal, Solid",Twill Weave 3/1,"Machine wash cold gentle cycle, medium iron"
TP-WFX-3366,WFX-3366,"Cotton Canvas, 290 GSM, Brown, Solid",Interlock,"Machine wash warm with like colors, line dry"
TP-WFX-3367,WFX-3367,"Denim 12oz, 327 GSM, Grey Melange, Solid",Pique Knit,"Hand wash only, dry flat in shade"
TP-WFX-3368,WFX-3368,"Oxford Cotton, 154 GSM, Grey Melange, Solid",French Terry Loopback,"Machine wash warm with like colors, line dry"
TP-WFX-3369,WFX-3369,"French Terry, 340 GSM, Black, Solid",Single Jersey,"Machine wash cold gentle cycle, medium iron"
TP-WFX-3370,WFX-3370,"Cotton Pique, 210 GSM, Charcoal, Solid",French Terry Loopback,"Machine wash cold inside out, do not iron print"
TP-WFX-3371,WFX-3371,"Cotton Twill, 240 GSM, Sky Blue, Solid",Twill Weave 3/1,"Machine wash cold, tumble dry low, do not bleach"
TP-WFX-3372,WFX-3372,"Polyester Shell, 235 GSM, Black, Printed",Pique Knit,"Hand wash only, dry flat in shade"
TP-WFX-3373,WFX-3373,"Cotton Poplin, 145 GSM, Sky Blue, Solid",Interlock,"Machine wash warm with like colors, line dry"
TP-WFX-3374,WFX-3374,"Cotton Canvas, 318 GSM, Black, Printed",Single Jersey,Dry clean only
TP-WFX-3375,WFX-3375,"Loopback Cotton, 326 GSM, Grey Melange, Solid",Twill Weave 3/1,"Machine wash cold inside out, do not iron print"
TP-WFX-3376,WFX-3376,"French Terry, 345 GSM, Black, Solid",Dobby Weave,"Machine wash cold, tumble dry low, do not bleach"
TP-WFX-3377,WFX-3377,"Denim 12oz, 355 GSM, Grey Melange, Solid",French Terry Loopback,"Machine wash warm with like colors, line dry"
TP-WFX-3378,WFX-3378,"Cotton Twill, 220 GSM, Grey Melange, Solid",French Terry Loopback,"Machine wash cold, tumble dry low, do not bleach"
TP-WFX-3379,WFX-3379,"Stretch Denim 98/2, 353 GSM, Charcoal, Solid",Single Jersey,"Machine wash cold, tumble dry low, do not bleach"
TP-WFX-3380,WFX-3380,"Cotton Pique, 222 GSM, Sky Blue, Solid",Dobby Weave,"Machine wash cold gentle cycle, medium iron"
TP-WFX-3381,WFX-3381,"Cotton Slub, 182 GSM, Off White, Solid",Plain Weave,"Machine wash warm with like colors, line dry"
TP-WFX-3382,WFX-3382,"French Terry, 309 GSM, Red, Solid",Fleece Brushed,Dry clean only
TP-WFX-3383,WFX-3383,"Cotton Slub, 163 GSM, Maroon, Solid",Pique Knit,"Machine wash warm with like colors, line dry"
TP-WFX-3384,WFX-3384,"Cotton Pique, 198 GSM, Teal, Solid",Interlock,"Machine wash cold, tumble dry low, do not bleach"
TP-WFX-3385,WFX-3385,"Cotton Voile, 122 GSM, Indigo, Solid",Plain Weave,"Machine wash cold gentle cycle, medium iron"
TP-WFX-3386,WFX-3386,"Cotton Pique, 191 GSM, Navy, Solid",Twill Weave 3/1,"Machine wash cold inside out, do not iron print"
TP-WFX-3387,WFX-3387,"Linen, 123 GSM, Beige, Solid",French Terry Loopback,"Machine wash cold gentle cycle, medium iron"
TP-WFX-3388,WFX-3388,"100% Cotton, 158 GSM, Navy, Solid",Twill Weave 3/1,Dry clean only
TP-WFX-3389,WFX-3389,"Cotton Slub, 171 GSM, Mustard, Solid",Plain Weave,"Machine wash cold gentle cycle, medium iron"
TP-WFX-3390,WFX-3390,"Oxford Cotton, 113 GSM, Off White, Solid",French Terry Loopback,"Hand wash only, dry flat in shade"
TP-WFX-3391,WFX-3391,"Cotton Canvas, 377 GSM, Black, Solid",Twill Weave 3/1,"Machine wash cold inside out, do not iron print"
TP-WFX-3392,WFX-3392,"Viscose, 181 GSM, Olive, Printed",Single Jersey,"Hand wash only, dry flat in shade"
TP-WFX-3393,WFX-3393,"Denim 10oz, 221 GSM, Grey Melange, Solid",Plain Weave,"Machine wash cold gentle cycle, medium iron"
TP-WFX-3394,WFX-3394,"Cotton Fleece, 330 GSM, Black, Solid",Twill Weave 3/1,Dry clean only
TP-WFX-3395,WFX-3395,"Cotton Fleece, 270 GSM, Sky Blue, Solid",Dobby Weave,"Machine wash cold inside out, do not iron print"
TP-WFX-3396,WFX-3396,"Denim 14oz, 471 GSM, Charcoal, Solid",Interlock,"Hand wash only, dry flat in shade"
TP-WFX-3397,WFX-3397,"Cotton/Spandex 95/5, 197 GSM, Off White, Solid",Fleece Brushed,"Machine wash cold gentle cycle, medium iron"
TP-WFX-3398,WFX-3398,"Chino Twill, 264 GSM, Charcoal, Printed",Single Jersey,"Machine wash warm with like colors, line dry"
TP-WFX-3399,WFX-3399,"Cotton/Spandex 95/5, 182 GSM, Beige, Solid",Satin Weave,"Machine wash warm with like colors, line dry"
TP-WFX-3400,WFX-3400,"Cotton Pique, 225 GSM, Lavender, Solid",Pique Knit,"Hand wash only, dry flat in shade"
TP-WFX-3401,WFX-3401,"Organic Cotton, 184 GSM, Red, Solid",French Terry Loopback,"Machine wash cold, tumble dry low, do not bleach"
TP-WFX-3402,WFX-3402,"Cotton/Polyester Fleece 80/20, 309 GSM, Charcoal, Solid",2x2 Rib,Dry clean only
TP-WFX-3403,WFX-3403,"Cotton Fleece, 320 GSM, Charcoal, Solid",Satin Weave,"Hand wash only, dry flat in shade"
TP-WFX-3404,WFX-3404,"Nylon Taslan, 315 GSM, Grey Melange, Solid",2x2 Rib,"Machine wash cold gentle cycle, medium iron"
TP-WFX-3405,WFX-3405,"Linen, 124 GSM, Blue, Solid",Interlock,"Machine wash warm with like colors, line dry"
TP-WFX-3406,WFX-3406,"Cotton Fleece, 360 GSM, Black, Solid",Satin Weave,"Machine wash cold gentle cycle, medium iron"
TP-WFX-3407,WFX-3407,"Cotton Slub, 148 GSM, Teal, Solid",Interlock,"Hand wash only, dry flat in shade"
TP-WFX-3408,WFX-3408,"Denim 12oz, 385 GSM, Navy, Solid",Fleece Brushed,"Machine wash cold inside out, do not iron print"
TP-WFX-3409,WFX-3409,"Polyester Crepe, 136 GSM, Blue, Solid",Fleece Brushed,"Machine wash warm with like colors, line dry"
TP-WFX-3410,WFX-3410,"French Terry, 161 GSM, Pink, Solid",Plain Weave,"Machine wash cold gentle cycle, medium iron"
TP-WFX-3411,WFX-3411,"Denim 10oz, 201 GSM, Charcoal, Solid",Twill Weave 3/1,"Hand wash only, dry flat in shade"
TP-WFX-3412,WFX-3412,"Cotton Slub, 160 GSM, Black, Solid",Satin Weave,Dry clean only
TP-WFX-3413,WFX-3413,"Denim 12oz, 454 GSM, Black, Solid",Satin Weave,"Hand wash only, dry flat in shade"
TP-WFX-3414,WFX-3414,"Cotton/Spandex 95/5, 216 GSM, Red, Solid",Plain Weave,"Machine wash warm with like colors, line dry"
TP-WFX-3415,WFX-3415,"Cotton Fleece, 282 GSM, Black, Solid",Single Jersey,Dry clean only
TP-WFX-3416,WFX-3416,"Polyester Shell, 365 GSM, Off White, Solid",Fleece Brushed,"Machine wash cold gentle cycle, medium iron"
TP-WFX-3417,WFX-3417,"Cotton Poplin, 154 GSM, Grey Melange, Printed",Twill Weave 3/1,Dry clean only
TP-WFX-3418,WFX-3418,"Cotton Poplin, 142 GSM, Green, Solid",Interlock,"Machine wash cold inside out, do not iron print"
TP-WFX-3419,WFX-3419,"Cotton Slub, 143 GSM, Grey Melange, Solid",French Terry Loopback,Dry clean only
TP-WFX-3420,WFX-3420,"French Terry, 310 GSM, Red, Solid",Twill Weave 3/1,"Hand wash only, dry flat in shade"
TP-WFX-3421,WFX-3421,"Cotton Slub, 148 GSM, Pink, Solid",Interlock,"Machine wash cold, tumble dry low, do not bleach"
TP-WFX-3422,WFX-3422,"Cotton Fleece, 301 GSM, Black, Solid",French Terry Loopback,"Machine wash cold gentle cycle, medium iron"
TP-WFX-3423,WFX-3423,"French Terry, 345 GSM, Forest Green, Solid",Pique Knit,"Machine wash cold inside out, do not iron print"
TP-WFX-3424,WFX-3424,"Denim 12oz, 476 GSM, Indigo, Solid",Pique Knit,Dry clean only
TP-WFX-3425,WFX-3425,"Loopback Cotton, 266 GSM, Grey Melange, Solid",Plain Weave,Dry clean only
TP-WFX-3426,WFX-3426,"Rayon Challis, 111 GSM, Charcoal, Solid",Fleece Brushed,"Machine wash cold gentle cycle, medium iron"
TP-WFX-3427,WFX-3427,"Denim 12oz, 382 GSM, Black, Solid",Pique Knit,"Hand wash only, dry flat in shade"
TP-WFX-3428,WFX-3428,"Poly/Viscose Suiting, 280 GSM, Off White, Solid",French Terry Loopback,"Hand wash only, dry flat in shade"
TP-WFX-3429,WFX-3429,"French Terry, 273 GSM, Red, Solid",Interlock,"Hand wash only, dry flat in shade"
TP-WFX-3430,WFX-3430,"Cotton/Polyester 60/40, 198 GSM, Orange, Solid",Single Jersey,"Machine wash cold inside out, do not iron print"
TP-WFX-3431,WFX-3431,"Denim 12oz, 445 GSM, Grey Melange, Solid",Single Jersey,"Machine wash warm with like colors, line dry"
TP-WFX-3432,WFX-3432,"French Terry, 321 GSM, Navy, Solid",Plain Weave,Dry clean only
TP-WFX-3433,WFX-3433,"Polyester Crepe, 248 GSM, Grey Melange, Printed",Interlock,"Machine wash cold, tumble dry low, do not bleach"
TP-WFX-3434,WFX-3434,"Stretch Denim 98/2, 399 GSM, Charcoal, Solid",French Terry Loopback,"Hand wash only, dry flat in shade"
TP-WFX-3435,WFX-3435,"Cotton Fleece, 374 GSM, Charcoal, Solid",Single Jersey,"Machine wash cold inside out, do not iron print"
TP-WFX-3436,WFX-3436,"Cotton/Spandex 95/5, 192 GSM, Teal, Solid",Twill Weave 3/1,"Machine wash cold gentle cycle, medium iron"
TP-WFX-3437,WFX-3437,"Linen, 130 GSM, Charcoal, Printed",Single Jersey,"Machine wash cold, tumble dry low, do not bleach"
TP-WFX-3438,WFX-3438,"Cotton Fleece, 302 GSM, Grey Melange, Solid",Plain Weave,"Machine wash warm with like colors, line dry"
TP-WFX-3439,WFX-3439,"Chambray, 130 GSM, Beige, Solid",Twill Weave 3/1,"Hand wash only, dry flat in shade"
TP-WFX-3440,WFX-3440,"French Terry, 298 GSM, Blush Pink, Solid",Fleece Brushed,"Machine wash cold gentle cycle, medium iron"
TP-WFX-3441,WFX-3441,"Denim 14oz, 459 GSM, Sky Blue, Solid",Fleece Brushed,"Machine wash warm with like colors, line dry"
TP-WFX-3442,WFX-3442,"Cotton/Polyester Fleece 80/20, 353 GSM, Beige, Solid",Interlock,"Machine wash cold gentle cycle, medium iron"
TP-WFX-3443,WFX-3443,"Polyester Crepe, 121 GSM, Charcoal, Solid",Plain Weave,"Machine wash warm with like colors, line dry"
TP-WFX-3444,WFX-3444,"Cotton Fleece, 377 GSM, Forest Green, Printed",2x2 Rib,"Machine wash cold inside out, do not iron print"
TP-WFX-3445,WFX-3445,"Loopback Cotton, 319 GSM, Brown, Solid",Dobby Weave,"Machine wash cold, tumble dry low, do not bleach"
TP-WFX-3446,WFX-3446,"Rayon Challis, 160 GSM, Plum, Printed",Plain Weave,"Machine wash warm with like colors, line dry"
TP-WFX-3447,WFX-3447,"Cotton/Spandex 95/5, 240 GSM, Brown, Solid",Single Jersey,"Machine wash cold inside out, do not iron print"
TP-WFX-3448,WFX-3448,"Nylon Taslan, 251 GSM, Grey Melange, Printed",Twill Weave 3/1,"Machine wash warm with like colors, line dry"
TP-WFX-3449,WFX-3449,"Cotton Fleece, 348 GSM, Grey Melange, Printed",Satin Weave,"Machine wash cold inside out, do not iron print"
TP-WFX-3450,WFX-3450,"Cotton Fleece, 397 GSM, Plum, Solid",Satin Weave,"Machine wash cold, tumble dry low, do not bleach"
TP-WFX-3451,WFX-3451,"Viscose, 172 GSM, Grey Melange, Solid",Plain Weave,"Hand wash only, dry flat in shade"
TP-WFX-3452,WFX-3452,"Cotton Fleece, 351 GSM, Black, Solid",Dobby Weave,"Hand wash only, dry flat in shade"
TP-WFX-3453,WFX-3453,"Cotton/Spandex 95/5, 196 GSM, Grey Melange, Solid",Pique Knit,Dry clean only
TP-WFX-3454,WFX-3454,"100% Cotton, 153 GSM, Sky Blue, Solid",Satin Weave,"Machine wash cold gentle cycle, medium iron"
TP-WFX-3455,WFX-3455,"French Terry, 319 GSM, Black, Printed",Twill Weave 3/1,Dry clean only
TP-WFX-3456,WFX-3456,"Denim 10oz, 223 GSM, Black, Solid",Pique Knit,"Machine wash cold gentle cycle, medium iron"
TP-WFX-3457,WFX-3457,"Denim 10oz, 163 GSM, Black, Solid",2x2 Rib,"Hand wash only, dry flat in shade"
TP-WFX-3458,WFX-3458,"Cotton Fleece, 283 GSM, Grey Melange, Solid",Pique Knit,"Machine wash cold inside out, do not iron print"
TP-WFX-3459,WFX-3459,"Linen, 115 GSM, Brown, Solid",Fleece Brushed,"Machine wash warm with like colors, line dry"
TP-WFX-3460,WFX-3460,"Cotton Fleece, 357 GSM, Grey Melange, Printed",Plain Weave,"Hand wash only, dry flat in shade"
TP-WFX-3461,WFX-3461,"Chambray, 160 GSM, Grey Melange, Solid",Interlock,"Hand wash only, dry flat in shade"
TP-WFX-3462,WFX-3462,"Cotton/Polyester Fleece 80/20, 327 GSM, Off White, Solid",Dobby Weave,"Machine wash cold gentle cycle, medium iron"
TP-WFX-3463,WFX-3463,"Polyester Pique, 183 GSM, Charcoal, Printed",French Terry Loopback,Dry clean only
TP-WFX-3464,WFX-3464,"100% Cotton, 217 GSM, Grey Melange, Solid",Pique Knit,"Machine wash cold inside out, do not iron print"
TP-WFX-3465,WFX-3465,"Cotton Canvas, 268 GSM, Charcoal, Solid",Satin Weave,"Machine wash cold, tumble dry low, do not bleach"
TP-WFX-3466,WFX-3466,"Cotton Canvas, 279 GSM, Brown, Solid",Pique Knit,Dry clean only
TP-WFX-3467,WFX-3467,"French Terry, 269 GSM, Grey Melange, Solid",French Terry Loopback,"Machine wash cold gentle cycle, medium iron"
TP-WFX-3468,WFX-3468,"Rayon Challis, 163 GSM, Blush Pink, Solid",Twill Weave 3/1,Dry clean only
TP-WFX-3469,WFX-3469,"Cotton Poplin, 140 GSM, Sky Blue, Solid",Twill Weave 3/1,"Machine wash cold inside out, do not iron print"
TP-WFX-3470,WFX-3470,"Cotton Fleece, 263 GSM, Charcoal, Solid",Twill Weave 3/1,"Machine wash cold inside out, do not iron print"
TP-WFX-3471,WFX-3471,"Cotton Fleece, 275 GSM, Beige, Solid",French Terry Loopback,"Machine wash cold inside out, do not iron print"
TP-WFX-3472,WFX-3472,"Polyester Shell, 367 GSM, Sky Blue, Solid",Satin Weave,"Machine wash cold inside out, do not iron print"
TP-WFX-3473,WFX-3473,"Rayon Challis, 128 GSM, Indigo, Solid",Single Jersey,Dry clean only
TP-WFX-3474,WFX-3474,"Denim 12oz, 252 GSM, Charcoal, Solid",Single Jersey,"Machine wash cold inside out, do not iron print"
TP-WFX-3475,WFX-3475,"French Terry, 228 GSM, Charcoal, Printed",Interlock,"Machine wash warm with like colors, line dry"
TP-WFX-3476,WFX-3476,"100% Cotton, 190 GSM, Grey Melange, Solid",Dobby Weave,"Hand wash only, dry flat in shade"
TP-WFX-3477,WFX-3477,"French Terry, 218 GSM, Black, Solid",2x2 Rib,Dry clean only
TP-WFX-3478,WFX-3478,"Stretch Denim 98/2, 371 GSM, Charcoal, Solid",Fleece Brushed,"Hand wash only, dry flat in shade"
TP-WFX-3479,WFX-3479,"Polyester Crepe, 107 GSM, Black, Solid",Pique Knit,Dry clean only
TP-WFX-3480,WFX-3480,"Cotton/Spandex 95/5, 226 GSM, Charcoal, Solid",Fleece Brushed,Dry clean only
TP-WFX-3481,WFX-3481,"Polyester Crepe, 160 GSM, Charcoal, Solid",Plain Weave,"Machine wash cold, tumble dry low, do not bleach"
TP-WFX-3482,WFX-3482,"Linen, 150 GSM, Red, Solid",Satin Weave,"Machine wash warm with like colors, line dry"
TP-WFX-3483,WFX-3483,"French Terry, 177 GSM, Grey Melange, Solid",Satin Weave,"Machine wash cold gentle cycle, medium iron"
TP-WFX-3484,WFX-3484,"Polyester Crepe, 232 GSM, Black, Solid",Single Jersey,"Machine wash cold inside out, do not iron print"
TP-WFX-3485,WFX-3485,"Cotton Twill, 205 GSM, Maroon, Solid",Fleece Brushed,"Machine wash cold inside out, do not iron print"
TP-WFX-3486,WFX-3486,"Cotton Fleece, 352 GSM, Black, Solid",Single Jersey,"Machine wash cold, tumble dry low, do not bleach"
TP-WFX-3487,WFX-3487,"French Terry, 255 GSM, Charcoal, Solid",Single Jersey,"Hand wash only, dry flat in shade"
TP-WFX-3488,WFX-3488,"Organic Cotton, 220 GSM, Charcoal, Printed",Interlock,"Hand wash only, dry flat in shade"
TP-WFX-3489,WFX-3489,"Polyester Pique, 222 GSM, Olive, Solid",Dobby Weave,"Machine wash cold, tumble dry low, do not bleach"
TP-WFX-3490,WFX-3490,"Chambray, 121 GSM, Navy, Solid",Plain Weave,Dry clean only
TP-WFX-3491,WFX-3491,"Organic Cotton, 148 GSM, Grey Melange, Solid",French Terry Loopback,"Machine wash cold gentle cycle, medium iron"
TP-WFX-3492,WFX-3492,"Chambray, 144 GSM, Charcoal, Solid",Twill Weave 3/1,"Machine wash cold, tumble dry low, do not bleach"
TP-WFX-3493,WFX-3493,"Rayon Challis, 176 GSM, Forest Green, Solid",Interlock,"Machine wash cold gentle cycle, medium iron"
TP-WFX-3494,WFX-3494,"Viscose, 223 GSM, Maroon, Printed",Dobby Weave,"Machine wash cold gentle cycle, medium iron"
TP-WFX-3495,WFX-3495,"Linen, 121 GSM, Charcoal, Solid",Fleece Brushed,"Machine wash cold gentle cycle, medium iron"
TP-WFX-3496,WFX-3496,"Poly/Viscose Suiting, 300 GSM, Grey Melange, Solid",Single Jersey,"Machine wash cold gentle cycle, medium iron"
TP-WFX-3497,WFX-3497,"Viscose, 228 GSM, Black, Solid",2x2 Rib,Dry clean only
TP-WFX-3498,WFX-3498,"Cotton Twill, 177 GSM, Black, Solid",Pique Knit,Dry clean only
TP-WFX-3499,WFX-3499,"French Terry, 312 GSM, Off White, Printed",French Terry Loopback,"Machine wash warm with like colors, line dry"
TP-WFX-3500,WFX-3500,"French Terry, 214 GSM, Grey Melange, Solid",2x2 Rib,"Machine wash cold gentle cycle, medium iron"
